{"type":"FeatureCollection","crs":{"type":"name","properties":{"name":"urn:ogc:def:crs:OGC:1.3:CRS84"}},"features":[{"type":"Feature","properties":{"name":"Andaman and Nicobar","id":"andaman-and-nicobar"},"geometry":{"type":"MultiPolygon","coordinates":[[[[93.7877,6.8526],[93.7877,6.8526]]],[[[93.7196,7.2075],[93.711,7.217],[93.7072,7.2286],[93.7161,7.2194],[93.7196,7.2075]]],[[[93.8481,7.2403],[93.8431,7.2292],[93.8481,7.2161],[93.8603,7.2169],[93.8719,7.2122],[93.8804,7.2035],[93.8818,7.1914],[93.8825,7.1794],[93.8841,7.1671],[93.8866,7.1551],[93.8867,7.1425],[93.8843,7.1298],[93.8908,7.1197],[93.8872,7.1081],[93.8878,7.0953],[93.8899,7.083],[93.9008,7.0778],[93.9064,7.0667],[93.9113,7.055],[93.9159,7.0437],[93.9167,7.0308],[93.9287,7.0272],[93.935,7.0164],[93.9455,7.0094],[93.9468,6.9971],[93.9347,7],[93.9285,7.0107],[93.9167,7.0053],[93.916,6.9933],[93.9267,6.9878],[93.9281,6.9756],[93.9347,6.965],[93.9447,6.958],[93.9339,6.9525],[93.9217,6.9503],[93.9172,6.9381],[93.9094,6.9278],[93.9156,6.9171],[93.9106,6.9056],[93.8985,6.904],[93.8965,6.8917],[93.9017,6.8803],[93.8969,6.8692],[93.8942,6.8575],[93.8942,6.8453],[93.9056,6.8402],[93.9078,6.8276],[93.9027,6.816],[93.8967,6.8054],[93.8871,6.7969],[93.8769,6.8047],[93.8688,6.8137],[93.8562,6.8157],[93.848,6.8058],[93.8483,6.7933],[93.8475,6.7813],[93.84,6.7716],[93.8367,6.7597],[93.8248,6.755],[93.8126,6.7591],[93.804,6.7679],[93.8117,6.7772],[93.8086,6.7897],[93.8092,6.8028],[93.8158,6.8136],[93.8036,6.8122],[93.796,6.822],[93.7866,6.831],[93.7883,6.8431],[93.7903,6.8553],[93.7782,6.8587],[93.7753,6.8708],[93.7797,6.882],[93.7739,6.8931],[93.7671,6.903],[93.7658,6.915],[93.7542,6.9069],[93.7469,6.9167],[93.742,6.928],[93.7517,6.9353],[93.7497,6.9478],[93.7464,6.9594],[93.735,6.9639],[93.7331,6.9758],[93.7272,6.9867],[93.7175,6.9938],[93.7053,6.9904],[93.705,7.0025],[93.6981,7.0124],[93.6869,7.0178],[93.6758,7.0111],[93.6657,7.0039],[93.67,7.0156],[93.6697,7.0281],[93.6678,7.04],[93.6666,7.0525],[93.6686,7.0652],[93.6672,7.0775],[93.6601,7.0872],[93.6572,7.099],[93.6689,7.1069],[93.6581,7.1122],[93.6558,7.1247],[93.6656,7.1319],[93.6753,7.1394],[93.6782,7.1512],[93.6743,7.1634],[93.6731,7.1756],[93.6836,7.1835],[93.6925,7.1917],[93.7047,7.1906],[93.7167,7.1908],[93.7281,7.1869],[93.7397,7.1925],[93.7486,7.2013],[93.7558,7.2114],[93.7682,7.2077],[93.7797,7.2122],[93.7922,7.2126],[93.8019,7.2048],[93.8116,7.2133],[93.8087,7.225],[93.8162,7.2344],[93.8278,7.2378],[93.8394,7.2411],[93.8481,7.2403]]],[[[93.8487,7.2899],[93.8487,7.2899]]],[[[93.6637,7.384],[93.6637,7.384]]],[[[93.7686,7.4022],[93.7686,7.4022]]],[[[93.6894,7.4097],[93.695,7.3989],[93.6836,7.4036],[93.6894,7.4097]]],[[[93.7131,7.4436],[93.7192,7.4319],[93.7219,7.42],[93.7214,7.4075],[93.7261,7.3958],[93.7361,7.3889],[93.7467,7.3825],[93.7565,7.3744],[93.7553,7.3622],[93.7475,7.3508],[93.7392,7.3419],[93.7358,7.3303],[93.7289,7.32],[93.7233,7.3083],[93.7117,7.305],[93.7022,7.2972],[93.6914,7.2917],[93.6808,7.2853],[93.675,7.2747],[93.6703,7.2628],[93.6617,7.2536],[93.6529,7.2444],[93.6406,7.2497],[93.635,7.2614],[93.6325,7.2733],[93.6342,7.2858],[93.6306,7.2978],[93.6217,7.3069],[93.6303,7.3158],[93.6367,7.3264],[93.6325,7.3378],[93.6322,7.35],[93.6314,7.3625],[93.6367,7.3736],[93.6481,7.3689],[93.6578,7.3761],[93.6717,7.3736],[93.6814,7.3808],[93.6906,7.39],[93.7036,7.3928],[93.7058,7.4047],[93.7087,7.4169],[93.7069,7.4292],[93.7047,7.4411],[93.7131,7.4436]]],[[[93.6478,7.4767],[93.6478,7.4767]]],[[[93.6345,7.4778],[93.6345,7.4778]]],[[[93.5436,7.525],[93.5489,7.5142],[93.5408,7.5231],[93.5436,7.525]]],[[[93.3416,7.9065],[93.3416,7.9065]]],[[[93.3396,7.9111],[93.3396,7.9111]]],[[[93.38,8.0247],[93.3908,8.0194],[93.4028,8.0122],[93.4042,8],[93.4036,7.9872],[93.4028,7.9745],[93.4108,7.965],[93.4217,7.9597],[93.4328,7.965],[93.4392,7.9547],[93.4483,7.9464],[93.4578,7.9389],[93.4653,7.9294],[93.4658,7.9172],[93.4697,7.9058],[93.4742,7.8944],[93.47,7.8825],[93.4617,7.8722],[93.4517,7.8797],[93.4472,7.8914],[93.4389,7.9003],[93.4278,7.9056],[93.4156,7.9064],[93.4017,7.9031],[93.3933,7.8944],[93.3839,7.8861],[93.3719,7.8842],[93.36,7.8879],[93.3497,7.8944],[93.3442,7.9053],[93.3433,7.9175],[93.3508,7.9294],[93.3564,7.9406],[93.3444,7.9406],[93.3331,7.935],[93.3303,7.9233],[93.32,7.9306],[93.3183,7.9425],[93.3119,7.9528],[93.3139,7.9649],[93.3231,7.9744],[93.3231,7.9897],[93.3261,8.0014],[93.3351,8.0108],[93.3464,8.0156],[93.3561,8.0083],[93.3667,8.0153],[93.3761,8.0228],[93.38,8.0247]]],[[[93.5473,8.0281],[93.5592,8.025],[93.5667,8.0156],[93.5742,8.0056],[93.58,7.9947],[93.5808,7.9811],[93.5821,7.9688],[93.5803,7.9564],[93.5811,7.9444],[93.5778,7.9328],[93.5661,7.9356],[93.5572,7.9444],[93.5472,7.9517],[93.5381,7.96],[93.5283,7.9672],[93.5183,7.9739],[93.5089,7.9839],[93.5067,7.9961],[93.5189,7.9936],[93.5269,8.0031],[93.5303,8.0156],[93.5425,8.015],[93.5458,8.0031],[93.5485,8.0151],[93.5447,8.0267],[93.5473,8.0281]]],[[[93.5786,8.1253],[93.5861,8.1142],[93.5902,8.1021],[93.5908,8.0897],[93.5925,8.0778],[93.5914,8.0658],[93.5986,8.0553],[93.5989,8.0419],[93.5869,8.0458],[93.5798,8.056],[93.5722,8.0656],[93.5815,8.0735],[93.5769,8.0848],[93.5694,8.0947],[93.5733,8.1067],[93.5639,8.1144],[93.5717,8.1236],[93.5786,8.1253]]],[[[93.5265,8.2313],[93.5386,8.2289],[93.5456,8.2172],[93.5461,8.2044],[93.5417,8.1922],[93.5358,8.1817],[93.5272,8.1733],[93.5342,8.1835],[93.5242,8.1758],[93.5138,8.1698],[93.5119,8.1578],[93.5039,8.1487],[93.5111,8.1389],[93.5193,8.1283],[93.5258,8.1172],[93.5314,8.1064],[93.5367,8.095],[93.5483,8.0883],[93.5506,8.0764],[93.5508,8.0639],[93.5492,8.0514],[93.5494,8.0389],[93.5381,8.0436],[93.5278,8.0372],[93.5158,8.0342],[93.5063,8.0249],[93.5067,8.0128],[93.5061,8.0007],[93.4939,7.9992],[93.4886,8.01],[93.4856,8.0219],[93.4853,8.035],[93.4897,8.0467],[93.4994,8.0394],[93.5078,8.0483],[93.5092,8.0606],[93.5142,8.0494],[93.5256,8.0533],[93.5294,8.065],[93.5286,8.0778],[93.5175,8.0825],[93.5086,8.0731],[93.4997,8.065],[93.4944,8.0539],[93.4844,8.0608],[93.4839,8.0733],[93.4806,8.085],[93.4742,8.0953],[93.4672,8.1053],[93.4661,8.1173],[93.46,8.1278],[93.4647,8.1394],[93.4556,8.1483],[93.4556,8.1606],[93.4544,8.1728],[93.4653,8.18],[93.4771,8.1852],[93.4853,8.1956],[93.4917,8.2058],[93.4914,8.2183],[93.5024,8.2253],[93.514,8.2286],[93.5258,8.2316],[93.5265,8.2313]]],[[[93.2353,8.2656],[93.2417,8.255],[93.2472,8.2442],[93.2506,8.2326],[93.2431,8.2228],[93.2331,8.2303],[93.2237,8.2383],[93.2205,8.2503],[93.2265,8.2611],[93.2353,8.2656]]],[[[93.1263,8.3559],[93.1361,8.3486],[93.1411,8.3375],[93.1394,8.3256],[93.1331,8.3153],[93.1327,8.3033],[93.13,8.2911],[93.1258,8.2797],[93.1305,8.2686],[93.138,8.2589],[93.1481,8.25],[93.1566,8.2414],[93.1681,8.2367],[93.1787,8.2302],[93.1903,8.2267],[93.1997,8.2186],[93.2039,8.2058],[93.1994,8.1939],[93.1872,8.1931],[93.1764,8.1986],[93.1644,8.2006],[93.1533,8.2066],[93.1422,8.2133],[93.1294,8.2194],[93.1186,8.2256],[93.1103,8.2344],[93.1029,8.2441],[93.0969,8.2558],[93.0899,8.2658],[93.0847,8.277],[93.0844,8.2895],[93.085,8.3021],[93.0887,8.314],[93.0942,8.3247],[93.0942,8.3372],[93.1025,8.3469],[93.1147,8.3486],[93.1255,8.3553],[93.1263,8.3559]]],[[[93.6525,8.3944],[93.6525,8.3944]]],[[[93.6349,8.3946],[93.6349,8.3946]]],[[[93.0439,8.4733],[93.0535,8.4644],[93.0564,8.45],[93.0525,8.4386],[93.04,8.4431],[93.0347,8.4556],[93.0389,8.4669],[93.0439,8.4733]]],[[[93.6119,8.4845],[93.6119,8.4845]]],[[[93.616,8.5736],[93.6206,8.5622],[93.6191,8.5502],[93.6219,8.5378],[93.6272,8.5267],[93.6342,8.5167],[93.6323,8.5047],[93.6377,8.492],[93.6391,8.4799],[93.6424,8.4674],[93.6303,8.4697],[93.6256,8.4581],[93.6239,8.4461],[93.6272,8.433],[93.6229,8.4216],[93.6185,8.4328],[93.6192,8.4456],[93.6197,8.4589],[93.6225,8.4708],[93.625,8.4828],[93.6251,8.4951],[93.6252,8.5073],[93.6228,8.5191],[93.6185,8.5304],[93.6125,8.5411],[93.6097,8.5528],[93.6137,8.5644],[93.616,8.5736]]],[[[93.6094,8.5817],[93.6094,8.5817]]],[[[92.8592,8.8201],[92.8528,8.8306],[92.8625,8.8229],[92.8592,8.8201]]],[[[92.7933,9.1189],[92.7933,9.1189]]],[[[92.8042,9.1208],[92.8042,9.1208]]],[[[92.8142,9.1269],[92.8142,9.1269]]],[[[92.7878,9.2442],[92.7973,9.2356],[92.8075,9.2253],[92.8167,9.2167],[92.8217,9.2053],[92.8544,9.2092],[92.8255,9.1921],[92.8255,9.1799],[92.831,9.169],[92.8302,9.1568],[92.8287,9.1448],[92.82,9.1364],[92.8122,9.1268],[92.802,9.1203],[92.7896,9.119],[92.7774,9.1211],[92.7663,9.126],[92.7537,9.1254],[92.7412,9.1238],[92.7283,9.1278],[92.7241,9.1396],[92.7192,9.1508],[92.7187,9.1628],[92.7209,9.1754],[92.7201,9.1876],[92.7206,9.1997],[92.7206,9.2117],[92.73,9.2194],[92.7419,9.2167],[92.755,9.215],[92.7672,9.2156],[92.7711,9.2272],[92.7733,9.2394],[92.7764,9.2511],[92.7875,9.245],[92.7878,9.2442]]],[[[92.5158,10.8976],[92.5264,10.8914],[92.5294,10.8797],[92.5289,10.8669],[92.5311,10.8792],[92.5431,10.8764],[92.5528,10.8692],[92.5597,10.8592],[92.5565,10.8453],[92.5606,10.8328],[92.5611,10.8208],[92.5644,10.8078],[92.5739,10.8003],[92.5819,10.7913],[92.5881,10.7794],[92.5856,10.7675],[92.5836,10.7556],[92.5828,10.7425],[92.5883,10.7317],[92.5897,10.7189],[92.5959,10.708],[92.5974,10.6952],[92.5976,10.6831],[92.5861,10.6794],[92.5764,10.6722],[92.5782,10.66],[92.5692,10.6517],[92.5594,10.6442],[92.5503,10.6347],[92.5442,10.6242],[92.54,10.6128],[92.5408,10.6006],[92.5489,10.5917],[92.5605,10.5881],[92.5694,10.5789],[92.5614,10.5675],[92.5541,10.5571],[92.545,10.5478],[92.5408,10.536],[92.5344,10.5256],[92.5257,10.517],[92.5144,10.5122],[92.5008,10.5109],[92.4892,10.5158],[92.4783,10.5214],[92.4681,10.5291],[92.4589,10.5383],[92.4478,10.544],[92.4361,10.5478],[92.4231,10.5487],[92.4133,10.5406],[92.4044,10.5325],[92.3911,10.5308],[92.3814,10.5389],[92.3894,10.5483],[92.3933,10.5601],[92.3997,10.5708],[92.4075,10.58],[92.41,10.5919],[92.4131,10.6047],[92.4206,10.6147],[92.4174,10.6274],[92.4128,10.6386],[92.4072,10.6497],[92.4002,10.6601],[92.3891,10.6657],[92.3825,10.676],[92.3808,10.69],[92.3806,10.7022],[92.3807,10.7151],[92.3808,10.7272],[92.3779,10.7389],[92.3783,10.7511],[92.3811,10.7633],[92.3759,10.7745],[92.3808,10.7875],[92.3917,10.7814],[92.3933,10.7692],[92.3971,10.7808],[92.4089,10.7858],[92.4183,10.7953],[92.4222,10.8067],[92.4271,10.8178],[92.4374,10.8249],[92.445,10.8342],[92.4563,10.8385],[92.46,10.8506],[92.4586,10.8631],[92.4697,10.8686],[92.4831,10.8753],[92.4894,10.8856],[92.5004,10.8908],[92.5083,10.8797],[92.5081,10.8917],[92.5158,10.8976]]],[[[92.6089,10.9386],[92.6192,10.9324],[92.6064,10.9342],[92.6089,10.9386]]],[[[92.2267,10.9823],[92.2193,10.9724],[92.226,10.9824],[92.2267,10.9823]]],[[[92.6634,10.9818],[92.6634,10.9818]]],[[[92.7257,11.1442],[92.7257,11.1442]]],[[[92.7319,11.1497],[92.7319,11.1497]]],[[[92.6769,11.1836],[92.6769,11.1836]]],[[[92.706,11.2892],[92.7059,11.2766],[92.7058,11.2642],[92.6972,11.2544],[92.6928,11.2428],[92.6922,11.2558],[92.695,11.2678],[92.6928,11.2797],[92.7017,11.2883],[92.706,11.2892]]],[[[92.7005,11.3114],[92.7113,11.3047],[92.6992,11.3083],[92.7005,11.3114]]],[[[92.7231,11.3164],[92.7144,11.3081],[92.7139,11.3203],[92.72,11.3319],[92.7234,11.32],[92.7231,11.3164]]],[[[92.5483,11.393],[92.5483,11.393]]],[[[92.5576,11.3909],[92.5576,11.3909]]],[[[92.6735,11.4875],[92.6735,11.4875]]],[[[92.6105,11.5041],[92.6105,11.5041]]],[[[92.6444,11.513],[92.6444,11.513]]],[[[92.6415,11.5101],[92.6479,11.4998],[92.658,11.4925],[92.6692,11.4876],[92.673,11.476],[92.6761,11.4643],[92.6798,11.4528],[92.6845,11.4417],[92.6814,11.43],[92.6745,11.4201],[92.6645,11.4134],[92.6528,11.4094],[92.6626,11.4022],[92.6744,11.3991],[92.6829,11.3902],[92.6905,11.3802],[92.6876,11.3684],[92.6768,11.3624],[92.6653,11.3579],[92.6532,11.3572],[92.6423,11.3513],[92.6301,11.3492],[92.618,11.3491],[92.6052,11.3461],[92.5936,11.3495],[92.5861,11.359],[92.5815,11.3703],[92.5911,11.3776],[92.5907,11.3898],[92.5968,11.4003],[92.6092,11.4017],[92.6212,11.4036],[92.6241,11.4156],[92.6241,11.4276],[92.6235,11.4397],[92.6162,11.4495],[92.6117,11.4609],[92.6136,11.473],[92.6163,11.4851],[92.6206,11.4966],[92.628,11.5061],[92.635,11.5164],[92.6415,11.5101]]],[[[92.2718,11.516],[92.2718,11.516]]],[[[92.6047,11.5346],[92.6065,11.5224],[92.601,11.5332],[92.6047,11.5346]]],[[[92.5604,11.538],[92.5678,11.5281],[92.563,11.5167],[92.5556,11.5267],[92.5525,11.5387],[92.5604,11.538]]],[[[92.628,11.5422],[92.628,11.5422]]],[[[92.61,11.5589],[92.6202,11.5518],[92.618,11.5399],[92.606,11.5424],[92.6019,11.5538],[92.61,11.5589]]],[[[92.5745,11.5626],[92.5745,11.5626]]],[[[92.5675,11.5708],[92.5675,11.5708]]],[[[92.5972,11.5417],[92.5884,11.5335],[92.5858,11.5456],[92.588,11.5575],[92.588,11.5695],[92.5973,11.5613],[92.5972,11.5493],[92.5972,11.5417]]],[[[92.5783,11.5818],[92.5783,11.5818]]],[[[92.611,11.5883],[92.6184,11.5784],[92.6171,11.5661],[92.6058,11.5706],[92.6013,11.582],[92.611,11.5883]]],[[[92.2189,11.5923],[92.2304,11.5873],[92.2415,11.5921],[92.2535,11.5903],[92.2654,11.5874],[92.2708,11.5764],[92.2696,11.5644],[92.2696,11.5523],[92.2736,11.5409],[92.2716,11.5288],[92.2638,11.5195],[92.2527,11.525],[92.2402,11.5255],[92.2284,11.5279],[92.2162,11.5286],[92.2113,11.54],[92.2082,11.5518],[92.2114,11.564],[92.2142,11.5757],[92.208,11.586],[92.2175,11.5946],[92.2189,11.5923]]],[[[92.5398,11.6033],[92.5451,11.5924],[92.5572,11.5914],[92.5693,11.5897],[92.5622,11.58],[92.5574,11.5688],[92.5486,11.5604],[92.5364,11.5596],[92.5326,11.571],[92.5352,11.583],[92.532,11.5951],[92.5374,11.6059],[92.5398,11.6033]]],[[[92.6996,11.6645],[92.6996,11.6645]]],[[[92.7623,11.6697],[92.7623,11.6697]]],[[[92.725,11.6891],[92.725,11.6891]]],[[[92.5509,11.7212],[92.5509,11.7212]]],[[[93.083,11.7797],[93.083,11.7797]]],[[[93.0208,11.8433],[93.0325,11.8367],[93.044,11.8414],[93.0559,11.8439],[93.0678,11.842],[93.0689,11.8296],[93.0631,11.8187],[93.0528,11.8125],[93.0415,11.8168],[93.0312,11.823],[93.0203,11.8297],[93.0122,11.8386],[93.0208,11.8433]]],[[[92.5969,11.9053],[92.5969,11.9175],[92.5969,11.9053]]],[[[92.5657,11.9498],[92.5657,11.9498]]],[[[92.7324,11.9542],[92.7289,11.9426],[92.7237,11.9535],[92.7324,11.9542]]],[[[92.7431,11.9645],[92.7431,11.9645]]],[[[92.7501,11.9683],[92.7625,11.9669],[92.767,11.9554],[92.7566,11.9492],[92.7451,11.945],[92.7362,11.9532],[92.7438,11.9628],[92.7501,11.9683]]],[[[92.5961,11.9761],[92.6033,11.9661],[92.605,11.9542],[92.6094,11.9428],[92.6017,11.9311],[92.5964,11.9419],[92.5969,11.9539],[92.5956,11.9664],[92.5961,11.9761]]],[[[92.5828,11.976],[92.5828,11.976]]],[[[92.776,12.0177],[92.776,12.0177]]],[[[92.9695,12.0337],[92.9786,12.042],[92.9899,12.0367],[93.0011,12.0308],[93.0089,12.02],[93.0078,12.0078],[93.0096,11.9956],[93.0147,11.9844],[93.0203,11.9737],[93.0256,11.9629],[93.0285,11.9511],[93.0381,11.9436],[93.0429,11.9325],[93.0472,11.9211],[93.0492,11.9091],[93.0542,11.8979],[93.0486,11.8872],[93.0376,11.8817],[93.0267,11.8872],[93.0223,11.8986],[93.0174,11.9097],[93.0106,11.92],[93.0036,11.9306],[92.9955,11.9395],[92.9911,11.9511],[92.9799,11.9467],[92.97,11.9541],[92.966,11.9656],[92.9615,11.9768],[92.9518,11.9842],[92.9398,11.986],[92.93,11.993],[92.9304,12.0051],[92.9423,12.0073],[92.9514,12.0155],[92.9584,12.0256],[92.9629,12.0369],[92.9644,12.0492],[92.9677,12.0371],[92.9695,12.0337]]],[[[92.9698,12.064],[92.9698,12.064]]],[[[92.9914,12.1089],[93.0031,12.105],[93.0025,12.0928],[93.0008,12.0808],[93.0007,12.0685],[92.9997,12.0564],[92.9966,12.0447],[92.985,12.0494],[92.9767,12.0584],[92.9693,12.0679],[92.9609,12.0765],[92.9685,12.0859],[92.9617,12.0965],[92.965,12.1081],[92.9762,12.1028],[92.9865,12.1092],[92.9914,12.1089]]],[[[92.9939,12.1099],[92.9939,12.1099]]],[[[92.7429,12.115],[92.7429,12.115]]],[[[92.9486,12.1158],[92.9559,12.1061],[92.955,12.094],[92.9494,12.1048],[92.9486,12.1158]]],[[[92.6288,12.1125],[92.6288,12.1125]]],[[[92.6306,12.1179],[92.6306,12.1179]]],[[[93.0979,12.1372],[93.0979,12.1372]]],[[[93.1205,12.1483],[93.1203,12.1363],[93.1094,12.1425],[93.12,12.1483],[93.1205,12.1483]]],[[[92.8458,12.1476],[92.8458,12.1476]]],[[[93.0278,12.1569],[93.0283,12.1444],[93.0311,12.1319],[93.0331,12.12],[93.0328,12.1078],[93.0383,12.095],[93.0464,12.0842],[93.0511,12.0725],[93.0533,12.0606],[93.0482,12.0489],[93.0367,12.0542],[93.0292,12.0658],[93.0186,12.0722],[93.007,12.0758],[93.0072,12.0897],[93.0086,12.1017],[93.0006,12.1108],[92.9881,12.1131],[92.9761,12.1138],[92.9652,12.1199],[92.9599,12.1312],[92.9557,12.1429],[92.9655,12.1503],[92.9774,12.1483],[92.9891,12.1442],[92.9947,12.1331],[93.0003,12.1222],[93.0025,12.1345],[93.0067,12.1461],[93.0161,12.1539],[93.0233,12.1636],[93.0278,12.1569]]],[[[92.759,12.1813],[92.7603,12.1691],[92.7565,12.1808],[92.759,12.1813]]],[[[92.7203,12.1804],[92.7203,12.1804]]],[[[92.7314,12.1876],[92.7314,12.1876]]],[[[93.0686,12.2113],[93.077,12.2027],[93.0855,12.1938],[93.0869,12.1816],[93.0892,12.1691],[93.085,12.1575],[93.0935,12.1487],[93.0922,12.1362],[93.0883,12.1239],[93.093,12.1128],[93.0905,12.1009],[93.0855,12.0898],[93.075,12.0839],[93.0675,12.0934],[93.061,12.1036],[93.0522,12.1119],[93.0566,12.1232],[93.0455,12.1281],[93.038,12.1382],[93.0411,12.1508],[93.0452,12.1622],[93.0497,12.1736],[93.0536,12.1855],[93.0591,12.1965],[93.0655,12.207],[93.0686,12.2113]]],[[[92.683,12.2149],[92.683,12.2149]]],[[[93.0199,12.2252],[93.0199,12.2252]]],[[[92.939,12.2239],[92.9382,12.2118],[92.9355,12.1998],[92.9259,12.207],[92.9273,12.2193],[92.938,12.2252],[92.939,12.2239]]],[[[92.7009,12.2356],[92.7066,12.2248],[92.7099,12.2129],[92.7086,12.2007],[92.7122,12.1892],[92.7054,12.1791],[92.7035,12.1668],[92.7121,12.1753],[92.724,12.1783],[92.7356,12.1822],[92.7469,12.1778],[92.7572,12.1706],[92.7557,12.1585],[92.7522,12.1468],[92.7483,12.1354],[92.7444,12.1239],[92.7386,12.113],[92.7363,12.1011],[92.7353,12.0888],[92.7395,12.0774],[92.7353,12.0661],[92.7455,12.0725],[92.7565,12.0675],[92.752,12.0563],[92.7631,12.0514],[92.775,12.0482],[92.7762,12.0361],[92.7786,12.0242],[92.7666,12.0255],[92.7546,12.0265],[92.7478,12.0364],[92.7368,12.0316],[92.7346,12.0197],[92.7469,12.0172],[92.7498,12.0054],[92.7611,12.0097],[92.7683,12],[92.7565,11.9966],[92.7446,11.9941],[92.7561,11.9891],[92.7505,11.9783],[92.7385,11.9783],[92.737,11.9904],[92.7265,11.9841],[92.7319,11.9728],[92.7242,11.963],[92.7174,11.9529],[92.718,11.9408],[92.7246,11.9306],[92.7242,11.9186],[92.7245,11.9062],[92.7256,11.894],[92.725,11.8819],[92.7258,11.8699],[92.7262,11.8579],[92.7222,11.8464],[92.7178,11.8351],[92.7133,11.8239],[92.7048,11.815],[92.6928,11.8147],[92.6816,11.8191],[92.6927,11.8136],[92.7051,11.8128],[92.7143,11.8213],[92.72,11.8322],[92.7259,11.8427],[92.7308,11.8542],[92.7313,11.8664],[92.7319,11.8787],[92.7325,11.8907],[92.7328,11.9027],[92.7367,11.9144],[92.7426,11.9251],[92.7532,11.9314],[92.763,11.9389],[92.775,11.9388],[92.7829,11.9295],[92.7879,11.9184],[92.7837,11.9065],[92.7798,11.8951],[92.7864,11.8847],[92.7869,11.8723],[92.7842,11.8606],[92.7806,11.849],[92.7785,11.8369],[92.7761,11.8251],[92.7747,11.8128],[92.7708,11.8014],[92.7711,11.7889],[92.7676,11.7772],[92.765,11.7651],[92.7658,11.7529],[92.7619,11.7415],[92.7592,11.7296],[92.7555,11.7181],[92.7565,11.7055],[92.7466,11.713],[92.7437,11.7009],[92.732,11.6976],[92.7205,11.7016],[92.7086,11.6995],[92.6964,11.7011],[92.7023,11.6906],[92.7014,11.6782],[92.6996,11.6663],[92.6876,11.6625],[92.6839,11.651],[92.6719,11.6536],[92.6678,11.6422],[92.6727,11.6311],[92.6842,11.6347],[92.6928,11.6261],[92.6939,11.6383],[92.6957,11.6502],[92.7069,11.6458],[92.717,11.6528],[92.7283,11.657],[92.7185,11.6642],[92.7156,11.6762],[92.7274,11.6801],[92.7395,11.6777],[92.7498,11.6713],[92.7558,11.6609],[92.7569,11.6488],[92.7472,11.6413],[92.7512,11.6298],[92.7547,11.6183],[92.7497,11.6071],[92.7433,11.5967],[92.744,11.5843],[92.7393,11.5731],[92.7328,11.5621],[92.7339,11.55],[92.7284,11.5387],[92.7236,11.5277],[92.7279,11.5162],[92.7202,11.5066],[92.7168,11.4946],[92.7126,11.4831],[92.7052,11.4928],[92.7,11.504],[92.6884,11.5079],[92.6764,11.51],[92.6651,11.5055],[92.6567,11.5141],[92.6472,11.5216],[92.645,11.5336],[92.6491,11.5457],[92.6439,11.5567],[92.6454,11.5689],[92.6366,11.5777],[92.627,11.5698],[92.6198,11.5796],[92.6133,11.5898],[92.6084,11.601],[92.6074,11.6131],[92.6161,11.6216],[92.6279,11.6258],[92.6346,11.6158],[92.644,11.624],[92.6444,11.6363],[92.6377,11.6464],[92.6323,11.6353],[92.6204,11.6326],[92.6084,11.634],[92.6043,11.6453],[92.5997,11.6564],[92.5936,11.667],[92.5984,11.6783],[92.5996,11.6905],[92.5944,11.7016],[92.5917,11.7133],[92.5799,11.7165],[92.5734,11.706],[92.568,11.6952],[92.5587,11.7032],[92.5548,11.7147],[92.5526,11.7266],[92.5536,11.7388],[92.5533,11.7509],[92.5529,11.7634],[92.5556,11.7751],[92.5532,11.7872],[92.5521,11.7993],[92.55,11.8113],[92.5409,11.8193],[92.5466,11.8299],[92.5377,11.8384],[92.5288,11.8303],[92.5177,11.8352],[92.5139,11.8469],[92.5186,11.8582],[92.5227,11.8697],[92.5265,11.8814],[92.5263,11.8934],[92.5361,11.9005],[92.5349,11.9125],[92.5422,11.9221],[92.5538,11.9254],[92.5603,11.936],[92.5712,11.9298],[92.5808,11.9225],[92.5829,11.9103],[92.585,11.8983],[92.5881,11.8866],[92.5932,11.8977],[92.6018,11.8887],[92.6017,11.8761],[92.6014,11.8638],[92.611,11.8713],[92.6106,11.8833],[92.6103,11.8959],[92.6106,11.9082],[92.6061,11.9194],[92.6094,11.9311],[92.6112,11.9432],[92.6091,11.9553],[92.6129,11.9667],[92.6126,11.9788],[92.6157,11.9906],[92.6133,12.0025],[92.6152,12.0147],[92.6206,12.0256],[92.6215,12.0381],[92.6213,12.0502],[92.6256,12.0619],[92.6197,12.0724],[92.6219,12.0842],[92.6231,12.0967],[92.6264,12.1084],[92.6334,12.1184],[92.6336,12.1306],[92.6364,12.1423],[92.6405,12.1538],[92.6428,12.1657],[92.6455,12.1776],[92.6514,12.1882],[92.6557,12.1998],[92.6603,12.2111],[92.6596,12.1991],[92.6553,12.1875],[92.6628,12.1972],[92.6698,12.2075],[92.6754,12.2186],[92.6775,12.2065],[92.6869,12.2143],[92.6863,12.2265],[92.6924,12.2372],[92.7009,12.2356]]],[[[92.7306,12.2425],[92.732,12.2302],[92.7312,12.2172],[92.7426,12.2211],[92.739,12.2333],[92.7501,12.2286],[92.7623,12.2294],[92.7626,12.213],[92.7678,12.2019],[92.7668,12.1894],[92.7551,12.183],[92.7429,12.1838],[92.7318,12.1885],[92.722,12.1955],[92.7243,12.2074],[92.7237,12.2194],[92.7226,12.2327],[92.7298,12.2425],[92.7306,12.2425]]],[[[92.8805,12.25],[92.8805,12.25]]],[[[92.8665,12.2356],[92.8621,12.2472],[92.8666,12.2359],[92.8665,12.2356]]],[[[92.6989,12.2448],[92.6989,12.2448]]],[[[92.9017,12.2558],[92.9083,12.2457],[92.9128,12.2343],[92.9024,12.2281],[92.8917,12.2339],[92.8847,12.2241],[92.8811,12.2124],[92.8745,12.2227],[92.8708,12.2342],[92.8717,12.2462],[92.8825,12.2405],[92.8873,12.2516],[92.8986,12.2558],[92.9017,12.2558]]],[[[93.0778,12.2619],[93.0853,12.2525],[93.0853,12.2403],[93.0964,12.245],[93.0997,12.2579],[93.1064,12.2442],[93.1014,12.2331],[93.1036,12.2206],[93.1036,12.2083],[93.0922,12.2128],[93.0864,12.2242],[93.0735,12.2255],[93.0628,12.2322],[93.0667,12.245],[93.0713,12.2564],[93.0778,12.2619]]],[[[92.9014,12.2622],[92.9014,12.2622]]],[[[92.7376,12.2713],[92.7376,12.2713]]],[[[93.0297,12.2802],[93.0297,12.2802]]],[[[92.7501,12.2877],[92.747,12.2757],[92.7448,12.2638],[92.7387,12.253],[92.739,12.2657],[92.7398,12.2786],[92.7485,12.2883],[92.7501,12.2877]]],[[[92.7371,12.2852],[92.7371,12.2852]]],[[[92.7667,12.2703],[92.755,12.2743],[92.7577,12.286],[92.7673,12.2786],[92.7667,12.2703]]],[[[92.7544,12.2947],[92.7544,12.2947]]],[[[92.7712,12.2949],[92.7712,12.2949]]],[[[92.8781,12.2936],[92.8781,12.2936]]],[[[92.7114,12.2961],[92.7234,12.2951],[92.7202,12.2833],[92.7183,12.2711],[92.7161,12.2589],[92.7128,12.2472],[92.7124,12.235],[92.7048,12.2444],[92.7037,12.2567],[92.7021,12.2688],[92.7039,12.281],[92.7041,12.2931],[92.7114,12.2961]]],[[[92.7659,12.2991],[92.7659,12.2991]]],[[[92.9414,12.2808],[92.9373,12.2691],[92.9303,12.2593],[92.929,12.2472],[92.9267,12.2352],[92.9185,12.244],[92.922,12.2555],[92.9174,12.2668],[92.908,12.2744],[92.9022,12.2853],[92.9116,12.2931],[92.9192,12.2837],[92.9305,12.2879],[92.93,12.3001],[92.9337,12.2874],[92.9414,12.2808]]],[[[92.7766,12.3103],[92.789,12.3088],[92.801,12.3076],[92.8125,12.3119],[92.8231,12.3061],[92.834,12.3003],[92.8461,12.3044],[92.8585,12.3052],[92.8697,12.3008],[92.8732,12.2891],[92.8856,12.2875],[92.8806,12.2764],[92.8827,12.2642],[92.8793,12.2525],[92.8669,12.2517],[92.8613,12.2409],[92.8679,12.2307],[92.8733,12.2196],[92.8736,12.2074],[92.882,12.1985],[92.8701,12.1964],[92.8589,12.2018],[92.8466,12.1977],[92.8552,12.189],[92.8511,12.1772],[92.85,12.165],[92.8379,12.166],[92.8258,12.166],[92.8217,12.1547],[92.8178,12.143],[92.8136,12.1314],[92.8117,12.1175],[92.8106,12.105],[92.7986,12.1086],[92.7883,12.1023],[92.7944,12.0919],[92.7885,12.0814],[92.7784,12.0749],[92.7683,12.0683],[92.7571,12.0737],[92.745,12.0755],[92.7394,12.0865],[92.7395,12.099],[92.7439,12.1102],[92.7472,12.122],[92.7508,12.1335],[92.7543,12.1453],[92.759,12.1566],[92.7617,12.1683],[92.7651,12.1801],[92.7669,12.1921],[92.7677,12.2042],[92.7654,12.2161],[92.7686,12.2282],[92.7581,12.2343],[92.7486,12.242],[92.7453,12.2537],[92.7483,12.2657],[92.7602,12.2673],[92.7714,12.2725],[92.7796,12.2818],[92.7748,12.2933],[92.7694,12.3041],[92.7766,12.3103]]],[[[93.0726,12.319],[93.0726,12.319]]],[[[93.8397,12.3208],[93.8577,12.2931],[93.8697,12.2936],[93.8761,12.2828],[93.8764,12.2708],[93.8759,12.2554],[93.8807,12.2366],[93.8681,12.2336],[93.8625,12.2658],[93.8617,12.2338],[93.8405,12.2369],[93.8521,12.2674],[93.8267,12.2449],[93.8155,12.2708],[93.8148,12.2853],[93.8187,12.3004],[93.8482,12.2856],[93.829,12.3123],[93.8397,12.3208]]],[[[92.9128,12.3317],[92.9128,12.3317]]],[[[92.9059,12.3385],[92.9059,12.3385]]],[[[92.9117,12.338],[92.9101,12.3501],[92.9117,12.338]]],[[[92.8969,12.3921],[92.8969,12.3921]]],[[[92.8529,12.4088],[92.8642,12.4044],[92.8759,12.4011],[92.8868,12.4074],[92.8938,12.3972],[92.885,12.3889],[92.8854,12.3768],[92.875,12.3835],[92.8634,12.3795],[92.8552,12.3885],[92.8447,12.3947],[92.8475,12.4064],[92.8529,12.4088]]],[[[92.8992,12.4075],[92.8992,12.4075]]],[[[92.8894,12.4129],[92.8894,12.4129]]],[[[92.8659,12.421],[92.8659,12.421]]],[[[92.9032,12.4202],[92.9032,12.4202]]],[[[92.8317,12.4268],[92.8422,12.4208],[92.83,12.4211],[92.8317,12.4268]]],[[[92.9554,12.4147],[92.9462,12.4067],[92.943,12.3948],[92.9425,12.3828],[92.9361,12.3724],[92.933,12.3606],[92.9215,12.3644],[92.9194,12.3763],[92.9268,12.3861],[92.9256,12.3982],[92.9283,12.41],[92.9353,12.4202],[92.947,12.4173],[92.9493,12.4291],[92.96,12.423],[92.9554,12.4147]]],[[[92.875,12.4451],[92.875,12.4451]]],[[[92.6795,12.5411],[92.6805,12.5289],[92.6689,12.5322],[92.676,12.542],[92.6795,12.5411]]],[[[92.7024,12.6379],[92.7024,12.6379]]],[[[92.7314,12.7031],[92.7314,12.7031]]],[[[92.7243,12.7367],[92.7243,12.7367]]],[[[92.7267,12.7514],[92.7267,12.7514]]],[[[92.6558,12.769],[92.6558,12.769]]],[[[92.7171,12.7748],[92.7171,12.7748]]],[[[92.725,12.7617],[92.7178,12.7714],[92.7178,12.7839],[92.7231,12.7731],[92.725,12.7617]]],[[[92.7162,12.7973],[92.7162,12.7973]]],[[[92.7168,12.8006],[92.7168,12.8006]]],[[[92.7176,12.8031],[92.7176,12.8031]]],[[[92.711,12.829],[92.7128,12.817],[92.7125,12.8049],[92.7133,12.7923],[92.7128,12.7802],[92.7172,12.769],[92.7231,12.7581],[92.7247,12.7458],[92.7183,12.7356],[92.7197,12.7236],[92.7082,12.7196],[92.7094,12.7319],[92.712,12.7438],[92.7113,12.7562],[92.7089,12.7684],[92.7064,12.7803],[92.6986,12.7896],[92.697,12.8016],[92.7017,12.813],[92.7069,12.824],[92.711,12.829]]],[[[92.7276,12.8365],[92.7276,12.8365]]],[[[92.7318,12.8564],[92.7318,12.8564]]],[[[92.7286,12.8644],[92.7256,12.8522],[92.7206,12.8411],[92.7111,12.8336],[92.7131,12.8456],[92.7175,12.8575],[92.7275,12.8653],[92.7286,12.8644]]],[[[92.7786,12.8648],[92.7786,12.8648]]],[[[92.7655,12.8547],[92.7619,12.8662],[92.7655,12.8547]]],[[[92.7596,12.8776],[92.7596,12.8776]]],[[[92.7856,12.8933],[92.7856,12.8933]]],[[[92.8937,12.8986],[92.8937,12.8986]]],[[[92.7551,12.9128],[92.757,12.9],[92.754,12.912],[92.7551,12.9128]]],[[[92.8648,12.9125],[92.8648,12.9125]]],[[[92.795,12.9113],[92.7989,12.8999],[92.7883,12.8938],[92.7793,12.902],[92.7857,12.9122],[92.795,12.9113]]],[[[92.9131,12.9173],[92.9131,12.9173]]],[[[92.7682,12.9175],[92.7682,12.9175]]],[[[92.9353,12.9181],[92.9353,12.9181]]],[[[92.767,12.9247],[92.767,12.9247]]],[[[92.8989,12.9158],[92.9093,12.9093],[92.9209,12.913],[92.9116,12.9048],[92.9081,12.893],[92.9183,12.8864],[92.9286,12.8801],[92.9286,12.868],[92.9329,12.8567],[92.939,12.8458],[92.9478,12.8369],[92.9446,12.8253],[92.9505,12.8143],[92.9533,12.8026],[92.9476,12.7919],[92.9386,12.7837],[92.9353,12.7721],[92.9476,12.7703],[92.9518,12.7586],[92.9625,12.7529],[92.9677,12.7418],[92.9647,12.73],[92.9707,12.7196],[92.9798,12.7112],[92.9679,12.7083],[92.963,12.6971],[92.9634,12.6849],[92.9631,12.6727],[92.9628,12.6602],[92.9594,12.6483],[92.9583,12.6363],[92.9572,12.6236],[92.9569,12.6114],[92.9572,12.5994],[92.9598,12.5876],[92.9622,12.5758],[92.9672,12.5646],[92.972,12.5534],[92.9755,12.5419],[92.9739,12.5297],[92.97,12.5183],[92.9655,12.5047],[92.9639,12.4927],[92.9517,12.4944],[92.9415,12.4874],[92.9318,12.4799],[92.9336,12.4672],[92.945,12.4715],[92.9568,12.4751],[92.9503,12.4647],[92.9445,12.454],[92.9345,12.4473],[92.9231,12.4426],[92.9203,12.4305],[92.9179,12.4182],[92.9151,12.4064],[92.9094,12.4173],[92.9022,12.4269],[92.8934,12.4351],[92.8836,12.4428],[92.8719,12.4472],[92.8616,12.4535],[92.8513,12.4607],[92.8439,12.4706],[92.8431,12.4828],[92.8362,12.4929],[92.8403,12.4816],[92.8436,12.4686],[92.8496,12.4581],[92.8597,12.4509],[92.8689,12.4428],[92.8809,12.4392],[92.8907,12.4317],[92.8972,12.4212],[92.885,12.4227],[92.8761,12.4142],[92.8677,12.4232],[92.8557,12.4227],[92.8439,12.4255],[92.8331,12.4308],[92.8217,12.435],[92.8096,12.4362],[92.7974,12.4378],[92.7975,12.45],[92.7989,12.4622],[92.7964,12.4503],[92.794,12.4385],[92.8063,12.438],[92.8173,12.4324],[92.8289,12.4289],[92.8329,12.4174],[92.8403,12.4076],[92.8386,12.3956],[92.8472,12.387],[92.8537,12.3764],[92.8587,12.3652],[92.87,12.3606],[92.8814,12.3563],[92.8899,12.3477],[92.8956,12.3369],[92.8858,12.3439],[92.8797,12.3335],[92.889,12.3253],[92.8805,12.3167],[92.8686,12.3138],[92.8566,12.3139],[92.846,12.3077],[92.8343,12.3039],[92.823,12.3086],[92.8122,12.3139],[92.8005,12.311],[92.7883,12.3122],[92.7763,12.3152],[92.7666,12.3074],[92.758,12.2989],[92.7459,12.2992],[92.7364,12.3069],[92.7248,12.3017],[92.7159,12.3101],[92.7073,12.3187],[92.7051,12.3305],[92.7008,12.3422],[92.7005,12.3544],[92.7003,12.3667],[92.7031,12.3784],[92.6978,12.3894],[92.6984,12.4015],[92.6992,12.4136],[92.6987,12.4257],[92.7031,12.4371],[92.7053,12.4491],[92.7028,12.4613],[92.7017,12.4736],[92.7041,12.4857],[92.7056,12.4979],[92.7016,12.5096],[92.6947,12.5195],[92.6997,12.5327],[92.701,12.5452],[92.708,12.5551],[92.705,12.5669],[92.7052,12.5796],[92.7064,12.5919],[92.6973,12.6],[92.6855,12.6024],[92.6858,12.6147],[92.6954,12.6075],[92.7067,12.6125],[92.7122,12.6234],[92.7149,12.6352],[92.7238,12.6267],[92.7314,12.6364],[92.7337,12.6484],[92.7391,12.6592],[92.7494,12.6657],[92.7613,12.6683],[92.7735,12.6697],[92.7792,12.6588],[92.7786,12.6464],[92.7773,12.6341],[92.7855,12.625],[92.7822,12.6367],[92.7804,12.649],[92.7841,12.6608],[92.7879,12.6727],[92.7864,12.6848],[92.7867,12.6972],[92.786,12.7093],[92.7848,12.6973],[92.7788,12.6865],[92.7719,12.6764],[92.7611,12.6711],[92.7493,12.6733],[92.7373,12.6723],[92.7358,12.6844],[92.7284,12.6939],[92.7392,12.6994],[92.7394,12.7114],[92.7458,12.7219],[92.7397,12.7325],[92.7321,12.7422],[92.7309,12.7543],[92.7264,12.7659],[92.7236,12.7776],[92.7211,12.7898],[92.7211,12.8021],[92.7219,12.8143],[92.7239,12.8264],[92.7352,12.822],[92.7398,12.8331],[92.7481,12.8419],[92.7585,12.8479],[92.7702,12.8452],[92.7729,12.8335],[92.7803,12.8238],[92.7817,12.8113],[92.7814,12.8236],[92.7739,12.8353],[92.7703,12.8469],[92.7702,12.8591],[92.7808,12.8533],[92.7894,12.8617],[92.7936,12.873],[92.7918,12.885],[92.7997,12.8947],[92.8115,12.8972],[92.8239,12.8955],[92.8301,12.8849],[92.8403,12.8913],[92.8404,12.8793],[92.8522,12.8769],[92.8641,12.8797],[92.8755,12.8836],[92.8785,12.8953],[92.8909,12.8956],[92.8981,12.9054],[92.8952,12.9174],[92.8989,12.9158]]],[[[92.7742,12.9311],[92.7737,12.9186],[92.7712,12.9306],[92.7742,12.9311]]],[[[92.877,12.9321],[92.8862,12.9241],[92.8742,12.9257],[92.8659,12.9167],[92.8588,12.9268],[92.8698,12.9319],[92.877,12.9321]]],[[[92.7656,12.9325],[92.7656,12.9325]]],[[[92.8928,12.9372],[92.8928,12.9372]]],[[[92.9014,12.9411],[92.9014,12.9411]]],[[[92.6715,12.9483],[92.6715,12.9483]]],[[[92.669,12.9534],[92.669,12.9534]]],[[[92.6957,12.992],[92.7064,12.9861],[92.717,12.9802],[92.7201,12.9686],[92.7181,12.9567],[92.7148,12.9447],[92.7207,12.9339],[92.7157,12.9225],[92.7198,12.9112],[92.7212,12.8992],[92.7209,12.8867],[92.7087,12.8839],[92.719,12.877],[92.7148,12.865],[92.7073,12.8553],[92.7026,12.8442],[92.6935,12.8361],[92.6812,12.8379],[92.677,12.8259],[92.6881,12.8201],[92.6826,12.8092],[92.6737,12.8009],[92.6706,12.7889],[92.6601,12.7956],[92.6665,12.8058],[92.6617,12.817],[92.6601,12.8289],[92.6538,12.8392],[92.6512,12.8523],[92.6515,12.8645],[92.6601,12.8734],[92.6299,12.8808],[92.6585,12.8808],[92.6666,12.8911],[92.6663,12.9034],[92.6366,12.9133],[92.6682,12.9186],[92.6743,12.9298],[92.6798,12.9411],[92.6715,12.95],[92.6698,12.9625],[92.6773,12.9725],[92.6832,12.9836],[92.692,12.992],[92.6957,12.992]]],[[[93.0067,12.9969],[92.9988,12.9878],[92.99,12.9795],[92.9822,12.9694],[92.9831,12.9572],[92.98,12.9453],[92.9817,12.9333],[92.9717,12.9408],[92.958,12.9428],[92.9703,12.9459],[92.9617,12.9547],[92.9539,12.9642],[92.9606,12.9745],[92.9592,12.9865],[92.9662,12.9761],[92.9781,12.9744],[92.985,12.9845],[92.9953,12.9916],[93.0072,12.9975],[93.0067,12.9969]]],[[[92.9881,12.9981],[92.9881,12.9981]]],[[[92.9125,13.0025],[92.9125,13.0025]]],[[[92.9497,13.0211],[92.9497,13.0211]]],[[[92.9264,13.0242],[92.9383,13.0258],[92.9414,13.0142],[92.9417,13.0022],[92.93,12.9995],[92.9194,13.0056],[92.9178,13.0181],[92.9239,13.0286],[92.9264,13.0242]]],[[[92.9186,13.04],[92.9186,13.04]]],[[[92.9336,13.0494],[92.9336,13.0494]]],[[[92.9168,13.0579],[92.9168,13.0579]]],[[[92.7306,13.0957],[92.7306,13.0957]]],[[[92.7192,13.0989],[92.7114,13.0897],[92.7042,13.0796],[92.6964,13.0889],[92.7082,13.095],[92.7192,13.0989]]],[[[92.795,13.1711],[92.795,13.1711]]],[[[93.0614,13.2214],[93.0614,13.2214]]],[[[93.0167,13.2842],[93.0167,13.2842]]],[[[93.0745,13.3033],[93.0745,13.3033]]],[[[93.0187,13.3296],[93.0214,13.3178],[93.0237,13.3054],[93.0099,13.3107],[93.016,13.3212],[93.0187,13.3296]]],[[[92.9681,13.3325],[92.9681,13.3325]]],[[[93.0161,13.3391],[93.0161,13.3391]]],[[[93.0375,13.3406],[93.0375,13.3406]]],[[[93.0772,13.3648],[93.0772,13.3648]]],[[[93.0826,13.3669],[93.0826,13.3669]]],[[[93.0623,13.3833],[93.0623,13.3833]]],[[[92.8658,13.4136],[92.8658,13.4136]]],[[[92.8131,13.4197],[92.8168,13.4077],[92.8117,13.4189],[92.8131,13.4197]]],[[[93.0945,13.4176],[93.0945,13.4176]]],[[[93.0721,13.4261],[93.0718,13.414],[93.0692,13.4262],[93.0721,13.4261]]],[[[93.099,13.4358],[93.099,13.4358]]],[[[92.8433,13.4408],[92.8436,13.4283],[92.8344,13.42],[92.8222,13.4206],[92.8222,13.4331],[92.835,13.4386],[92.8433,13.4408]]],[[[94.2733,13.4644],[94.277,13.4524],[94.2744,13.44],[94.2649,13.4324],[94.2528,13.4339],[94.2492,13.4456],[94.2569,13.4567],[94.2681,13.4625],[94.2733,13.4644]]],[[[92.8744,13.5122],[92.8744,13.5122]]],[[[92.9189,13.5156],[92.9189,13.5156]]],[[[92.91,13.5372],[92.91,13.5372]]],[[[92.875,13.5408],[92.875,13.5408]]],[[[93.0079,13.5554],[93.0079,13.5554]]],[[[93.0573,13.5663],[93.0573,13.5663]]],[[[93.0294,13.5733],[93.0339,13.5617],[93.0386,13.5506],[93.0413,13.5377],[93.0447,13.5261],[93.0436,13.5125],[93.0408,13.5006],[93.04,13.4875],[93.035,13.4764],[93.0319,13.4644],[93.02,13.4661],[93.0304,13.4598],[93.035,13.4486],[93.0347,13.4353],[93.0228,13.4331],[93.0328,13.4247],[93.0408,13.4144],[93.047,13.4039],[93.0569,13.4122],[93.0594,13.4003],[93.0694,13.407],[93.0669,13.3951],[93.0553,13.3908],[93.05,13.3797],[93.0384,13.3751],[93.0512,13.3779],[93.0603,13.3697],[93.0656,13.3589],[93.0714,13.3483],[93.0842,13.3414],[93.0786,13.3306],[93.0722,13.3194],[93.0706,13.3069],[93.0614,13.3156],[93.0608,13.3281],[93.0492,13.3228],[93.0411,13.3325],[93.045,13.3442],[93.0419,13.3569],[93.0336,13.3481],[93.0214,13.3494],[93.0075,13.3531],[92.9967,13.3478],[92.9886,13.3389],[92.977,13.3423],[92.972,13.3535],[92.96,13.3536],[92.9511,13.345],[92.9536,13.3331],[92.9631,13.3256],[92.9751,13.3241],[92.9858,13.3183],[92.9977,13.3155],[93.0089,13.3206],[93.0117,13.3083],[93.0177,13.2978],[93.0142,13.2858],[93.0262,13.2836],[93.0378,13.2803],[93.0408,13.2683],[93.0517,13.2622],[93.0625,13.27],[93.0586,13.2586],[93.0572,13.2464],[93.0564,13.2344],[93.0483,13.2253],[93.0449,13.2133],[93.0408,13.2006],[93.0353,13.1881],[93.035,13.1753],[93.0342,13.1625],[93.0361,13.1503],[93.0371,13.1383],[93.0308,13.1278],[93.0317,13.1156],[93.0338,13.1033],[93.036,13.0912],[93.0303,13.0806],[93.0302,13.068],[93.0242,13.0575],[93.0147,13.0497],[93.01,13.0386],[93.0033,13.0282],[92.9932,13.0347],[92.985,13.0259],[92.9734,13.0292],[92.9687,13.0181],[92.9565,13.018],[92.9512,13.0291],[92.9408,13.0353],[92.9342,13.0455],[92.9425,13.0542],[92.9403,13.0661],[92.9387,13.078],[92.9361,13.0662],[92.9261,13.0591],[92.9169,13.0672],[92.9069,13.06],[92.8944,13.0567],[92.8879,13.0465],[92.8958,13.0556],[92.9081,13.0572],[92.9144,13.0469],[92.9097,13.0357],[92.9045,13.0245],[92.9064,13.0124],[92.9086,13.0005],[92.917,12.9919],[92.9291,12.9895],[92.9373,12.9807],[92.9369,12.9686],[92.9289,12.9593],[92.9171,12.9571],[92.9076,12.9649],[92.9069,12.9772],[92.8985,12.9866],[92.8869,12.9831],[92.8798,12.9732],[92.8757,12.9618],[92.8728,12.9499],[92.8721,12.9378],[92.86,12.9341],[92.8544,12.9234],[92.8596,12.9122],[92.8718,12.9095],[92.8717,12.8974],[92.8722,12.8853],[92.8612,12.8805],[92.8492,12.8782],[92.8437,12.8894],[92.8314,12.8862],[92.825,12.8965],[92.8129,12.8995],[92.8012,12.9023],[92.7955,12.913],[92.7955,12.9253],[92.8011,12.9363],[92.7997,12.9483],[92.7925,12.9583],[92.7976,12.9707],[92.7933,12.9822],[92.8053,12.9839],[92.817,12.9867],[92.8091,12.9958],[92.8194,13.0025],[92.8086,13.0081],[92.7969,13.0108],[92.7883,13.0192],[92.7942,13.03],[92.795,13.0422],[92.7933,13.0544],[92.7961,13.0664],[92.7969,13.0786],[92.7986,13.0908],[92.8028,13.0794],[92.8067,13.0911],[92.8117,13.1033],[92.8211,13.0953],[92.8206,13.1078],[92.8147,13.1183],[92.8197,13.1294],[92.8317,13.1275],[92.8433,13.1314],[92.8436,13.1439],[92.8319,13.1489],[92.8171,13.1501],[92.8128,13.1614],[92.8144,13.1733],[92.8269,13.1739],[92.8189,13.1839],[92.82,13.1967],[92.8261,13.2083],[92.8275,13.2211],[92.8281,13.2336],[92.8358,13.2433],[92.8481,13.2383],[92.8528,13.2497],[92.8492,13.2614],[92.8372,13.2625],[92.8267,13.2694],[92.8253,13.2825],[92.8369,13.2858],[92.8383,13.2981],[92.8292,13.3061],[92.8275,13.3186],[92.8283,13.3308],[92.8344,13.3419],[92.8342,13.3542],[92.8361,13.3661],[92.8419,13.3778],[92.8553,13.3786],[92.8664,13.3842],[92.8536,13.3867],[92.8433,13.3933],[92.8447,13.4053],[92.8561,13.4094],[92.8655,13.4014],[92.8719,13.4119],[92.87,13.4239],[92.8811,13.4286],[92.8822,13.4406],[92.8736,13.4492],[92.8747,13.4617],[92.877,13.4736],[92.8886,13.4778],[92.9006,13.4778],[92.9044,13.4894],[92.9131,13.4978],[92.9253,13.4967],[92.925,13.5089],[92.9267,13.5214],[92.9147,13.5253],[92.9186,13.5369],[92.9306,13.5389],[92.9425,13.5364],[92.9531,13.5431],[92.9653,13.5442],[92.9739,13.5356],[92.9822,13.5269],[92.9917,13.5347],[92.9856,13.5453],[92.9853,13.5581],[92.9884,13.5698],[92.9994,13.5617],[93.0064,13.5511],[93.0164,13.5582],[93.0161,13.5703],[93.0261,13.5778],[93.0294,13.5733]]],[[[92.8969,13.6017],[92.8967,13.5894],[92.8894,13.5794],[92.8867,13.5922],[92.8953,13.6011],[92.8969,13.6017]]],[[[93.0639,13.6542],[93.0567,13.6444],[93.0536,13.6328],[93.0489,13.6217],[93.0439,13.6328],[93.0503,13.6447],[93.0608,13.6542],[93.0639,13.6542]]],[[[93.0236,13.6709],[93.0236,13.6709]]],[[[93.0158,13.6761],[93.0228,13.6661],[93.0258,13.6542],[93.0286,13.6425],[93.0317,13.63],[93.0197,13.6317],[93.0156,13.6431],[93.0033,13.6469],[92.9908,13.6447],[92.9808,13.6517],[92.9804,13.664],[92.9922,13.6672],[93.0039,13.6706],[93.0153,13.6761],[93.0158,13.6761]]],[[[93.2244,14.0158],[93.225,14.0036],[93.2294,13.9922],[93.2317,13.9803],[93.2231,13.9716],[93.2199,13.9838],[93.2211,13.9958],[93.2206,14.0081],[93.2244,14.0158]]],[[[93.3667,14.0475],[93.3667,14.0475]]],[[[93.3836,14.1278],[93.3836,14.1278]]],[[[93.3662,14.1564],[93.377,14.1486],[93.3697,14.1386],[93.3747,14.1256],[93.3756,14.1131],[93.375,14.1008],[93.3731,14.0889],[93.3692,14.0775],[93.3669,14.0656],[93.3567,14.0722],[93.3586,14.0842],[93.3633,14.0953],[93.3623,14.1077],[93.36,14.1197],[93.3572,14.1317],[93.3539,14.1433],[93.3633,14.1556],[93.3662,14.1564]]],[[[93.3569,14.1925],[93.3569,14.1925]]],[[[93.3703,14.1933],[93.3692,14.1808],[93.3698,14.1932],[93.3703,14.1933]]],[[[93.5506,14.7839],[93.5506,14.7839]]],[[[93.5708,14.8463],[93.5708,14.8463]]],[[[93.5722,14.8594],[93.5722,14.8594]]],[[[93.5727,14.8704],[93.5727,14.8704]]],[[[93.6414,14.9025],[93.6372,14.8906],[93.6358,14.8786],[93.6258,14.8683],[93.6186,14.8583],[93.6128,14.8475],[93.6118,14.8603],[93.613,14.8724],[93.6197,14.8828],[93.624,14.8942],[93.6339,14.9011],[93.6414,14.9025]]],[[[93.6484,14.9349],[93.6484,14.9349]]]]}},{"type":"Feature","properties":{"name":"Telangana","id":"telangana"},"geometry":{"type":"Polygon","coordinates":[[[77.5095,15.9209],[77.5146,15.9434],[77.5159,15.9575],[77.509,15.9674],[77.5084,15.9958],[77.5003,16.0114],[77.4921,16.0256],[77.4957,16.0477],[77.5029,16.0732],[77.4929,16.0838],[77.4979,16.0972],[77.5094,16.1035],[77.4954,16.1147],[77.4886,16.1265],[77.4881,16.1474],[77.4836,16.1586],[77.4884,16.1787],[77.4949,16.1954],[77.4953,16.213],[77.5088,16.2149],[77.4936,16.223],[77.4889,16.2418],[77.499,16.2579],[77.5131,16.2707],[77.5258,16.267],[77.5398,16.2826],[77.5495,16.2907],[77.565,16.2977],[77.5743,16.2889],[77.5903,16.2869],[77.591,16.3046],[77.5866,16.3204],[77.5916,16.3375],[77.5718,16.336],[77.5545,16.3416],[77.5443,16.3498],[77.5286,16.3584],[77.5189,16.3701],[77.4945,16.3758],[77.4814,16.3778],[77.4613,16.3754],[77.449,16.3758],[77.4352,16.3727],[77.4222,16.3628],[77.4011,16.366],[77.3881,16.3718],[77.3732,16.3799],[77.3525,16.3766],[77.3327,16.3883],[77.307,16.394],[77.2946,16.3996],[77.2782,16.4107],[77.2693,16.4231],[77.2582,16.4473],[77.2352,16.4681],[77.2515,16.4679],[77.2854,16.4715],[77.2958,16.4813],[77.3091,16.4893],[77.3244,16.4809],[77.3437,16.4821],[77.3582,16.4832],[77.3673,16.4938],[77.3729,16.506],[77.3887,16.5121],[77.4006,16.516],[77.4153,16.5178],[77.4157,16.544],[77.4016,16.5468],[77.3948,16.5582],[77.4173,16.5639],[77.4367,16.5812],[77.4564,16.581],[77.4603,16.5956],[77.4539,16.6074],[77.4556,16.62],[77.4659,16.6359],[77.4614,16.6488],[77.4485,16.6388],[77.4329,16.6376],[77.4281,16.6501],[77.4168,16.6548],[77.4372,16.6666],[77.4617,16.6724],[77.4675,16.6968],[77.4668,16.7119],[77.4485,16.7136],[77.4374,16.7075],[77.4254,16.7118],[77.4257,16.7271],[77.4353,16.7495],[77.4372,16.7631],[77.4353,16.7776],[77.4673,16.7766],[77.4718,16.7963],[77.4627,16.8045],[77.4594,16.8178],[77.4604,16.8441],[77.4576,16.8793],[77.4558,16.9047],[77.4654,16.9141],[77.4635,16.929],[77.4647,16.9464],[77.4737,16.9595],[77.48,16.9752],[77.4784,16.9902],[77.4936,17.0058],[77.492,17.0217],[77.4919,17.0388],[77.4831,17.0534],[77.4754,17.0699],[77.4684,17.0811],[77.4603,17.0928],[77.4524,17.1076],[77.4386,17.1146],[77.4235,17.1141],[77.4118,17.1205],[77.3989,17.1319],[77.3763,17.1379],[77.3669,17.1513],[77.36,17.1616],[77.3684,17.1765],[77.3708,17.1901],[77.3915,17.1924],[77.3934,17.2069],[77.3813,17.2163],[77.3923,17.2286],[77.4055,17.2374],[77.4149,17.2299],[77.42,17.2416],[77.4374,17.2614],[77.4497,17.2699],[77.4528,17.2866],[77.434,17.2883],[77.448,17.3135],[77.4514,17.3272],[77.4564,17.345],[77.4499,17.3631],[77.4793,17.3696],[77.4826,17.3545],[77.4991,17.3541],[77.5208,17.3621],[77.528,17.3721],[77.5213,17.3863],[77.5336,17.3988],[77.5107,17.4125],[77.5101,17.4273],[77.5234,17.4367],[77.5488,17.4349],[77.5726,17.4295],[77.5732,17.4542],[77.5904,17.4481],[77.6045,17.4431],[77.6101,17.4646],[77.6266,17.4712],[77.6404,17.476],[77.6442,17.4949],[77.6528,17.5033],[77.649,17.4916],[77.6649,17.4763],[77.684,17.4729],[77.6847,17.4852],[77.688,17.4985],[77.6661,17.51],[77.6566,17.5213],[77.6332,17.5231],[77.6212,17.5223],[77.608,17.5311],[77.5917,17.5327],[77.5925,17.5491],[77.5898,17.5628],[77.5608,17.5535],[77.5484,17.5495],[77.5367,17.5713],[77.5139,17.5572],[77.5016,17.5409],[77.49,17.5663],[77.4741,17.5651],[77.4652,17.5747],[77.4399,17.5815],[77.4421,17.5958],[77.4465,17.6072],[77.4488,17.6228],[77.4475,17.6471],[77.4491,17.6661],[77.451,17.6809],[77.4546,17.6941],[77.4716,17.704],[77.4845,17.7036],[77.4943,17.716],[77.5095,17.72],[77.5226,17.724],[77.5394,17.7254],[77.5519,17.7344],[77.562,17.7471],[77.566,17.7641],[77.537,17.7705],[77.523,17.7796],[77.5093,17.7801],[77.507,17.793],[77.5181,17.8077],[77.526,17.8268],[77.5437,17.8263],[77.5592,17.8386],[77.566,17.8496],[77.5674,17.8661],[77.5813,17.8757],[77.5928,17.8698],[77.5852,17.8925],[77.5852,17.9082],[77.5998,17.9037],[77.6166,17.9029],[77.6187,17.9218],[77.6168,17.9381],[77.6289,17.9485],[77.6297,17.963],[77.6356,17.9505],[77.6474,17.9532],[77.652,17.9643],[77.6436,17.9734],[77.6498,17.9859],[77.6423,17.9959],[77.6288,17.9925],[77.6223,18.0047],[77.6101,18.0105],[77.5922,18.0102],[77.585,18.0248],[77.5745,18.0307],[77.5578,18.0352],[77.5521,18.0469],[77.5474,18.0636],[77.5605,18.0711],[77.5774,18.0769],[77.5898,18.0803],[77.6006,18.0994],[77.5966,18.121],[77.5978,18.1518],[77.5794,18.1621],[77.5725,18.1789],[77.5643,18.19],[77.5744,18.1999],[77.585,18.2167],[77.5768,18.2331],[77.5815,18.2563],[77.599,18.2729],[77.5838,18.2831],[77.5707,18.2905],[77.561,18.2831],[77.55,18.2913],[77.5702,18.3082],[77.5534,18.3312],[77.5273,18.3394],[77.5195,18.3493],[77.5214,18.3647],[77.5305,18.3758],[77.5416,18.3852],[77.5552,18.4179],[77.5352,18.4212],[77.5285,18.4405],[77.5464,18.4406],[77.5602,18.435],[77.5741,18.4393],[77.5852,18.4454],[77.5591,18.458],[77.5462,18.4634],[77.5581,18.4653],[77.5706,18.4669],[77.5765,18.4838],[77.5908,18.4811],[77.6011,18.4742],[77.6028,18.4914],[77.5863,18.5029],[77.5965,18.515],[77.5933,18.528],[77.5973,18.5475],[77.6109,18.5478],[77.6291,18.5506],[77.6488,18.5526],[77.6453,18.5363],[77.6576,18.5272],[77.6759,18.5413],[77.7124,18.5544],[77.7279,18.5515],[77.7354,18.5632],[77.7472,18.5891],[77.7481,18.6053],[77.743,18.6214],[77.7297,18.6427],[77.7309,18.6553],[77.7329,18.676],[77.7447,18.6839],[77.7499,18.6978],[77.7576,18.7071],[77.7688,18.7016],[77.7864,18.6841],[77.8022,18.7161],[77.8027,18.7292],[77.8104,18.7402],[77.8232,18.7685],[77.8276,18.786],[77.8375,18.8075],[77.8592,18.8141],[77.9076,18.8295],[77.9287,18.8217],[77.9426,18.8223],[77.9441,18.8423],[77.9296,18.8465],[77.9253,18.8592],[77.9061,18.8673],[77.8987,18.8837],[77.8826,18.8964],[77.8816,18.9085],[77.8693,18.9103],[77.8566,18.9061],[77.8405,18.9113],[77.8443,18.9303],[77.8537,18.9523],[77.8305,18.9502],[77.8127,18.9495],[77.8171,18.9824],[77.7871,18.9843],[77.7674,18.9814],[77.7684,18.9994],[77.7653,19.0154],[77.7574,19.0286],[77.7609,19.0512],[77.7779,19.0544],[77.7911,19.0507],[77.7972,19.0649],[77.8013,19.0844],[77.8002,19.0989],[77.8152,19.1037],[77.8255,19.0917],[77.8422,19.0868],[77.8452,19.1142],[77.8339,19.1327],[77.8492,19.1553],[77.8504,19.1677],[77.8584,19.1808],[77.8445,19.1882],[77.8527,19.2046],[77.8585,19.2185],[77.8623,19.234],[77.8681,19.2461],[77.8846,19.2602],[77.9004,19.2561],[77.9057,19.2672],[77.8931,19.2784],[77.8754,19.2798],[77.8619,19.2841],[77.8609,19.3021],[77.8752,19.3089],[77.888,19.3124],[77.8995,19.3178],[77.9123,19.318],[77.922,19.3259],[77.9372,19.3358],[77.9489,19.3413],[77.9627,19.3318],[77.9769,19.3211],[77.9855,19.309],[78.0116,19.3011],[78.0273,19.2787],[78.0457,19.2709],[78.0476,19.2556],[78.0511,19.2418],[78.0751,19.2465],[78.0951,19.2499],[78.1267,19.2464],[78.1393,19.2394],[78.1497,19.2301],[78.1701,19.2363],[78.1833,19.2415],[78.1833,19.2612],[78.1832,19.279],[78.1932,19.3029],[78.1951,19.325],[78.1871,19.3386],[78.1796,19.353],[78.1845,19.3682],[78.187,19.3845],[78.1822,19.4118],[78.1981,19.4074],[78.2151,19.4271],[78.2336,19.4329],[78.2458,19.429],[78.2618,19.4401],[78.2732,19.4538],[78.2912,19.4488],[78.3089,19.4564],[78.312,19.4793],[78.3036,19.4938],[78.2987,19.5136],[78.2955,19.5308],[78.2915,19.5431],[78.2791,19.5582],[78.2965,19.5584],[78.3061,19.5674],[78.312,19.5786],[78.311,19.6042],[78.299,19.6234],[78.2924,19.6442],[78.2727,19.6602],[78.2858,19.6897],[78.3049,19.6884],[78.3201,19.6967],[78.3325,19.7085],[78.3453,19.7136],[78.3454,19.7344],[78.3608,19.754],[78.3648,19.7673],[78.3677,19.7811],[78.367,19.7945],[78.3605,19.8057],[78.3392,19.8135],[78.3414,19.8329],[78.3032,19.8458],[78.2942,19.8556],[78.2977,19.8733],[78.3076,19.9085],[78.3195,19.9155],[78.3351,19.9101],[78.3266,19.8994],[78.3363,19.8832],[78.3658,19.8829],[78.3841,19.8792],[78.3842,19.8636],[78.3892,19.8462],[78.3977,19.8364],[78.409,19.8299],[78.4287,19.8231],[78.4446,19.8192],[78.4647,19.8162],[78.4843,19.8072],[78.4939,19.7931],[78.5096,19.8012],[78.5124,19.8143],[78.5263,19.8217],[78.5579,19.8156],[78.5737,19.8138],[78.5918,19.8154],[78.6037,19.8175],[78.6193,19.8087],[78.6352,19.8038],[78.6483,19.8015],[78.6864,19.7899],[78.7018,19.7856],[78.7092,19.7727],[78.7247,19.769],[78.7383,19.7794],[78.7522,19.7773],[78.7732,19.7794],[78.797,19.7686],[78.8076,19.758],[78.8253,19.7604],[78.8383,19.7621],[78.8536,19.738],[78.8574,19.7197],[78.8617,19.7059],[78.864,19.6867],[78.8591,19.6689],[78.8588,19.6563],[78.8779,19.6568],[78.891,19.6553],[78.9038,19.6646],[78.9159,19.6677],[78.935,19.6622],[78.9542,19.6634],[78.969,19.6492],[78.9647,19.6296],[78.9629,19.6173],[78.9656,19.6045],[78.9783,19.5904],[78.969,19.5735],[78.9545,19.5627],[78.9649,19.5503],[78.9785,19.5509],[78.9929,19.562],[79.0122,19.5438],[79.0388,19.545],[79.0515,19.5453],[79.0634,19.5313],[79.0966,19.5305],[79.1024,19.5194],[79.1128,19.5098],[79.1264,19.5065],[79.1403,19.5011],[79.157,19.4855],[79.1691,19.4678],[79.189,19.4587],[79.2187,19.4645],[79.2088,19.4848],[79.2081,19.4986],[79.2157,19.5106],[79.232,19.5208],[79.2384,19.5328],[79.2382,19.5509],[79.2501,19.5777],[79.2438,19.5933],[79.2371,19.6095],[79.2552,19.6112],[79.2679,19.6067],[79.2932,19.5967],[79.3048,19.5902],[79.3143,19.5655],[79.3297,19.5737],[79.369,19.5712],[79.3807,19.5559],[79.4018,19.5398],[79.4136,19.5335],[79.4303,19.5351],[79.4582,19.519],[79.4651,19.509],[79.4704,19.4975],[79.4933,19.5052],[79.5134,19.5181],[79.516,19.5368],[79.5262,19.5461],[79.5427,19.5485],[79.5452,19.534],[79.5525,19.52],[79.5656,19.5109],[79.5827,19.5031],[79.5981,19.5038],[79.6029,19.5211],[79.6072,19.5395],[79.6158,19.5586],[79.6397,19.575],[79.6526,19.5767],[79.665,19.5772],[79.678,19.5766],[79.6957,19.5811],[79.7129,19.5833],[79.7299,19.5966],[79.7403,19.6031],[79.7543,19.6023],[79.7663,19.6002],[79.7854,19.5936],[79.7933,19.5801],[79.8052,19.5768],[79.8166,19.569],[79.8206,19.5524],[79.8282,19.537],[79.8562,19.5171],[79.8702,19.505],[79.9022,19.4965],[79.9178,19.4855],[79.9329,19.4691],[79.945,19.4588],[79.9458,19.4408],[79.9592,19.4259],[79.97,19.4095],[79.9726,19.3916],[79.9672,19.3746],[79.9665,19.3609],[79.9572,19.3346],[79.9636,19.3065],[79.949,19.2889],[79.9319,19.2593],[79.9202,19.2264],[79.9225,19.2034],[79.9353,19.1839],[79.9432,19.1706],[79.9261,19.1609],[79.906,19.1418],[79.8712,19.1227],[79.858,19.1041],[79.8601,19.091],[79.8611,19.0599],[79.857,19.0422],[79.871,19.0355],[79.8908,19.0455],[79.9029,19.048],[79.9161,19.0474],[79.9331,19.0297],[79.9328,18.9957],[79.9313,18.9748],[79.9359,18.9576],[79.9409,18.9377],[79.9414,18.9158],[79.9401,18.8967],[79.9409,18.8774],[79.939,18.8589],[79.9333,18.845],[79.9208,18.8362],[79.9041,18.8349],[79.9091,18.8067],[79.932,18.7844],[79.9501,18.7799],[79.9815,18.7743],[80.0091,18.7686],[80.0165,18.757],[80.0297,18.7487],[80.0464,18.7209],[80.0619,18.7165],[80.0747,18.7026],[80.087,18.6976],[80.1005,18.685],[80.1108,18.6762],[80.1309,18.6854],[80.1487,18.6932],[80.162,18.694],[80.1674,18.6801],[80.189,18.6756],[80.1941,18.6885],[80.2079,18.7005],[80.22,18.6992],[80.2356,18.7004],[80.2604,18.7141],[80.2779,18.711],[80.2888,18.695],[80.2963,18.6856],[80.3078,18.6523],[80.315,18.6363],[80.3193,18.6217],[80.3315,18.5966],[80.3418,18.5864],[80.3559,18.5937],[80.367,18.6047],[80.3816,18.5936],[80.3933,18.603],[80.407,18.6077],[80.4502,18.6264],[80.463,18.6227],[80.4801,18.6276],[80.4981,18.6177],[80.5107,18.6157],[80.518,18.6035],[80.5286,18.5937],[80.5404,18.583],[80.5578,18.5728],[80.5679,18.5615],[80.5815,18.5575],[80.5956,18.5491],[80.6108,18.5335],[80.6213,18.5231],[80.6327,18.5188],[80.6364,18.5072],[80.6368,18.4939],[80.6449,18.4835],[80.6508,18.4723],[80.6624,18.4657],[80.6732,18.4583],[80.6825,18.45],[80.6919,18.4405],[80.691,18.4193],[80.713,18.4057],[80.7265,18.409],[80.724,18.3952],[80.7159,18.3855],[80.7242,18.372],[80.7241,18.3574],[80.7348,18.3387],[80.7429,18.3222],[80.7453,18.3051],[80.7529,18.2913],[80.7616,18.2821],[80.7734,18.2649],[80.7849,18.2581],[80.7843,18.2433],[80.7694,18.2364],[80.7569,18.2295],[80.7333,18.2188],[80.7323,18.2055],[80.7346,18.1717],[80.7451,18.1648],[80.7624,18.163],[80.7869,18.1642],[80.8109,18.1785],[80.8187,18.192],[80.8177,18.2128],[80.8172,18.2252],[80.8296,18.2341],[80.8591,18.226],[80.8675,18.2073],[80.8565,18.1984],[80.8522,18.1835],[80.8517,18.1684],[80.8558,18.1517],[80.8584,18.1391],[80.8811,18.1325],[80.9007,18.1347],[80.932,18.1494],[80.9442,18.1571],[80.9542,18.167],[80.9737,18.1681],[80.9748,18.1519],[80.9675,18.138],[80.9494,18.1232],[80.9498,18.1037],[80.9484,18.0913],[80.9524,18.0719],[80.9635,18.0498],[80.9623,18.0315],[80.9662,18.0186],[80.9699,18.0031],[80.9731,17.9864],[80.976,17.9629],[80.9781,17.9496],[80.9833,17.935],[80.9846,17.9229],[80.9943,17.9142],[80.9972,17.8952],[81.0019,17.8647],[81.0033,17.8491],[81.0126,17.8167],[81.0324,17.7897],[81.0452,17.784],[81.0613,17.7836],[81.0736,17.7863],[81.0871,17.8033],[81.0977,17.8171],[81.109,17.8231],[81.1212,17.8283],[81.1596,17.8526],[81.1764,17.8491],[81.192,17.8471],[81.2135,17.833],[81.2279,17.8263],[81.254,17.8121],[81.2981,17.8099],[81.3151,17.8123],[81.3354,17.8113],[81.3575,17.8104],[81.3744,17.8053],[81.3943,17.8081],[81.4093,17.8048],[81.4143,17.8164],[81.4259,17.8213],[81.4376,17.8153],[81.4594,17.8247],[81.4727,17.8179],[81.4787,17.8047],[81.4963,17.8065],[81.5113,17.8066],[81.5257,17.8109],[81.5539,17.8164],[81.5646,17.8257],[81.594,17.8191],[81.6112,17.8154],[81.624,17.8244],[81.6366,17.8363],[81.6461,17.8469],[81.6491,17.8625],[81.657,17.8728],[81.6681,17.8784],[81.6832,17.8795],[81.6979,17.8755],[81.7032,17.8611],[81.7263,17.8741],[81.7583,17.8934],[81.7689,17.8787],[81.7814,17.8707],[81.7928,17.8525],[81.7878,17.8392],[81.7639,17.8299],[81.7529,17.8183],[81.7389,17.8216],[81.7234,17.8152],[81.7095,17.8051],[81.6982,17.7845],[81.6848,17.7706],[81.653,17.7656],[81.6231,17.7628],[81.6128,17.7469],[81.5819,17.7307],[81.573,17.7187],[81.5711,17.7029],[81.5712,17.6879],[81.5602,17.6767],[81.5536,17.6664],[81.5461,17.6507],[81.5341,17.6304],[81.519,17.6188],[81.5093,17.6036],[81.5029,17.5899],[81.5209,17.5757],[81.5137,17.5573],[81.5014,17.5394],[81.498,17.5101],[81.4982,17.49],[81.4936,17.477],[81.4959,17.4604],[81.482,17.4322],[81.4722,17.4195],[81.4573,17.4054],[81.4461,17.3907],[81.4336,17.3749],[81.4201,17.3722],[81.4064,17.3614],[81.3852,17.3551],[81.3718,17.3572],[81.3498,17.3685],[81.3429,17.3854],[81.3304,17.3921],[81.3116,17.3748],[81.3016,17.3597],[81.2892,17.3375],[81.2672,17.32],[81.2343,17.3228],[81.2188,17.3217],[81.1903,17.3274],[81.1782,17.3145],[81.1706,17.2965],[81.1711,17.2667],[81.1806,17.2546],[81.168,17.2423],[81.1455,17.2317],[81.1182,17.2246],[81.0845,17.2136],[81.0622,17.2041],[81.0465,17.2138],[81.04,17.1999],[81.0262,17.1867],[81.0054,17.1844],[80.9913,17.1797],[80.9663,17.1845],[80.9477,17.1933],[80.9306,17.205],[80.9138,17.2053],[80.9076,17.1929],[80.9085,17.178],[80.914,17.1608],[80.9133,17.146],[80.8962,17.1408],[80.8768,17.1452],[80.8668,17.1246],[80.855,17.1114],[80.8642,17.0958],[80.8625,17.0815],[80.8565,17.0685],[80.8588,17.0509],[80.8505,17.0402],[80.8325,17.0257],[80.8232,17.0378],[80.8032,17.0425],[80.7853,17.0476],[80.7661,17.0503],[80.7466,17.0549],[80.7257,17.0646],[80.7126,17.0655],[80.6952,17.0683],[80.6814,17.0643],[80.6678,17.0599],[80.6492,17.0546],[80.6339,17.0589],[80.6378,17.0719],[80.6554,17.084],[80.6463,17.0945],[80.6252,17.1017],[80.6165,17.1157],[80.6039,17.1155],[80.5803,17.131],[80.5602,17.138],[80.5491,17.1236],[80.5354,17.1198],[80.5194,17.1082],[80.4961,17.1079],[80.4924,17.0924],[80.4846,17.0676],[80.4822,17.0503],[80.4717,17.0381],[80.4529,17.037],[80.4462,17.017],[80.4327,17.0218],[80.4205,17.0249],[80.4143,17.0418],[80.4009,17.0542],[80.3973,17.0739],[80.3791,17.0662],[80.367,17.0566],[80.3784,17.0341],[80.3838,17.0198],[80.3879,17.0073],[80.3712,16.9958],[80.3697,16.983],[80.3611,16.9745],[80.3808,16.9625],[80.3976,16.957],[80.4123,16.9542],[80.4425,16.9449],[80.4531,16.9383],[80.4632,16.9302],[80.4769,16.9212],[80.4869,16.9369],[80.4913,16.9482],[80.5098,16.9424],[80.5207,16.9364],[80.5317,16.9502],[80.5695,16.9269],[80.5842,16.9265],[80.5903,16.9116],[80.5812,16.8968],[80.5867,16.8739],[80.565,16.869],[80.5648,16.8499],[80.5624,16.8363],[80.5546,16.8248],[80.567,16.8171],[80.5858,16.8067],[80.5978,16.792],[80.5693,16.7708],[80.5465,16.7677],[80.5301,16.7701],[80.5181,16.7688],[80.4895,16.7759],[80.4791,16.785],[80.4564,16.79],[80.4551,16.8065],[80.4448,16.8194],[80.4318,16.8239],[80.4214,16.8371],[80.3997,16.8497],[80.4002,16.837],[80.3942,16.8252],[80.3794,16.8195],[80.3671,16.8268],[80.3647,16.8389],[80.3612,16.8504],[80.335,16.8557],[80.3273,16.871],[80.316,16.884],[80.3133,16.912],[80.3078,16.9238],[80.304,16.9395],[80.3014,16.9559],[80.289,16.9768],[80.2762,16.9932],[80.2622,17.0106],[80.2503,17.0074],[80.2357,17.0023],[80.2178,17.0196],[80.2013,17.0131],[80.1961,17.0257],[80.1943,17.0425],[80.1821,17.0449],[80.1705,17.0304],[80.1491,17.0081],[80.1406,16.9933],[80.1269,16.9853],[80.1147,16.9859],[80.0995,16.9828],[80.0877,16.9874],[80.0842,16.9632],[80.0459,16.9653],[80.0371,16.9365],[80.0285,16.9274],[80.0186,16.9188],[80.0096,16.9073],[80.0028,16.8915],[79.9951,16.8773],[79.9917,16.8633],[80.0138,16.8529],[80.0331,16.8524],[80.0344,16.8391],[80.0418,16.8261],[80.0697,16.8136],[80.0649,16.8025],[80.0577,16.7819],[80.0516,16.7713],[80.0479,16.7452],[80.0328,16.7318],[80.0233,16.7185],[80.0024,16.7029],[79.9937,16.6944],[79.973,16.6595],[79.9582,16.642],[79.9426,16.6326],[79.9237,16.6307],[79.9021,16.6378],[79.8909,16.6496],[79.8807,16.6762],[79.8733,16.6887],[79.8618,16.6982],[79.8446,16.6965],[79.8259,16.6915],[79.8103,16.6905],[79.7834,16.7248],[79.7631,16.7271],[79.7505,16.7201],[79.7338,16.698],[79.7227,16.6926],[79.683,16.6904],[79.6686,16.684],[79.6555,16.6741],[79.648,16.662],[79.6333,16.6609],[79.6168,16.6646],[79.5999,16.6633],[79.5856,16.6514],[79.574,16.6436],[79.554,16.6346],[79.5367,16.6316],[79.5121,16.6337],[79.4972,16.6305],[79.4701,16.6187],[79.4506,16.6091],[79.4432,16.5937],[79.4266,16.5825],[79.4027,16.5804],[79.3455,16.5796],[79.3333,16.5785],[79.3198,16.5759],[79.2951,16.5674],[79.2824,16.5654],[79.2661,16.5615],[79.2608,16.5464],[79.2304,16.5193],[79.2253,16.5082],[79.2241,16.4921],[79.2309,16.4817],[79.2362,16.4585],[79.2191,16.4382],[79.215,16.4158],[79.2126,16.3938],[79.2133,16.3744],[79.2232,16.3504],[79.2279,16.3368],[79.2298,16.3002],[79.2251,16.2501],[79.2187,16.2396],[79.2075,16.2307],[79.192,16.2227],[79.1766,16.2171],[79.1627,16.2202],[79.1512,16.2246],[79.1332,16.2364],[79.0686,16.2381],[79.0541,16.2426],[79.0309,16.2457],[79.0102,16.2404],[78.9924,16.2283],[78.9781,16.2231],[78.959,16.2172],[78.9411,16.2098],[78.9255,16.2023],[78.9081,16.191],[78.9056,16.1649],[78.9209,16.1337],[78.9173,16.1135],[78.9012,16.0976],[78.8891,16.0986],[78.8727,16.1102],[78.868,16.1353],[78.8629,16.1531],[78.8463,16.1595],[78.8321,16.1518],[78.8313,16.133],[78.8339,16.1201],[78.8403,16.1028],[78.8365,16.0874],[78.8216,16.0622],[78.8138,16.0522],[78.79,16.0327],[78.775,16.0236],[78.7539,16.021],[78.739,16.0211],[78.726,16.023],[78.7137,16.0267],[78.6866,16.0404],[78.675,16.049],[78.6578,16.0714],[78.6467,16.0827],[78.6365,16.0914],[78.617,16.0989],[78.6035,16.0964],[78.5926,16.0872],[78.5764,16.0703],[78.5671,16.0619],[78.5469,16.0562],[78.5329,16.0623],[78.5208,16.0651],[78.4956,16.0731],[78.451,16.081],[78.421,16.0828],[78.4057,16.0809],[78.3842,16.0718],[78.37,16.0598],[78.3531,16.0545],[78.3404,16.0528],[78.3236,16.0372],[78.2922,16.0285],[78.2682,16.0348],[78.2567,16.0313],[78.2587,16.0051],[78.2529,15.9784],[78.2474,15.96],[78.244,15.947],[78.238,15.9291],[78.2054,15.9171],[78.18,15.9004],[78.1815,15.8877],[78.1738,15.8725],[78.1687,15.8532],[78.1509,15.849],[78.1379,15.8502],[78.1258,15.8489],[78.1269,15.8349],[78.1096,15.8272],[78.0637,15.8446],[78.0489,15.8708],[78.0398,15.8981],[78.0242,15.8986],[78.0147,15.8888],[78.0066,15.872],[78.0019,15.8592],[77.9729,15.8741],[77.944,15.8749],[77.9283,15.8765],[77.9076,15.8849],[77.8877,15.8959],[77.8669,15.8924],[77.8557,15.8758],[77.8398,15.8739],[77.8253,15.8738],[77.8092,15.867],[77.7898,15.8666],[77.7702,15.8733],[77.7496,15.8759],[77.732,15.8822],[77.7161,15.8866],[77.6994,15.8804],[77.6835,15.8739],[77.6589,15.8765],[77.6396,15.8831],[77.6257,15.8991],[77.6138,15.9078],[77.5987,15.9087],[77.5801,15.9102],[77.5488,15.9137],[77.5317,15.9161],[77.5095,15.9209]]]}},{"type":"Feature","properties":{"name":"Andhra Pradesh","id":"andhra-pradesh"},"geometry":{"type":"MultiPolygon","coordinates":[[[[80.2746,13.4596],[80.2849,13.4526],[80.274,13.4579],[80.2746,13.4596]]],[[[80.2274,13.494],[80.2274,13.494]]],[[[80.2324,13.4946],[80.2324,13.4946]]],[[[80.2654,13.5196],[80.2674,13.5065],[80.2646,13.519],[80.2654,13.5196]]],[[[80.1926,13.5207],[80.1926,13.5207]]],[[[80.1849,13.5354],[80.1849,13.5354]]],[[[80.0535,13.5893],[80.0535,13.5893]]],[[[80.149,13.6185],[80.1554,13.6082],[80.1615,13.5963],[80.1657,13.5849],[80.1593,13.5746],[80.1568,13.5624],[80.1513,13.5513],[80.1393,13.551],[80.1401,13.564],[80.1335,13.5746],[80.1265,13.5849],[80.1374,13.5901],[80.1499,13.5907],[80.1387,13.5974],[80.1268,13.6004],[80.1376,13.6065],[80.1468,13.6143],[80.149,13.6185]]],[[[80.0971,13.6415],[80.0971,13.6415]]],[[[80.1065,13.6529],[80.1049,13.6407],[80.1062,13.6529],[80.1065,13.6529]]],[[[80.1026,13.6776],[80.1026,13.6776]]],[[[80.0599,15.1999],[80.0599,15.1999]]],[[[80.2107,15.5015],[80.2107,15.5015]]],[[[81.0279,15.7657],[81.0279,15.7657]]],[[[80.7829,15.8376],[80.7918,15.8276],[80.7829,15.8357],[80.7829,15.8376]]],[[[80.7879,15.8432],[80.7879,15.8432]]],[[[80.786,15.8565],[80.786,15.8565]]],[[[80.7735,15.8618],[80.7787,15.8504],[80.7724,15.861],[80.7735,15.8618]]],[[[81.5418,16.3554],[81.5315,16.349],[81.5193,16.3493],[81.5324,16.3515],[81.5418,16.3554]]],[[[81.5351,16.356],[81.5351,16.356]]],[[[82.3174,16.5765],[82.3174,16.5765]]],[[[82.2624,16.6779],[82.2624,16.6779]]],[[[82.2995,16.7143],[82.2995,16.7143]]],[[[82.3079,16.7165],[82.3079,16.7165]]],[[[82.3149,16.726],[82.3149,16.726]]],[[[82.3321,16.7249],[82.3321,16.7249]]],[[[82.3321,16.7249],[82.3385,16.7146],[82.3449,16.7043],[82.3349,16.6976],[82.3468,16.7001],[82.3479,16.7124],[82.3599,16.7132],[82.3637,16.7249],[82.3635,16.7129],[82.356,16.7035],[82.3479,16.6946],[82.3399,16.6854],[82.3318,16.6763],[82.3254,16.666],[82.3213,16.6546],[82.3187,16.6426],[82.3174,16.6299],[82.3124,16.6418],[82.3154,16.6288],[82.3187,16.6168],[82.3135,16.6054],[82.3015,16.6082],[82.2946,16.6182],[82.2899,16.6293],[82.2846,16.6401],[82.2729,16.6432],[82.2613,16.6465],[82.256,16.6576],[82.2635,16.6674],[82.2637,16.6796],[82.2763,16.6931],[82.2876,16.6976],[82.3037,16.699],[82.3154,16.704],[82.324,16.7124],[82.3276,16.7246],[82.3321,16.7249]]],[[[83.1721,17.569],[83.1721,17.569]]],[[[83.3057,17.6846],[83.3057,17.6846]]],[[[83.3121,17.6849],[83.3007,17.6799],[83.3121,17.6849]]],[[[83.2699,17.7087],[83.2699,17.7087]]],[[[82.2995,16.7143],[82.3011,16.7333],[82.2937,16.743],[82.2851,16.7345],[82.2807,16.7227],[82.2637,16.7194],[82.2449,16.719],[82.227,16.7172],[82.2148,16.7252],[82.2198,16.7449],[82.2072,16.7437],[82.1968,16.7365],[82.1888,16.7272],[82.1746,16.7251],[82.1936,16.7085],[82.2154,16.7098],[82.2274,16.7047],[82.2465,16.6914],[82.2585,16.6899],[82.2599,16.6768],[82.2596,16.6643],[82.2537,16.6526],[82.2593,16.6418],[82.2712,16.6401],[82.281,16.6329],[82.286,16.6215],[82.2904,16.6101],[82.2826,16.6007],[82.2682,16.5979],[82.2613,16.5879],[82.2707,16.5965],[82.2824,16.5999],[82.2946,16.6024],[82.2996,16.5904],[82.294,16.5793],[82.2829,16.5724],[82.2721,16.5671],[82.2838,16.5632],[82.2957,16.5654],[82.3071,16.5692],[82.2968,16.5629],[82.2857,16.5574],[82.274,16.5546],[82.2621,16.551],[82.2499,16.5474],[82.2387,16.5429],[82.2276,16.5382],[82.2162,16.534],[82.2054,16.5287],[82.194,16.5235],[82.1832,16.5182],[82.1726,16.5124],[82.1621,16.5065],[82.1513,16.501],[82.1401,16.4963],[82.1293,16.491],[82.1179,16.4854],[82.1068,16.4799],[82.096,16.4746],[82.0854,16.4688],[82.0735,16.4635],[82.0629,16.4574],[82.0521,16.4515],[82.041,16.4463],[82.0296,16.4424],[82.021,16.434],[82.0104,16.4282],[81.9993,16.4226],[81.9882,16.4171],[81.976,16.4112],[81.9649,16.406],[81.9538,16.4007],[81.9424,16.3954],[81.9296,16.394],[81.9154,16.3915],[81.9037,16.3888],[81.8915,16.3863],[81.879,16.3826],[81.8676,16.3787],[81.856,16.3749],[81.844,16.3704],[81.8329,16.3654],[81.8218,16.3604],[81.811,16.3543],[81.8001,16.3485],[81.7893,16.3424],[81.7785,16.3368],[81.7676,16.3315],[81.7562,16.3271],[81.7449,16.3221],[81.7332,16.3171],[81.7224,16.3118],[81.713,16.3196],[81.7018,16.3246],[81.6904,16.3299],[81.6779,16.3318],[81.6657,16.3335],[81.6526,16.3346],[81.639,16.3354],[81.6263,16.3374],[81.6132,16.339],[81.6001,16.3407],[81.5882,16.3424],[81.5746,16.344],[81.561,16.3454],[81.551,16.3521],[81.541,16.359],[81.529,16.3546],[81.5171,16.3574],[81.5057,16.3532],[81.4921,16.3518],[81.4801,16.3529],[81.4676,16.3529],[81.4543,16.3518],[81.4424,16.3501],[81.4287,16.3482],[81.4163,16.3457],[81.4037,16.344],[81.3921,16.3479],[81.384,16.3568],[81.3718,16.3601],[81.361,16.354],[81.3568,16.3426],[81.3487,16.3335],[81.3593,16.3396],[81.3696,16.346],[81.3751,16.3568],[81.3871,16.3535],[81.3926,16.3421],[81.381,16.3379],[81.3693,16.334],[81.3571,16.3299],[81.346,16.3251],[81.3346,16.3204],[81.3238,16.3151],[81.3129,16.3096],[81.3026,16.3032],[81.2924,16.2968],[81.2824,16.2901],[81.2729,16.2824],[81.2632,16.2751],[81.2565,16.2651],[81.2482,16.2563],[81.2404,16.2471],[81.2337,16.2371],[81.2274,16.2268],[81.2215,16.2162],[81.2165,16.2049],[81.2124,16.1929],[81.2082,16.1812],[81.204,16.1699],[81.2029,16.1568],[81.2012,16.1449],[81.189,16.1432],[81.2015,16.1432],[81.1988,16.1315],[81.1951,16.1193],[81.191,16.1079],[81.1857,16.0971],[81.1801,16.0863],[81.174,16.0757],[81.1682,16.0649],[81.1624,16.0543],[81.1563,16.0435],[81.1504,16.0326],[81.1435,16.0226],[81.1399,16.0099],[81.1396,15.9976],[81.1421,15.9851],[81.1438,15.9732],[81.1315,15.9729],[81.1265,15.9618],[81.1171,15.9543],[81.1079,15.9465],[81.099,15.9382],[81.0893,15.931],[81.081,15.9221],[81.0729,15.9132],[81.0646,15.9043],[81.0568,15.8951],[81.0493,15.8857],[81.0404,15.8774],[81.0318,15.869],[81.0238,15.8598],[81.0165,15.8501],[81.0104,15.8393],[81.0001,15.8324],[80.9957,15.821],[80.9949,15.8079],[80.9987,15.7965],[81.0032,15.7851],[81.0115,15.7763],[81.0057,15.7612],[80.9993,15.751],[80.989,15.7446],[80.9785,15.7382],[80.9676,15.7326],[80.9565,15.7276],[80.946,15.7215],[80.934,15.7204],[80.9204,15.7215],[80.9079,15.719],[80.8954,15.7165],[80.8821,15.7143],[80.869,15.7124],[80.8557,15.7107],[80.8412,15.7096],[80.8293,15.7113],[80.8187,15.7171],[80.8127,15.7279],[80.804,15.7362],[80.7965,15.7457],[80.7929,15.7574],[80.7862,15.7674],[80.7813,15.7785],[80.7813,15.7907],[80.7874,15.7799],[80.7937,15.7693],[80.7954,15.7574],[80.8015,15.7468],[80.8124,15.7399],[80.8124,15.7549],[80.8093,15.7665],[80.8049,15.7779],[80.8015,15.7896],[80.7968,15.801],[80.7935,15.8146],[80.8054,15.8162],[80.8115,15.8271],[80.8079,15.8388],[80.7999,15.8479],[80.791,15.8563],[80.7796,15.8607],[80.7679,15.8638],[80.7565,15.8685],[80.7446,15.8724],[80.7315,15.8757],[80.7196,15.8782],[80.7076,15.8801],[80.6924,15.8815],[80.6796,15.881],[80.6624,15.8796],[80.6493,15.8782],[80.6363,15.8754],[80.6235,15.8735],[80.6101,15.8715],[80.5976,15.8687],[80.5857,15.8657],[80.574,15.8626],[80.5618,15.859],[80.5496,15.8549],[80.5374,15.8549],[80.5287,15.8465],[80.5174,15.8424],[80.5057,15.8385],[80.4943,15.8343],[80.4832,15.8293],[80.4718,15.8251],[80.4604,15.8193],[80.4496,15.814],[80.4385,15.8085],[80.4279,15.8026],[80.4171,15.7971],[80.4063,15.791],[80.396,15.7846],[80.3857,15.7782],[80.3751,15.7718],[80.3651,15.7651],[80.3551,15.7582],[80.3451,15.7512],[80.3363,15.7429],[80.3268,15.7351],[80.3182,15.7265],[80.3096,15.7179],[80.3015,15.709],[80.2935,15.6999],[80.2857,15.6907],[80.2782,15.681],[80.2701,15.6721],[80.2649,15.6607],[80.2601,15.6496],[80.2546,15.6388],[80.2487,15.6282],[80.2438,15.6168],[80.2393,15.6051],[80.236,15.5929],[80.2326,15.581],[80.2296,15.5693],[80.2265,15.5557],[80.2276,15.5421],[80.2237,15.5304],[80.2176,15.5199],[80.2146,15.5079],[80.2051,15.5004],[80.2099,15.489],[80.2065,15.4774],[80.2012,15.4665],[80.1943,15.4565],[80.1865,15.4471],[80.1787,15.4379],[80.1704,15.429],[80.1623,15.4199],[80.1546,15.4104],[80.1465,15.4013],[80.1393,15.3915],[80.1318,15.3821],[80.1251,15.3721],[80.1188,15.3618],[80.1129,15.3512],[80.1079,15.3399],[80.1054,15.3279],[80.1001,15.3171],[80.0879,15.314],[80.0993,15.3099],[80.0935,15.2993],[80.0896,15.2879],[80.0857,15.2765],[80.0835,15.264],[80.0835,15.2515],[80.0868,15.2388],[80.0879,15.2251],[80.0874,15.2118],[80.0849,15.1993],[80.0782,15.189],[80.0679,15.1954],[80.0582,15.2029],[80.0474,15.2096],[80.0557,15.2007],[80.0638,15.1915],[80.0732,15.184],[80.0738,15.1718],[80.0685,15.161],[80.064,15.1493],[80.0604,15.1374],[80.0565,15.1254],[80.0529,15.1135],[80.0501,15.1013],[80.0482,15.0887],[80.0482,15.069],[80.049,15.0518],[80.0499,15.0379],[80.0512,15.0257],[80.0532,15.0112],[80.0549,14.9993],[80.0574,14.9871],[80.0599,14.974],[80.0621,14.9621],[80.064,14.9501],[80.0668,14.9379],[80.0693,14.926],[80.0751,14.9154],[80.0785,14.9038],[80.0818,14.8915],[80.0846,14.879],[80.0857,14.8665],[80.0863,14.8521],[80.0871,14.8365],[80.0876,14.8243],[80.0888,14.8115],[80.0768,14.8135],[80.0662,14.8201],[80.0754,14.8121],[80.0871,14.8085],[80.0943,14.7985],[80.0971,14.7868],[80.0999,14.7751],[80.1043,14.7632],[80.1085,14.7513],[80.1143,14.7401],[80.1232,14.7318],[80.1304,14.7221],[80.136,14.7113],[80.1349,14.6993],[80.1387,14.711],[80.144,14.7001],[80.1468,14.6882],[80.1501,14.6757],[80.1537,14.6621],[80.1565,14.6502],[80.1601,14.6385],[80.1643,14.6271],[80.1693,14.616],[80.1768,14.6063],[80.1876,14.6007],[80.1971,14.5932],[80.1979,14.5807],[80.194,14.5693],[80.1907,14.5574],[80.1865,14.5457],[80.1791,14.5351],[80.1813,14.5215],[80.1796,14.5096],[80.1785,14.494],[80.1774,14.4813],[80.1762,14.466],[80.1754,14.4513],[80.1743,14.4371],[80.1732,14.4196],[80.1726,14.4057],[80.1724,14.3901],[80.1712,14.3776],[80.1701,14.3646],[80.1682,14.3524],[80.1649,14.3404],[80.1593,14.3293],[80.1543,14.3182],[80.1496,14.3071],[80.1454,14.2951],[80.1418,14.2832],[80.1387,14.2701],[80.1376,14.2537],[80.1346,14.241],[80.1315,14.2293],[80.1293,14.2165],[80.1285,14.2043],[80.1274,14.1921],[80.1265,14.1788],[80.1268,14.1668],[80.1265,14.1543],[80.1279,14.1421],[80.1293,14.1296],[80.1243,14.1185],[80.1318,14.1074],[80.1338,14.0949],[80.1363,14.0826],[80.1396,14.071],[80.1424,14.0593],[80.1443,14.0474],[80.1479,14.0351],[80.1504,14.0215],[80.1551,14.0104],[80.1599,13.999],[80.1637,13.9874],[80.1668,13.9757],[80.1696,13.9637],[80.169,13.976],[80.1663,13.9882],[80.1621,14.0001],[80.1571,14.0124],[80.1629,14.0018],[80.1679,13.9907],[80.1729,13.9796],[80.1785,13.9688],[80.1835,13.9574],[80.1879,13.9457],[80.1924,13.9343],[80.1963,13.9226],[80.2015,13.911],[80.2082,13.901],[80.2135,13.8901],[80.2188,13.879],[80.2229,13.8668],[80.226,13.8549],[80.2307,13.8438],[80.2351,13.8324],[80.2421,13.8226],[80.2457,13.8107],[80.2476,13.7985],[80.251,13.7862],[80.251,13.7738],[80.2487,13.7618],[80.2449,13.7504],[80.2412,13.7376],[80.2385,13.7249],[80.2363,13.7093],[80.2343,13.6974],[80.2335,13.6837],[80.2332,13.6707],[80.2343,13.6579],[80.2357,13.6451],[80.2376,13.6332],[80.241,13.6213],[80.2451,13.6099],[80.251,13.5993],[80.2565,13.5885],[80.2615,13.5774],[80.2668,13.5663],[80.2718,13.5551],[80.2763,13.5437],[80.2807,13.5324],[80.2851,13.521],[80.289,13.5093],[80.2926,13.4976],[80.2962,13.4857],[80.3018,13.4746],[80.3087,13.464],[80.3118,13.4521],[80.3151,13.4404],[80.3032,13.4379],[80.2943,13.446],[80.289,13.4568],[80.2874,13.469],[80.2846,13.4807],[80.2818,13.4999],[80.2779,13.5124],[80.2763,13.5243],[80.2643,13.5235],[80.2676,13.5354],[80.2654,13.5476],[80.2646,13.5601],[80.2562,13.5688],[80.2504,13.5796],[80.2432,13.5893],[80.2374,13.5999],[80.2274,13.6068],[80.2213,13.6179],[80.2135,13.6274],[80.2024,13.6321],[80.1932,13.6399],[80.1879,13.6515],[80.1899,13.6643],[80.1832,13.6743],[80.174,13.6821],[80.1643,13.6893],[80.1576,13.6993],[80.1454,13.7013],[80.1413,13.7126],[80.1468,13.7235],[80.1346,13.7263],[80.1307,13.7135],[80.1396,13.7046],[80.141,13.6926],[80.1424,13.6804],[80.1435,13.6682],[80.1474,13.656],[80.144,13.6407],[80.1443,13.6276],[80.1396,13.6165],[80.1276,13.6107],[80.1199,13.6201],[80.116,13.6315],[80.1093,13.6418],[80.1079,13.6543],[80.1196,13.6513],[80.1118,13.6421],[80.121,13.6499],[80.1196,13.6632],[80.1249,13.6757],[80.1129,13.6746],[80.1087,13.6862],[80.1085,13.6985],[80.1038,13.6874],[80.1015,13.6749],[80.1038,13.6626],[80.0938,13.6554],[80.0963,13.6679],[80.0857,13.6621],[80.0804,13.6513],[80.0932,13.6488],[80.0815,13.6446],[80.0726,13.6365],[80.0718,13.6224],[80.0762,13.6107],[80.0663,13.6026],[80.0568,13.5951],[80.0532,13.5835],[80.0615,13.5746],[80.0693,13.5654],[80.0768,13.556],[80.0879,13.551],[80.0951,13.5413],[80.0993,13.5299],[80.1079,13.5213],[80.1182,13.5151],[80.1304,13.5163],[80.1404,13.5096],[80.1468,13.4993],[80.1571,13.4926],[80.169,13.4904],[80.1813,13.4946],[80.1926,13.4904],[80.2049,13.4885],[80.2257,13.486],[80.2382,13.4868],[80.2465,13.4779],[80.2593,13.4743],[80.2671,13.4629],[80.271,13.4515],[80.2771,13.441],[80.2738,13.429],[80.2685,13.4182],[80.2743,13.429],[80.286,13.4326],[80.2974,13.4271],[80.3024,13.416],[80.3068,13.4274],[80.3128,13.4059],[80.3148,13.3918],[80.3153,13.3797],[80.3018,13.3779],[80.2821,13.3855],[80.2739,13.3977],[80.2716,13.4132],[80.2649,13.4283],[80.2599,13.4474],[80.252,13.4589],[80.2436,13.4678],[80.2303,13.4768],[80.2162,13.4818],[80.2037,13.478],[80.1818,13.4778],[80.1658,13.4778],[80.1521,13.4789],[80.1376,13.4912],[80.1279,13.499],[80.1069,13.5039],[80.0957,13.5098],[80.0887,13.5255],[80.0763,13.5261],[80.0694,13.5376],[80.051,13.5305],[80.0341,13.5218],[80.0175,13.5251],[80.0077,13.5324],[79.9941,13.5296],[79.9897,13.513],[80.0062,13.5151],[80.0136,13.5039],[80.0256,13.504],[80.037,13.4994],[80.036,13.4845],[80.0189,13.4864],[80.0059,13.4878],[79.9954,13.4595],[79.9683,13.4564],[79.9622,13.4441],[79.961,13.4277],[79.9585,13.4129],[79.9443,13.4108],[79.9325,13.4044],[79.9356,13.3906],[79.9503,13.382],[79.948,13.3672],[79.94,13.3581],[79.9287,13.3435],[79.9107,13.3437],[79.9039,13.3333],[79.8918,13.3246],[79.8802,13.3204],[79.8706,13.3118],[79.8557,13.3081],[79.8391,13.3033],[79.824,13.3023],[79.8085,13.3051],[79.795,13.2986],[79.7873,13.2846],[79.7742,13.2851],[79.7541,13.3028],[79.7498,13.2909],[79.7415,13.2767],[79.7296,13.2751],[79.7218,13.2657],[79.7394,13.2544],[79.7528,13.2438],[79.7754,13.2341],[79.7849,13.2235],[79.7736,13.2175],[79.7633,13.2089],[79.7518,13.2048],[79.7444,13.1949],[79.7375,13.2055],[79.7265,13.2174],[79.7114,13.2105],[79.6996,13.2027],[79.6894,13.2113],[79.6957,13.2238],[79.6919,13.2385],[79.6807,13.2284],[79.6711,13.2358],[79.6843,13.2567],[79.6793,13.2693],[79.6685,13.2819],[79.6626,13.2681],[79.6486,13.2734],[79.6325,13.2735],[79.6296,13.2609],[79.6152,13.2605],[79.6051,13.2674],[79.5887,13.2604],[79.5854,13.2471],[79.571,13.2474],[79.5548,13.2592],[79.5463,13.274],[79.5392,13.2898],[79.5358,13.3111],[79.5227,13.3159],[79.5095,13.3147],[79.4872,13.3166],[79.4546,13.3243],[79.4289,13.3236],[79.4014,13.3158],[79.3746,13.303],[79.3856,13.2947],[79.399,13.2892],[79.4218,13.2867],[79.4184,13.2746],[79.4123,13.2575],[79.4073,13.2377],[79.4087,13.2196],[79.4269,13.2227],[79.4425,13.2292],[79.4455,13.2168],[79.4216,13.2085],[79.4216,13.1932],[79.3979,13.1864],[79.3844,13.1847],[79.369,13.1763],[79.3649,13.1604],[79.3478,13.163],[79.3478,13.1438],[79.3546,13.1298],[79.3378,13.1232],[79.3167,13.1194],[79.3097,13.1069],[79.2975,13.0974],[79.2988,13.1148],[79.285,13.1229],[79.2727,13.1267],[79.2674,13.1412],[79.2527,13.1413],[79.2433,13.1334],[79.2264,13.1346],[79.2147,13.1277],[79.2224,13.116],[79.2183,13.1039],[79.2074,13.0914],[79.1933,13.0897],[79.187,13.0771],[79.1791,13.0601],[79.1694,13.053],[79.1765,13.0383],[79.1744,13.0253],[79.1612,13.0118],[79.1416,13.0098],[79.1311,13.0168],[79.1193,13.0226],[79.1044,13.0242],[79.0828,13.0125],[79.0691,13.0142],[79.054,13.0282],[79.0439,13.0437],[79.0259,13.0496],[79.0114,13.0578],[78.9952,13.063],[78.9817,13.0762],[78.9647,13.0728],[78.9551,13.0649],[78.9366,13.07],[78.9144,13.0678],[78.9108,13.0561],[78.8935,13.0351],[78.9174,13.0325],[78.9275,13.0235],[78.8901,13.0198],[78.8794,13.0255],[78.8809,13.0443],[78.8804,13.0696],[78.8835,13.082],[78.8703,13.0869],[78.8607,13.0795],[78.8439,13.0715],[78.8134,13.0746],[78.8009,13.0755],[78.7866,13.0622],[78.7775,13.0532],[78.7545,13.047],[78.7395,13.0455],[78.7255,13.0528],[78.7024,13.0562],[78.696,13.0125],[78.6794,13.009],[78.6511,13.0179],[78.6451,13.0073],[78.6373,12.9968],[78.6205,12.9825],[78.6379,12.9544],[78.6357,12.9383],[78.6467,12.919],[78.6307,12.916],[78.6197,12.9021],[78.6122,12.8886],[78.606,12.8737],[78.6044,12.8574],[78.5916,12.8385],[78.5956,12.8155],[78.5882,12.8048],[78.5898,12.7924],[78.5829,12.7762],[78.5657,12.759],[78.5541,12.7461],[78.5456,12.7286],[78.5482,12.715],[78.5493,12.7007],[78.5477,12.6856],[78.5313,12.6799],[78.5202,12.687],[78.5275,12.6973],[78.516,12.7035],[78.5109,12.7217],[78.4971,12.7241],[78.4844,12.7348],[78.4915,12.7171],[78.509,12.7049],[78.5039,12.6933],[78.4949,12.7037],[78.4875,12.6926],[78.4934,12.681],[78.4886,12.6633],[78.4741,12.6592],[78.4577,12.6622],[78.4594,12.6388],[78.4601,12.6205],[78.4474,12.6165],[78.4249,12.6149],[78.4123,12.6183],[78.3998,12.6133],[78.3861,12.6139],[78.3683,12.6118],[78.3484,12.6236],[78.3388,12.6319],[78.3224,12.6372],[78.3088,12.65],[78.295,12.6542],[78.2842,12.6676],[78.2672,12.6874],[78.2391,12.6924],[78.2274,12.6893],[78.2281,12.6739],[78.214,12.6748],[78.2001,12.6756],[78.1895,12.6836],[78.1947,12.6953],[78.2098,12.6993],[78.2272,12.7152],[78.2193,12.747],[78.2295,12.762],[78.2354,12.7876],[78.2402,12.8031],[78.2411,12.8474],[78.2538,12.8496],[78.2706,12.8505],[78.3031,12.8472],[78.3041,12.8658],[78.3216,12.8629],[78.3275,12.874],[78.3109,12.8738],[78.3135,12.8886],[78.3272,12.8892],[78.3383,12.9065],[78.344,12.9181],[78.361,12.9116],[78.3687,12.9018],[78.3834,12.8954],[78.3995,12.8962],[78.4115,12.8909],[78.4247,12.8934],[78.4358,12.9007],[78.4383,12.8862],[78.4464,12.8747],[78.4521,12.8557],[78.4583,12.8797],[78.4561,12.8928],[78.4429,12.9041],[78.4259,12.9171],[78.4204,12.929],[78.4198,12.9467],[78.4219,12.9627],[78.4336,12.9688],[78.4579,12.9632],[78.4594,12.9758],[78.4554,12.9901],[78.4523,13.0038],[78.4499,13.0258],[78.4611,13.032],[78.4711,13.0439],[78.4875,13.0494],[78.5046,13.0528],[78.4986,13.0698],[78.5019,13.0817],[78.5138,13.0847],[78.528,13.0974],[78.5162,13.1008],[78.5087,13.1133],[78.5214,13.1291],[78.5354,13.1307],[78.5337,13.1461],[78.5469,13.1534],[78.5613,13.1557],[78.5657,13.1718],[78.5565,13.1798],[78.5425,13.1802],[78.5533,13.1892],[78.5659,13.2009],[78.5572,13.212],[78.5589,13.2271],[78.5632,13.2384],[78.5722,13.2486],[78.5775,13.262],[78.5672,13.2718],[78.5616,13.288],[78.5557,13.2994],[78.5532,13.2846],[78.5472,13.2727],[78.5356,13.2761],[78.5256,13.2693],[78.5208,13.2556],[78.5083,13.2695],[78.4952,13.2792],[78.4835,13.2881],[78.4702,13.2939],[78.4717,13.3079],[78.4542,13.3041],[78.4413,13.2995],[78.4303,13.3078],[78.4245,13.3191],[78.4071,13.3101],[78.3913,13.3037],[78.3829,13.3141],[78.367,13.32],[78.3713,13.3324],[78.3846,13.3235],[78.3974,13.3323],[78.3849,13.3382],[78.3748,13.3464],[78.3605,13.347],[78.3598,13.3643],[78.3687,13.3798],[78.3713,13.3972],[78.3673,13.415],[78.367,13.4313],[78.3642,13.4456],[78.3636,13.4592],[78.3674,13.482],[78.3673,13.4952],[78.3742,13.5055],[78.3855,13.5317],[78.386,13.544],[78.3978,13.5662],[78.3908,13.5781],[78.3671,13.5803],[78.3437,13.5778],[78.3228,13.583],[78.2918,13.5788],[78.2654,13.5782],[78.2497,13.5743],[78.2366,13.5845],[78.2226,13.5771],[78.2085,13.5819],[78.2024,13.568],[78.189,13.5564],[78.1811,13.5737],[78.1886,13.5884],[78.1954,13.6016],[78.1939,13.6162],[78.1656,13.621],[78.159,13.6452],[78.1462,13.6497],[78.1291,13.6483],[78.1159,13.6456],[78.0939,13.6403],[78.0807,13.6353],[78.08,13.6504],[78.0659,13.6645],[78.0654,13.6801],[78.0852,13.6806],[78.0999,13.6826],[78.1072,13.6984],[78.1094,13.7102],[78.0974,13.7232],[78.0849,13.7335],[78.0953,13.7503],[78.1065,13.7568],[78.1182,13.7769],[78.109,13.7984],[78.1173,13.8218],[78.1135,13.8409],[78.106,13.8535],[78.0884,13.8549],[78.0749,13.8549],[78.0709,13.872],[78.0547,13.8794],[78.0412,13.8867],[78.0427,13.8734],[78.0413,13.8581],[78.0156,13.8544],[78.0048,13.8617],[77.9915,13.8624],[77.9812,13.8488],[77.9704,13.8266],[77.9446,13.82],[77.9457,13.8398],[77.9418,13.8711],[77.9495,13.8845],[77.9716,13.8886],[77.9747,13.9053],[77.9734,13.9199],[77.978,13.9376],[77.9664,13.9506],[77.9553,13.9419],[77.9508,13.9279],[77.9389,13.9246],[77.9297,13.9088],[77.9198,13.8987],[77.9059,13.8995],[77.8957,13.9077],[77.8873,13.9177],[77.887,13.9312],[77.8624,13.9268],[77.846,13.9283],[77.8301,13.9272],[77.8183,13.9349],[77.8085,13.9226],[77.8064,13.9086],[77.8111,13.8947],[77.825,13.8799],[77.8192,13.866],[77.8108,13.8521],[77.8028,13.8407],[77.7864,13.8399],[77.7741,13.8317],[77.7803,13.82],[77.7692,13.8085],[77.7553,13.8075],[77.741,13.8038],[77.7284,13.8017],[77.7185,13.7927],[77.7128,13.7747],[77.7142,13.7608],[77.7135,13.7462],[77.7087,13.7327],[77.6955,13.7614],[77.6788,13.7557],[77.6637,13.7523],[77.6718,13.7701],[77.6566,13.7767],[77.6143,13.7603],[77.6126,13.7469],[77.6338,13.7413],[77.6285,13.7299],[77.6156,13.7284],[77.6043,13.7426],[77.5869,13.7368],[77.5736,13.7267],[77.5561,13.7165],[77.5451,13.7282],[77.5395,13.7437],[77.5197,13.7438],[77.5227,13.7311],[77.5275,13.719],[77.5278,13.707],[77.5215,13.6879],[77.508,13.6888],[77.5028,13.7044],[77.4873,13.7068],[77.4835,13.6917],[77.4829,13.6797],[77.4498,13.6758],[77.4448,13.6958],[77.4568,13.7126],[77.4581,13.7303],[77.4626,13.7436],[77.454,13.778],[77.4527,13.7913],[77.4468,13.802],[77.4287,13.788],[77.4169,13.7909],[77.4082,13.8025],[77.4151,13.8154],[77.4247,13.8267],[77.4039,13.8314],[77.3898,13.8329],[77.3729,13.8313],[77.3675,13.8432],[77.3522,13.8444],[77.3399,13.8348],[77.3272,13.8248],[77.3162,13.8397],[77.3109,13.8511],[77.296,13.8536],[77.2855,13.846],[77.256,13.8395],[77.253,13.8561],[77.2407,13.8659],[77.2388,13.8815],[77.2401,13.8941],[77.2255,13.8955],[77.2209,13.8818],[77.217,13.8693],[77.2081,13.8604],[77.2088,13.8784],[77.201,13.8665],[77.1927,13.8562],[77.1788,13.8598],[77.1796,13.8783],[77.1813,13.8912],[77.1816,13.9108],[77.1701,13.9163],[77.1596,13.9085],[77.157,13.8913],[77.1624,13.8763],[77.1625,13.857],[77.1482,13.8598],[77.1302,13.8499],[77.1405,13.8379],[77.1579,13.8255],[77.1562,13.8113],[77.1557,13.7981],[77.1641,13.7804],[77.1696,13.7614],[77.1582,13.7549],[77.1375,13.7557],[77.1235,13.7509],[77.1109,13.7546],[77.0953,13.7609],[77.0804,13.7534],[77.0806,13.7374],[77.06,13.7389],[77.0473,13.7561],[77.0352,13.7693],[77.0199,13.7699],[77.0138,13.7475],[77.0114,13.7327],[76.9939,13.7415],[76.9901,13.7531],[76.9863,13.7665],[76.9812,13.7858],[76.9837,13.8042],[76.9688,13.8102],[76.9765,13.8214],[76.9863,13.8392],[77.006,13.8501],[77.008,13.8629],[77.0166,13.8877],[77.0278,13.8972],[77.0413,13.8974],[77.0358,13.9256],[77.0186,13.9348],[77.0081,13.9474],[76.9951,13.9527],[76.9902,13.9703],[76.985,13.9875],[76.9752,13.9966],[76.9642,14.0022],[76.9486,14.0068],[76.9408,14.0206],[76.9337,14.0407],[76.9497,14.0478],[76.9715,14.0524],[76.975,14.0653],[76.9681,14.0797],[76.9514,14.0854],[76.9466,14.103],[76.9374,14.1152],[76.927,14.1272],[76.9125,14.1221],[76.8985,14.1269],[76.8837,14.131],[76.8892,14.1509],[76.8968,14.1619],[76.9172,14.1577],[76.937,14.1659],[76.9415,14.178],[76.9538,14.181],[76.9657,14.1743],[76.9782,14.1729],[76.9944,14.1737],[77.014,14.173],[77.016,14.1527],[77.0149,14.1322],[77.0164,14.1175],[77.0083,14.0981],[77.024,14.0834],[77.0202,14.0614],[77.0285,14.052],[77.0432,14.0517],[77.069,14.0472],[77.0908,14.0383],[77.104,14.0406],[77.1211,14.0422],[77.1278,14.0187],[77.1329,14.0042],[77.1444,13.9935],[77.1584,13.9935],[77.1617,14.0062],[77.1946,14.0029],[77.2077,14.0049],[77.2273,14.008],[77.2426,14.0063],[77.2558,14.021],[77.2715,14.0281],[77.2742,14.0162],[77.2923,14.0145],[77.3036,14.0267],[77.3165,14.0215],[77.3202,14.0093],[77.3301,13.9949],[77.3457,13.9856],[77.3534,13.9763],[77.3469,13.9606],[77.362,13.9455],[77.3526,13.9285],[77.3426,13.9122],[77.3483,13.8965],[77.3904,13.8977],[77.3919,13.8799],[77.4085,13.8888],[77.419,13.8949],[77.4274,13.9092],[77.4102,13.9146],[77.4077,13.9361],[77.4226,13.939],[77.429,13.9564],[77.4306,13.9688],[77.4205,13.9769],[77.3865,13.974],[77.3727,13.9755],[77.3799,13.9933],[77.3834,14.0074],[77.3623,14.016],[77.3501,14.0165],[77.3262,14.0229],[77.3313,14.0398],[77.338,14.0538],[77.3501,14.0534],[77.3614,14.066],[77.3724,14.0719],[77.3797,14.0904],[77.3954,14.1034],[77.3897,14.1186],[77.3733,14.1126],[77.3589,14.1087],[77.3485,14.0993],[77.3465,14.1179],[77.365,14.1271],[77.3787,14.1383],[77.3896,14.1535],[77.3975,14.1665],[77.4097,14.1697],[77.4235,14.1651],[77.4539,14.163],[77.4885,14.1531],[77.5004,14.151],[77.5068,14.1642],[77.5094,14.177],[77.5011,14.1932],[77.4931,14.214],[77.4901,14.2276],[77.4963,14.2404],[77.4994,14.2605],[77.4921,14.2713],[77.4793,14.2848],[77.4684,14.2794],[77.4547,14.2722],[77.4436,14.2776],[77.4424,14.2909],[77.4423,14.3098],[77.4275,14.3048],[77.4259,14.3208],[77.4093,14.3271],[77.3949,14.3292],[77.3788,14.3171],[77.3739,14.3051],[77.3812,14.283],[77.3843,14.2656],[77.401,14.2604],[77.4048,14.2486],[77.4091,14.2236],[77.4157,14.212],[77.3912,14.1909],[77.3801,14.2026],[77.3766,14.2167],[77.3643,14.2233],[77.3592,14.2436],[77.3583,14.2603],[77.3434,14.2705],[77.3206,14.2735],[77.3075,14.2738],[77.2955,14.2765],[77.2796,14.2761],[77.2819,14.2905],[77.2811,14.3311],[77.2673,14.327],[77.2513,14.3206],[77.232,14.3111],[77.2098,14.313],[77.1964,14.3143],[77.1795,14.3264],[77.1642,14.3305],[77.1522,14.3377],[77.1355,14.334],[77.1309,14.3138],[77.1258,14.3015],[77.1173,14.2914],[77.1105,14.2749],[77.1069,14.2618],[77.1116,14.2485],[77.1105,14.232],[77.1051,14.2133],[77.0849,14.2085],[77.0676,14.2179],[77.0553,14.2323],[77.0406,14.2408],[77.0246,14.2367],[77.0125,14.2351],[76.9946,14.2356],[76.9825,14.2382],[76.9697,14.2352],[76.9514,14.2342],[76.9378,14.2401],[76.9336,14.2535],[76.9258,14.2644],[76.9355,14.2766],[76.9487,14.2868],[76.9467,14.3004],[76.9366,14.3084],[76.9231,14.3097],[76.9062,14.3153],[76.8854,14.3396],[76.8786,14.3514],[76.8831,14.3903],[76.8966,14.3945],[76.9131,14.4136],[76.9368,14.4013],[76.9443,14.4252],[76.9427,14.4398],[76.9586,14.4454],[76.9742,14.4704],[76.9558,14.4796],[76.9065,14.4842],[76.8943,14.4808],[76.8803,14.4705],[76.8638,14.4747],[76.8604,14.4871],[76.8542,14.4989],[76.8439,14.5091],[76.8321,14.5151],[76.8197,14.5203],[76.8051,14.5249],[76.7947,14.5407],[76.7862,14.5531],[76.7782,14.5793],[76.7609,14.5963],[76.763,14.6119],[76.7695,14.6563],[76.7713,14.6738],[76.7811,14.6905],[76.7855,14.7071],[76.7981,14.7346],[76.7881,14.7518],[76.7813,14.7743],[76.811,14.7814],[76.8264,14.787],[76.835,14.8001],[76.8469,14.8023],[76.8485,14.8143],[76.8403,14.8281],[76.8494,14.8387],[76.8541,14.8614],[76.8491,14.8799],[76.8603,14.8912],[76.8639,14.9117],[76.8655,14.9376],[76.8637,14.9552],[76.8412,14.9612],[76.8279,14.951],[76.8155,14.9638],[76.7969,14.9629],[76.7721,14.9686],[76.7619,14.9753],[76.7624,14.9895],[76.7695,15.0006],[76.7846,15.0167],[76.7808,15.0342],[76.7711,15.0541],[76.7757,15.0692],[76.7842,15.0808],[76.7969,15.0908],[76.8119,15.0802],[76.8294,15.0743],[76.8432,15.0662],[76.8606,15.0567],[76.8698,15.044],[76.8767,15.0287],[76.8887,15.0318],[76.9054,15.0293],[76.9194,15.0285],[76.9317,15.0263],[76.9507,15.0244],[76.9668,15.0132],[76.9818,15.0104],[76.9957,15.0237],[77.0093,15.0296],[77.023,15.0277],[77.0375,15.0276],[77.0464,15.016],[77.0509,15.0043],[77.0686,15.0011],[77.0805,15.0079],[77.0821,15.0223],[77.1017,15.0273],[77.1116,15.0381],[77.1184,15.0506],[77.1255,15.0682],[77.1276,15.0936],[77.1394,15.0999],[77.154,15.1205],[77.1354,15.136],[77.137,15.1493],[77.1531,15.1488],[77.1632,15.1613],[77.1615,15.1822],[77.1582,15.1938],[77.15,15.2079],[77.1414,15.2181],[77.1209,15.2212],[77.1235,15.2333],[77.1403,15.2516],[77.1579,15.2514],[77.1499,15.2669],[77.1479,15.2857],[77.1237,15.2876],[77.1134,15.3191],[77.0993,15.3266],[77.0691,15.3195],[77.0629,15.3379],[77.0426,15.3522],[77.0423,15.3748],[77.041,15.3915],[77.0285,15.4013],[77.031,15.4183],[77.0274,15.4352],[77.0153,15.4411],[77.002,15.4554],[76.996,15.4675],[76.9761,15.482],[76.9701,15.495],[76.9817,15.5048],[76.996,15.4997],[77.0266,15.5],[77.0289,15.5251],[77.0237,15.5764],[77.0289,15.5983],[77.0271,15.6293],[77.0689,15.6409],[77.0814,15.6528],[77.0959,15.6441],[77.1039,15.6339],[77.1162,15.6251],[77.1209,15.6372],[77.125,15.6591],[77.1105,15.6713],[77.1008,15.6789],[77.0759,15.6909],[77.0844,15.709],[77.0763,15.7214],[77.063,15.7237],[77.0471,15.725],[77.0467,15.7513],[77.0497,15.7641],[77.0598,15.7788],[77.0672,15.7961],[77.0639,15.8232],[77.0499,15.8201],[77.0384,15.8255],[77.0244,15.8295],[77.029,15.8449],[77.041,15.864],[77.0525,15.8763],[77.0582,15.8872],[77.066,15.8993],[77.0768,15.9097],[77.0901,15.9179],[77.1046,15.9245],[77.1207,15.9288],[77.1368,15.9362],[77.1571,15.9445],[77.1707,15.9455],[77.1878,15.9507],[77.203,15.9499],[77.2187,15.9516],[77.2361,15.9527],[77.2489,15.9577],[77.2632,15.9514],[77.2824,15.9474],[77.3002,15.9505],[77.3148,15.9452],[77.3352,15.9433],[77.3536,15.9437],[77.3681,15.936],[77.3856,15.9345],[77.4,15.9355],[77.4164,15.938],[77.4365,15.939],[77.4525,15.9315],[77.467,15.9276],[77.4833,15.9281],[77.4973,15.9263],[77.5095,15.9209],[77.5317,15.9161],[77.5488,15.9137],[77.5716,15.9123],[77.5884,15.907],[77.6064,15.9117],[77.6188,15.9038],[77.632,15.8918],[77.6482,15.8789],[77.6835,15.8739],[77.6994,15.8804],[77.7161,15.8866],[77.732,15.8822],[77.7496,15.8759],[77.7702,15.8733],[77.7898,15.8666],[77.8092,15.867],[77.8253,15.8738],[77.8398,15.8739],[77.8557,15.8758],[77.8669,15.8924],[77.8877,15.8959],[77.9076,15.8849],[77.9283,15.8765],[77.944,15.8749],[77.9631,15.8759],[77.9936,15.861],[78.0066,15.872],[78.0147,15.8888],[78.0242,15.8986],[78.0363,15.9021],[78.0407,15.8722],[78.0585,15.8504],[78.1011,15.8279],[78.1198,15.8303],[78.1258,15.8489],[78.1379,15.8502],[78.1509,15.849],[78.1647,15.849],[78.1707,15.8664],[78.1791,15.8798],[78.1792,15.8949],[78.1967,15.9122],[78.2279,15.9235],[78.2429,15.937],[78.2474,15.96],[78.2529,15.9784],[78.2597,15.9947],[78.2514,16.0257],[78.2682,16.0348],[78.2811,16.0321],[78.3162,16.0292],[78.3311,16.0471],[78.3531,16.0545],[78.37,16.0598],[78.3842,16.0718],[78.4057,16.0809],[78.421,16.0828],[78.451,16.081],[78.4956,16.0731],[78.5208,16.0651],[78.5329,16.0623],[78.5469,16.0562],[78.5591,16.0564],[78.5764,16.0703],[78.5926,16.0872],[78.6035,16.0964],[78.617,16.0989],[78.6365,16.0914],[78.6467,16.0827],[78.6578,16.0714],[78.6684,16.0558],[78.6866,16.0404],[78.7137,16.0267],[78.726,16.023],[78.739,16.0211],[78.7539,16.021],[78.775,16.0236],[78.79,16.0327],[78.808,16.0462],[78.8216,16.0622],[78.8365,16.0874],[78.8403,16.1028],[78.8339,16.1201],[78.8313,16.133],[78.8321,16.1518],[78.8463,16.1595],[78.8629,16.1531],[78.868,16.1353],[78.8694,16.1216],[78.8891,16.0986],[78.9012,16.0976],[78.9105,16.1052],[78.9219,16.1219],[78.9056,16.1649],[78.9055,16.1819],[78.9255,16.2023],[78.9411,16.2098],[78.959,16.2172],[78.9781,16.2231],[78.9924,16.2283],[79.0102,16.2404],[79.0309,16.2457],[79.0541,16.2426],[79.0686,16.2381],[79.123,16.2379],[79.1425,16.2293],[79.1627,16.2202],[79.1766,16.2171],[79.192,16.2227],[79.2075,16.2307],[79.2187,16.2396],[79.2251,16.2501],[79.2298,16.3002],[79.2279,16.3368],[79.2232,16.3504],[79.2115,16.3628],[79.2126,16.3938],[79.215,16.4158],[79.2191,16.4382],[79.2264,16.4525],[79.2351,16.4707],[79.2241,16.4921],[79.2253,16.5082],[79.2304,16.5193],[79.2608,16.5464],[79.2661,16.5615],[79.2824,16.5654],[79.2951,16.5674],[79.3198,16.5759],[79.3333,16.5785],[79.3455,16.5796],[79.4027,16.5804],[79.4266,16.5825],[79.4432,16.5937],[79.4506,16.6091],[79.4701,16.6187],[79.4972,16.6305],[79.5121,16.6337],[79.5367,16.6316],[79.554,16.6346],[79.574,16.6436],[79.5856,16.6514],[79.5999,16.6633],[79.6168,16.6646],[79.6333,16.6609],[79.648,16.662],[79.6555,16.6741],[79.6686,16.684],[79.683,16.6904],[79.7227,16.6926],[79.7338,16.698],[79.7505,16.7201],[79.7631,16.7271],[79.7749,16.7295],[79.8103,16.6905],[79.8259,16.6915],[79.8446,16.6965],[79.8618,16.6982],[79.8733,16.6887],[79.8807,16.6762],[79.8909,16.6496],[79.9021,16.6378],[79.9138,16.6331],[79.9426,16.6326],[79.9582,16.642],[79.973,16.6595],[79.9915,16.6926],[80.0024,16.7029],[80.0167,16.7118],[80.0328,16.7318],[80.0434,16.7397],[80.0516,16.7713],[80.0577,16.7819],[80.0649,16.8025],[80.0697,16.8136],[80.0418,16.8261],[80.0344,16.8391],[80.0331,16.8524],[80.0138,16.8529],[79.9941,16.8622],[79.9951,16.8773],[80.0028,16.8915],[80.0096,16.9073],[80.0186,16.9188],[80.0285,16.9274],[80.0371,16.9365],[80.0459,16.9653],[80.0842,16.9632],[80.0839,16.9777],[80.0995,16.9828],[80.1128,16.9823],[80.1269,16.9853],[80.1406,16.9933],[80.1491,17.0081],[80.1672,17.0236],[80.1821,17.0449],[80.1943,17.0425],[80.1961,17.0257],[80.2013,17.0131],[80.2132,17.0192],[80.2322,17.0049],[80.2503,17.0074],[80.2622,17.0106],[80.2762,16.9932],[80.289,16.9768],[80.3014,16.9559],[80.304,16.9395],[80.3078,16.9238],[80.3154,16.9124],[80.3161,16.8947],[80.3184,16.8774],[80.3373,16.8671],[80.3509,16.8533],[80.3647,16.8389],[80.3671,16.8268],[80.3729,16.8111],[80.3942,16.8252],[80.4002,16.837],[80.3997,16.8497],[80.4187,16.8423],[80.4228,16.8293],[80.4448,16.8194],[80.4551,16.8065],[80.4564,16.79],[80.471,16.7883],[80.4846,16.7813],[80.511,16.7699],[80.5301,16.7701],[80.5465,16.7677],[80.5628,16.7628],[80.5975,16.7851],[80.5936,16.7979],[80.5718,16.8121],[80.556,16.8184],[80.5624,16.8363],[80.5648,16.8499],[80.565,16.869],[80.5765,16.8731],[80.5858,16.8872],[80.5821,16.9031],[80.5891,16.9167],[80.5695,16.9269],[80.5317,16.9502],[80.5207,16.9364],[80.5098,16.9424],[80.4913,16.9482],[80.4869,16.9369],[80.4878,16.9174],[80.4699,16.9265],[80.4531,16.9383],[80.4425,16.9449],[80.4123,16.9542],[80.3976,16.957],[80.3808,16.9625],[80.3604,16.9705],[80.3697,16.983],[80.3712,16.9958],[80.3865,17.0029],[80.3838,17.0198],[80.3784,17.0341],[80.3716,17.0475],[80.3742,17.0631],[80.3901,17.0762],[80.3998,17.0653],[80.4143,17.0418],[80.4178,17.0286],[80.4327,17.0218],[80.4462,17.017],[80.4529,17.037],[80.4717,17.0381],[80.4822,17.0503],[80.4846,17.0676],[80.4868,17.0829],[80.4965,17.1013],[80.5117,17.1062],[80.5292,17.1136],[80.5417,17.1204],[80.5602,17.138],[80.5735,17.1353],[80.5951,17.1196],[80.6129,17.1166],[80.6298,17.11],[80.6364,17.097],[80.6566,17.0878],[80.6444,17.0771],[80.6377,17.0656],[80.6492,17.0546],[80.6678,17.0599],[80.6814,17.0643],[80.6952,17.0683],[80.7126,17.0655],[80.7257,17.0646],[80.7466,17.0549],[80.7661,17.0503],[80.7802,17.0488],[80.7928,17.043],[80.8232,17.0378],[80.8325,17.0257],[80.8449,17.0328],[80.8549,17.044],[80.8565,17.0685],[80.8625,17.0815],[80.8642,17.0958],[80.855,17.1114],[80.8668,17.1246],[80.8703,17.1463],[80.8889,17.1411],[80.904,17.1411],[80.9122,17.1535],[80.9149,17.1698],[80.907,17.1838],[80.9053,17.2013],[80.9206,17.2058],[80.939,17.2004],[80.956,17.1882],[80.9852,17.1794],[80.9977,17.182],[81.0262,17.1867],[81.0349,17.1973],[81.0465,17.2138],[81.0622,17.2041],[81.0845,17.2136],[81.1182,17.2246],[81.1455,17.2317],[81.1628,17.2326],[81.1806,17.2546],[81.1711,17.2667],[81.1706,17.2965],[81.1782,17.3145],[81.1903,17.3274],[81.2188,17.3217],[81.2343,17.3228],[81.2575,17.3227],[81.2818,17.3298],[81.2988,17.3521],[81.3116,17.3748],[81.3225,17.3892],[81.3373,17.39],[81.3433,17.3757],[81.364,17.3603],[81.3786,17.3561],[81.4064,17.3614],[81.4183,17.3664],[81.4336,17.3749],[81.4461,17.3907],[81.4573,17.4054],[81.4722,17.4195],[81.482,17.4322],[81.4934,17.4488],[81.4937,17.466],[81.4982,17.49],[81.498,17.5101],[81.4995,17.5315],[81.5091,17.5493],[81.5203,17.5646],[81.5127,17.583],[81.5079,17.5953],[81.5119,17.6099],[81.5341,17.6304],[81.5443,17.6453],[81.5536,17.6664],[81.5602,17.6767],[81.5712,17.6879],[81.5711,17.7029],[81.573,17.7187],[81.5819,17.7307],[81.6092,17.7436],[81.6186,17.7586],[81.6419,17.7656],[81.6747,17.7671],[81.6914,17.7757],[81.704,17.7996],[81.7234,17.8152],[81.7389,17.8216],[81.7529,17.8183],[81.7639,17.8299],[81.7824,17.832],[81.7944,17.8442],[81.7875,17.8625],[81.7689,17.8787],[81.7583,17.8934],[81.7757,17.9048],[81.786,17.9136],[81.7941,17.9297],[81.8198,17.9455],[81.8333,17.951],[81.8468,17.9508],[81.8741,17.9598],[81.8851,17.9658],[81.8993,17.9685],[81.9137,17.9799],[81.9361,17.9841],[81.9518,17.9921],[81.964,17.9999],[81.9805,18.0113],[81.9889,18.0203],[82.0017,18.0237],[82.0016,18.0448],[82.0168,18.0551],[82.0299,18.0565],[82.0452,18.0456],[82.0597,18.0451],[82.059,18.0585],[82.0722,18.0656],[82.0892,18.0574],[82.108,18.054],[82.1271,18.051],[82.1324,18.0356],[82.1423,18.0436],[82.1603,18.0436],[82.1731,18.0256],[82.1774,18.0106],[82.191,18.009],[82.2078,18.0007],[82.2182,17.9942],[82.2308,17.9937],[82.2383,17.9839],[82.2532,17.9802],[82.2673,17.9864],[82.2708,18.0107],[82.2662,18.0257],[82.2582,18.0349],[82.267,18.0483],[82.2789,18.0549],[82.2979,18.062],[82.2965,18.0461],[82.3055,18.0378],[82.3157,18.0467],[82.3298,18.0404],[82.3432,18.0678],[82.3432,18.0825],[82.3322,18.0941],[82.3325,18.107],[82.3303,18.119],[82.3334,18.1424],[82.3449,18.1346],[82.3576,18.1251],[82.3652,18.1397],[82.3487,18.1618],[82.333,18.1634],[82.3193,18.1714],[82.3082,18.1813],[82.3061,18.1957],[82.3197,18.201],[82.3328,18.2158],[82.3213,18.2225],[82.3302,18.2313],[82.3318,18.2468],[82.3369,18.2662],[82.3671,18.2709],[82.3822,18.2843],[82.3874,18.3006],[82.3844,18.3187],[82.3692,18.3178],[82.358,18.3082],[82.3429,18.3073],[82.3344,18.3171],[82.3502,18.3289],[82.3601,18.3437],[82.3764,18.3533],[82.3811,18.3667],[82.3752,18.3831],[82.3725,18.3981],[82.3613,18.4099],[82.3717,18.4202],[82.3823,18.4317],[82.3974,18.4516],[82.4122,18.4647],[82.4269,18.477],[82.4371,18.4973],[82.4499,18.5114],[82.474,18.5368],[82.4815,18.5151],[82.4982,18.506],[82.5143,18.5036],[82.5232,18.4935],[82.5275,18.4777],[82.5218,18.4618],[82.5212,18.4471],[82.5302,18.4343],[82.5384,18.4432],[82.5501,18.4389],[82.5502,18.4265],[82.5397,18.4169],[82.537,18.4042],[82.5352,18.3896],[82.5494,18.3835],[82.5652,18.384],[82.5773,18.3773],[82.5936,18.3705],[82.5976,18.3562],[82.6087,18.3512],[82.5992,18.3424],[82.6038,18.3204],[82.5897,18.3195],[82.5781,18.3094],[82.5878,18.302],[82.5903,18.2878],[82.5885,18.275],[82.5887,18.2621],[82.5983,18.2545],[82.6095,18.2493],[82.6164,18.2381],[82.6269,18.2287],[82.6372,18.2349],[82.6476,18.2447],[82.6449,18.2571],[82.6522,18.2721],[82.6588,18.2866],[82.6726,18.2922],[82.6903,18.2971],[82.7017,18.3048],[82.7109,18.3128],[82.7253,18.3116],[82.7378,18.3199],[82.7506,18.3233],[82.7618,18.3278],[82.7714,18.3397],[82.7842,18.3542],[82.7779,18.3709],[82.7876,18.3782],[82.7875,18.3902],[82.7816,18.4043],[82.7762,18.4155],[82.7871,18.4267],[82.7992,18.4394],[82.8184,18.4385],[82.8301,18.4261],[82.837,18.4143],[82.856,18.4108],[82.87,18.4062],[82.8794,18.4146],[82.8884,18.4063],[82.891,18.3922],[82.8849,18.3786],[82.8919,18.3669],[82.9027,18.3559],[82.9151,18.3564],[82.9276,18.361],[82.9455,18.3505],[82.9598,18.3572],[82.9764,18.3549],[82.9861,18.3659],[82.9971,18.3749],[83.0116,18.3782],[83.0238,18.3764],[83.037,18.3698],[83.0534,18.3753],[83.0658,18.3894],[83.0558,18.4044],[83.0606,18.4192],[83.0486,18.4249],[83.0374,18.4189],[83.039,18.432],[83.0248,18.4367],[83.0154,18.4444],[83.0246,18.4537],[83.037,18.4631],[83.0518,18.4775],[83.0604,18.4944],[83.0732,18.5147],[83.0823,18.5272],[83.0893,18.5379],[83.0715,18.5425],[83.0574,18.5347],[83.0451,18.5393],[83.0325,18.5479],[83.0255,18.5643],[83.0338,18.5757],[83.0511,18.5831],[83.0489,18.5953],[83.0378,18.5887],[83.0159,18.5848],[83.0203,18.6054],[83.0174,18.6234],[83.0095,18.6335],[83.0226,18.6444],[83.0362,18.6477],[83.051,18.6542],[83.0558,18.6671],[83.0708,18.6893],[83.0779,18.7053],[83.0881,18.7124],[83.0955,18.7231],[83.106,18.7385],[83.1165,18.748],[83.1158,18.7621],[83.133,18.7724],[83.1449,18.7669],[83.1562,18.7573],[83.1685,18.7591],[83.1808,18.7483],[83.1918,18.7418],[83.2024,18.7325],[83.2033,18.7196],[83.2125,18.7345],[83.2224,18.7451],[83.2173,18.759],[83.2293,18.7641],[83.2451,18.7581],[83.2594,18.7576],[83.2717,18.7632],[83.2699,18.7753],[83.2795,18.7896],[83.2921,18.7925],[83.3042,18.7989],[83.3183,18.7958],[83.3333,18.7927],[83.3393,18.8031],[83.3525,18.8002],[83.3501,18.8216],[83.3589,18.832],[83.3728,18.8212],[83.3865,18.8258],[83.3987,18.8335],[83.3969,18.8492],[83.4088,18.8545],[83.4043,18.866],[83.3878,18.871],[83.3789,18.8803],[83.3744,18.8919],[83.3839,18.8997],[83.3672,18.9004],[83.3502,18.9159],[83.3479,18.9321],[83.3628,18.9301],[83.371,18.9171],[83.3674,18.9335],[83.3608,18.9481],[83.349,18.9561],[83.3433,18.9352],[83.3414,18.9184],[83.329,18.9169],[83.3199,18.9258],[83.3311,18.9376],[83.326,18.9502],[83.3206,18.961],[83.3096,18.9768],[83.3053,18.9897],[83.3254,18.9888],[83.3327,18.9998],[83.3409,19.0092],[83.355,19.0094],[83.3623,18.9947],[83.3772,18.9947],[83.3888,19],[83.4014,18.9964],[83.4114,18.9887],[83.4329,18.9614],[83.44,18.9502],[83.4512,18.9445],[83.4623,18.9592],[83.4583,18.9725],[83.4502,18.9824],[83.4482,18.9959],[83.4585,19.0021],[83.4718,18.999],[83.4751,19.0115],[83.4774,19.0255],[83.4654,19.0362],[83.4633,19.0526],[83.4583,19.0671],[83.4703,19.0703],[83.4925,19.055],[83.5029,19.0647],[83.5085,19.0499],[83.5101,19.0362],[83.5082,19.022],[83.4936,19.0268],[83.4954,19.0111],[83.5153,19.0049],[83.5314,19.0054],[83.5331,19.0194],[83.5428,19.0368],[83.5523,19.0472],[83.5449,19.0621],[83.5515,19.0779],[83.5607,19.0662],[83.5577,19.0514],[83.5788,19.0498],[83.5818,19.0628],[83.5822,19.0756],[83.5932,19.0849],[83.6044,19.0929],[83.5968,19.1052],[83.5943,19.1203],[83.6052,19.131],[83.6191,19.1419],[83.6233,19.1536],[83.6284,19.1315],[83.6456,19.1231],[83.6459,19.1087],[83.6575,19.0878],[83.6569,19.0749],[83.6667,19.0645],[83.6764,19.0525],[83.6942,19.0211],[83.7168,19.0144],[83.7148,19.0021],[83.7044,18.9953],[83.7088,18.9838],[83.7263,18.9756],[83.73,18.9602],[83.7365,18.939],[83.7421,18.9231],[83.7561,18.9167],[83.7628,18.9065],[83.7774,18.9044],[83.7772,18.9191],[83.7699,18.933],[83.7615,18.9446],[83.7484,18.9514],[83.746,18.9632],[83.7396,18.9784],[83.7492,18.9907],[83.7606,18.9965],[83.7711,19.0026],[83.7815,19.0098],[83.7889,18.9983],[83.8025,18.9818],[83.8081,18.9684],[83.8148,18.9532],[83.8134,18.9336],[83.8212,18.922],[83.8169,18.9094],[83.8349,18.9093],[83.8416,18.8976],[83.8367,18.8727],[83.8437,18.8514],[83.8591,18.843],[83.8669,18.8235],[83.8832,18.8197],[83.8869,18.8054],[83.8955,18.8149],[83.9078,18.8164],[83.9206,18.8116],[83.9336,18.8069],[83.9398,18.7966],[83.9556,18.8031],[83.9694,18.8038],[83.9823,18.8],[84,18.8048],[84.0125,18.8006],[84.0271,18.8022],[84.0343,18.7901],[84.0479,18.7835],[84.0492,18.7707],[84.0605,18.7627],[84.0658,18.7517],[84.0779,18.7489],[84.0916,18.7452],[84.1076,18.7548],[84.1229,18.7483],[84.1279,18.7613],[84.1404,18.7677],[84.1514,18.7758],[84.1626,18.7686],[84.1798,18.769],[84.1865,18.7796],[84.2038,18.7826],[84.2167,18.7873],[84.2307,18.7856],[84.246,18.7734],[84.2589,18.7748],[84.2732,18.7825],[84.2839,18.7908],[84.3004,18.7817],[84.3125,18.7792],[84.327,18.7897],[84.3295,18.8045],[84.3441,18.8119],[84.3452,18.8268],[84.336,18.8414],[84.3341,18.858],[84.347,18.86],[84.3583,18.8513],[84.3693,18.859],[84.3662,18.8717],[84.3538,18.8751],[84.3714,18.8754],[84.3832,18.8693],[84.3861,18.883],[84.3742,18.8889],[84.3869,18.8899],[84.4098,18.8906],[84.4062,18.9061],[84.418,18.9007],[84.4294,18.9137],[84.42,18.9297],[84.4203,18.9494],[84.4345,18.9632],[84.4347,18.9768],[84.4256,18.9892],[84.42,19.0008],[84.4146,19.0124],[84.4298,19.0012],[84.4441,18.9946],[84.4628,18.9833],[84.4757,18.9917],[84.4778,19.0079],[84.4894,19.021],[84.5031,19.0293],[84.5272,19.0387],[84.5477,19.0461],[84.5597,19.0596],[84.5764,19.0646],[84.5751,19.0375],[84.5781,19.0189],[84.5901,19.0134],[84.6005,19.0329],[84.6076,19.0454],[84.6233,19.0557],[84.6368,19.0571],[84.6545,19.0523],[84.659,19.0636],[84.6542,19.081],[84.6347,19.0787],[84.6198,19.0765],[84.6168,19.09],[84.6029,19.0966],[84.5958,19.1152],[84.6094,19.1175],[84.6255,19.1183],[84.6404,19.1222],[84.6534,19.1229],[84.6645,19.1282],[84.6654,19.1447],[84.665,19.1567],[84.6781,19.1535],[84.6921,19.1517],[84.7052,19.149],[84.6973,19.1251],[84.6983,19.1103],[84.7119,19.1],[84.721,19.0921],[84.761,19.0713],[84.7543,19.0613],[84.7471,19.0513],[84.7401,19.0413],[84.7324,19.0312],[84.7249,19.0218],[84.7174,19.0124],[84.7093,19.0035],[84.7029,18.9932],[84.6954,18.9837],[84.6885,18.9738],[84.6749,18.9696],[84.6643,18.9638],[84.6762,18.9654],[84.6707,18.9543],[84.6621,18.9457],[84.6529,18.9376],[84.644,18.9293],[84.6351,18.921],[84.6263,18.9126],[84.6176,18.9043],[84.6087,18.8962],[84.6012,18.8868],[84.5935,18.8774],[84.5857,18.8682],[84.5804,18.8574],[84.5757,18.8429],[84.5699,18.8321],[84.5618,18.8232],[84.5563,18.8107],[84.554,18.7985],[84.5479,18.7879],[84.539,18.7796],[84.5301,18.7715],[84.5204,18.7643],[84.5104,18.7576],[84.5013,18.7496],[84.4924,18.7415],[84.4851,18.7318],[84.4768,18.7229],[84.4685,18.714],[84.461,18.7046],[84.4535,18.6951],[84.446,18.6857],[84.441,18.6738],[84.4379,18.6618],[84.4299,18.6526],[84.4212,18.6443],[84.4118,18.6368],[84.4026,18.629],[84.394,18.6204],[84.3851,18.6121],[84.3763,18.6035],[84.3682,18.5946],[84.3613,18.5843],[84.3557,18.5696],[84.3463,18.5621],[84.3399,18.5518],[84.3496,18.5601],[84.3457,18.5487],[84.336,18.5413],[84.3268,18.5335],[84.3174,18.526],[84.3076,18.5185],[84.2979,18.511],[84.2885,18.5035],[84.2793,18.4957],[84.2704,18.4876],[84.261,18.4799],[84.2521,18.4718],[84.2429,18.4638],[84.234,18.4557],[84.2251,18.4474],[84.2165,18.439],[84.2079,18.4304],[84.1988,18.4224],[84.1899,18.414],[84.1815,18.4054],[84.1729,18.3968],[84.1646,18.3879],[84.156,18.3793],[84.1485,18.3699],[84.1426,18.3593],[84.136,18.349],[84.1249,18.3435],[84.126,18.3301],[84.129,18.3182],[84.1221,18.3082],[84.1113,18.3024],[84.1007,18.296],[84.0901,18.2899],[84.0807,18.2821],[84.0696,18.276],[84.0585,18.2707],[84.0474,18.2654],[84.0365,18.2601],[84.0249,18.2551],[84.0126,18.2504],[84.0024,18.244],[83.9912,18.2388],[83.9804,18.2335],[83.9699,18.2276],[83.959,18.2221],[83.9482,18.2162],[83.9357,18.214],[83.9235,18.2076],[83.9118,18.2043],[83.9004,18.2004],[83.8887,18.1963],[83.8779,18.1904],[83.8707,18.1807],[83.8599,18.1749],[83.8482,18.1707],[83.8368,18.1668],[83.8251,18.1626],[83.8135,18.1579],[83.8018,18.1532],[83.7907,18.1485],[83.779,18.144],[83.7676,18.1388],[83.7571,18.1329],[83.7462,18.1274],[83.7351,18.1218],[83.7246,18.1157],[83.7135,18.1107],[83.7032,18.104],[83.6924,18.0979],[83.6821,18.0915],[83.6712,18.0854],[83.6621,18.0774],[83.6526,18.0696],[83.6424,18.0618],[83.6324,18.0549],[83.6221,18.0487],[83.6107,18.0426],[83.6015,18.0346],[83.5921,18.0271],[83.5821,18.0201],[83.5715,18.0143],[83.5643,18.0045],[83.5587,17.9929],[83.5568,17.981],[83.5482,17.9724],[83.5421,17.9618],[83.5332,17.9535],[83.5232,17.9468],[83.5132,17.9399],[83.5032,17.9332],[83.4924,17.9277],[83.4821,17.9212],[83.4718,17.9149],[83.4626,17.9071],[83.4596,17.9201],[83.459,17.9057],[83.4518,17.8957],[83.4501,17.8838],[83.4443,17.8732],[83.4337,17.8673],[83.4238,17.8604],[83.4151,17.8521],[83.4099,17.8399],[83.4157,17.8232],[83.4107,17.8121],[83.4021,17.8035],[83.3932,17.7954],[83.386,17.7854],[83.3807,17.7746],[83.3704,17.7679],[83.3599,17.7615],[83.3518,17.7526],[83.3454,17.7424],[83.344,17.7304],[83.3368,17.7207],[83.326,17.7154],[83.3154,17.7093],[83.3063,17.7013],[83.3068,17.6893],[83.294,17.6893],[83.2821,17.6924],[83.276,17.7029],[83.2663,17.7104],[83.274,17.7004],[83.2807,17.6904],[83.2924,17.6876],[83.2954,17.6751],[83.2862,17.6671],[83.2774,17.6588],[83.2665,17.6532],[83.2593,17.6435],[83.2482,17.6382],[83.2382,17.6315],[83.2324,17.6193],[83.231,17.6071],[83.2196,17.6012],[83.2129,17.591],[83.201,17.5871],[83.1901,17.5818],[83.179,17.5771],[83.1696,17.5674],[83.1593,17.5604],[83.1471,17.5568],[83.1354,17.5538],[83.1235,17.5504],[83.1115,17.5468],[83.1001,17.5421],[83.0899,17.5357],[83.0774,17.5307],[83.0668,17.5249],[83.0549,17.5218],[83.0437,17.5174],[83.0321,17.5129],[83.021,17.5074],[83.0104,17.5013],[83.0037,17.4901],[82.9957,17.481],[82.9882,17.4715],[82.9768,17.4671],[82.9649,17.4632],[82.9535,17.4593],[82.9429,17.4513],[82.9315,17.4465],[82.9201,17.4418],[82.9085,17.4374],[82.8974,17.4321],[82.8857,17.4274],[82.8749,17.4201],[82.8776,17.4321],[82.8696,17.4229],[82.8613,17.4135],[82.8493,17.4096],[82.8376,17.4054],[82.826,17.4004],[82.8149,17.3951],[82.8037,17.3901],[82.7926,17.3851],[82.7815,17.3804],[82.7701,17.3754],[82.7588,17.3704],[82.7482,17.3646],[82.7371,17.3599],[82.7262,17.3546],[82.7154,17.3493],[82.7035,17.3438],[82.6929,17.3379],[82.6821,17.3324],[82.6715,17.3265],[82.6607,17.3204],[82.6501,17.3143],[82.6393,17.309],[82.6296,17.3018],[82.6188,17.2962],[82.6087,17.2896],[82.5957,17.2863],[82.5865,17.2776],[82.5762,17.271],[82.566,17.2643],[82.5551,17.2582],[82.5451,17.2515],[82.5349,17.2449],[82.5249,17.2376],[82.5146,17.2307],[82.5049,17.2235],[82.4946,17.2168],[82.4849,17.2096],[82.4754,17.2021],[82.466,17.1946],[82.4565,17.1868],[82.4471,17.1793],[82.4379,17.1712],[82.4287,17.1632],[82.4201,17.1546],[82.411,17.1465],[82.4021,17.1382],[82.3932,17.1299],[82.3846,17.1215],[82.376,17.1129],[82.364,17.1107],[82.3601,17.0993],[82.3512,17.0912],[82.3426,17.0826],[82.334,17.074],[82.3251,17.0657],[82.3168,17.0568],[82.3087,17.0479],[82.3012,17.0385],[82.2949,17.0282],[82.2899,17.0171],[82.2846,17.0057],[82.2793,16.9946],[82.2854,16.984],[82.2838,16.9715],[82.2726,16.9668],[82.2693,16.9543],[82.2715,16.9415],[82.259,16.9368],[82.249,16.9296],[82.2499,16.9176],[82.2515,16.9057],[82.2574,16.8951],[82.2649,16.8857],[82.2724,16.8754],[82.2849,16.8746],[82.2957,16.869],[82.3051,16.8615],[82.3129,16.8518],[82.3251,16.8546],[82.3376,16.8565],[82.3485,16.8512],[82.356,16.8612],[82.3582,16.8732],[82.3615,16.8854],[82.3615,16.8974],[82.3635,16.9101],[82.3621,16.9229],[82.3604,16.936],[82.3579,16.9493],[82.351,16.9593],[82.3404,16.9657],[82.3351,16.9765],[82.3265,16.9849],[82.3388,16.9871],[82.3482,16.9793],[82.3546,16.969],[82.359,16.9571],[82.361,16.9446],[82.3626,16.9324],[82.3643,16.9201],[82.3654,16.9062],[82.3646,16.8918],[82.3613,16.8785],[82.3587,16.8662],[82.3576,16.8532],[82.3571,16.8412],[82.3532,16.8276],[82.3507,16.8151],[82.3532,16.8024],[82.351,16.7901],[82.346,16.7782],[82.3438,16.7663],[82.3415,16.7535],[82.3421,16.7404],[82.3299,16.7351],[82.3179,16.7335],[82.3107,16.7238],[82.3015,16.7151],[82.2995,16.7143]]]]}},{"type":"Feature","properties":{"name":"Arunachal Pradesh","id":"arunachal-pradesh"},"geometry":{"type":"Polygon","coordinates":[[[96.1578,29.3831],[96.1752,29.3645],[96.1858,29.3445],[96.1831,29.3093],[96.1972,29.2981],[96.2075,29.2818],[96.2262,29.2598],[96.2342,29.2435],[96.2436,29.2351],[96.2657,29.2366],[96.2828,29.2353],[96.3126,29.2591],[96.3453,29.2674],[96.3584,29.2815],[96.375,29.2837],[96.3875,29.2638],[96.3918,29.2462],[96.3877,29.2337],[96.3714,29.218],[96.363,29.1984],[96.3585,29.1816],[96.3464,29.171],[96.3326,29.1695],[96.31,29.1685],[96.2906,29.1621],[96.2725,29.1607],[96.2602,29.1602],[96.2489,29.1502],[96.2278,29.1464],[96.2175,29.1381],[96.2087,29.1207],[96.2003,29.1059],[96.1856,29.0946],[96.1695,29.0876],[96.1555,29.0857],[96.1242,29.0807],[96.1367,29.0645],[96.1504,29.0531],[96.1608,29.0365],[96.1652,29.0201],[96.1756,29.0035],[96.1849,28.9881],[96.1804,28.9685],[96.1622,28.9597],[96.1541,28.9465],[96.1452,28.9375],[96.1553,28.9283],[96.1656,28.914],[96.1747,28.9043],[96.186,28.912],[96.2047,28.9192],[96.2281,28.9293],[96.2483,28.9428],[96.2557,28.9593],[96.2682,28.9713],[96.2819,28.9837],[96.2937,28.9987],[96.3091,29.0056],[96.3215,29.0128],[96.3373,29.0245],[96.3467,29.0323],[96.3687,29.035],[96.389,29.0341],[96.4044,29.0354],[96.4209,29.037],[96.4358,29.0376],[96.4498,29.0423],[96.4649,29.0523],[96.4772,29.0601],[96.4916,29.0658],[96.5082,29.0738],[96.5252,29.0793],[96.5117,29.0526],[96.5054,29.0419],[96.4988,29.0313],[96.4928,29.0203],[96.4843,29.0053],[96.4774,28.994],[96.4812,28.9823],[96.4875,28.9653],[96.5008,28.9637],[96.5134,28.9703],[96.5226,28.9555],[96.5303,28.937],[96.5379,28.9232],[96.5369,28.9097],[96.5361,28.8972],[96.5375,28.8841],[96.5469,28.8745],[96.5532,28.8631],[96.5629,28.848],[96.5759,28.8305],[96.5843,28.8215],[96.5951,28.8152],[96.6038,28.8044],[96.6112,28.79],[96.616,28.7786],[96.6155,28.7648],[96.6094,28.7534],[96.5982,28.738],[96.5859,28.7216],[96.5723,28.7147],[96.56,28.7119],[96.5322,28.7115],[96.508,28.7011],[96.4984,28.6926],[96.4843,28.6883],[96.4705,28.6846],[96.4784,28.6729],[96.4868,28.6588],[96.4952,28.6438],[96.4842,28.6315],[96.4729,28.6225],[96.4583,28.6139],[96.4444,28.606],[96.435,28.597],[96.4281,28.5871],[96.4151,28.5884],[96.4009,28.5943],[96.4062,28.5779],[96.4066,28.564],[96.3942,28.5627],[96.3708,28.5642],[96.3546,28.5606],[96.3432,28.5511],[96.3348,28.5385],[96.3243,28.5303],[96.3421,28.5212],[96.353,28.5149],[96.3666,28.5047],[96.373,28.487],[96.3414,28.47],[96.3239,28.455],[96.3096,28.4457],[96.2971,28.4391],[96.2848,28.4308],[96.2745,28.424],[96.2638,28.4134],[96.277,28.4089],[96.2993,28.4067],[96.3103,28.3976],[96.3199,28.3862],[96.3618,28.3938],[96.3748,28.3873],[96.38,28.3641],[96.3922,28.3626],[96.3994,28.3445],[96.4127,28.3467],[96.427,28.3634],[96.4299,28.3811],[96.4391,28.401],[96.4538,28.4156],[96.4697,28.4228],[96.4967,28.4236],[96.5103,28.4183],[96.5339,28.4346],[96.5511,28.4422],[96.5595,28.453],[96.5796,28.4631],[96.5987,28.4662],[96.6214,28.4644],[96.6392,28.4641],[96.6601,28.4664],[96.6754,28.4568],[96.6873,28.4483],[96.7062,28.4375],[96.734,28.4308],[96.7511,28.4217],[96.7632,28.4042],[96.7673,28.3897],[96.7744,28.3741],[96.7971,28.3705],[96.8116,28.3681],[96.8265,28.3672],[96.8522,28.3684],[96.8625,28.3783],[96.88,28.3828],[96.894,28.3861],[96.9103,28.3714],[96.92,28.3633],[96.9259,28.345],[96.9423,28.3421],[96.9619,28.332],[96.9741,28.3237],[96.987,28.3222],[97.0043,28.3184],[97.0227,28.3263],[97.0364,28.3387],[97.0453,28.3541],[97.0611,28.3583],[97.0793,28.3651],[97.0926,28.3697],[97.1042,28.363],[97.121,28.358],[97.139,28.3444],[97.152,28.334],[97.1654,28.313],[97.1739,28.2991],[97.1926,28.2944],[97.214,28.2991],[97.228,28.2945],[97.2342,28.2808],[97.2544,28.2765],[97.2681,28.2783],[97.2821,28.2763],[97.3063,28.264],[97.313,28.2518],[97.3274,28.2508],[97.3417,28.2422],[97.3514,28.2343],[97.365,28.2316],[97.377,28.2234],[97.3897,28.2124],[97.4006,28.2005],[97.3922,28.1912],[97.372,28.2004],[97.3618,28.1932],[97.3518,28.1815],[97.3413,28.1723],[97.3308,28.163],[97.3247,28.1482],[97.3317,28.1357],[97.34,28.1245],[97.3272,28.1095],[97.3175,28.101],[97.3081,28.0857],[97.3118,28.07],[97.3317,28.0654],[97.3453,28.0666],[97.366,28.0681],[97.368,28.0524],[97.3771,28.0391],[97.3898,28.0374],[97.4056,28.03],[97.4139,28.0192],[97.4022,28.013],[97.3888,28.0062],[97.3833,27.9937],[97.3782,27.9818],[97.3785,27.9632],[97.3756,27.9444],[97.3877,27.9307],[97.3786,27.918],[97.3876,27.9037],[97.3785,27.8931],[97.3648,27.8851],[97.35,27.8913],[97.3356,27.8932],[97.3212,27.8895],[97.3229,27.9034],[97.3222,27.9162],[97.3087,27.93],[97.2881,27.9218],[97.2565,27.9095],[97.2412,27.8955],[97.2265,27.8822],[97.2124,27.872],[97.2026,27.8644],[97.1936,27.8552],[97.1818,27.8418],[97.1678,27.8363],[97.1629,27.8246],[97.1443,27.817],[97.1339,27.8065],[97.1243,27.7985],[97.1025,27.7934],[97.1048,27.7752],[97.0981,27.7573],[97.0863,27.7504],[97.0675,27.7597],[97.0566,27.752],[97.0374,27.7522],[97.0157,27.7406],[97.0103,27.7255],[97.0032,27.7105],[96.9888,27.6969],[96.9826,27.6798],[96.9587,27.6743],[96.9423,27.6674],[96.929,27.656],[96.927,27.6419],[96.9194,27.6315],[96.9006,27.6243],[96.8991,27.6005],[96.9101,27.5899],[96.9132,27.5763],[96.9154,27.5604],[96.9245,27.5513],[96.9336,27.5372],[96.9364,27.5233],[96.9308,27.5119],[96.9219,27.4994],[96.9139,27.4884],[96.9108,27.4746],[96.9176,27.4589],[96.9333,27.4505],[96.9414,27.427],[96.9655,27.4154],[96.9689,27.4018],[96.969,27.3863],[96.977,27.3768],[96.985,27.3626],[96.9975,27.3551],[97.0003,27.34],[97.0096,27.3256],[97.0403,27.3079],[97.0436,27.2898],[97.0567,27.2856],[97.0633,27.2722],[97.0737,27.2619],[97.0894,27.2508],[97.0951,27.2214],[97.108,27.2131],[97.1202,27.2046],[97.1257,27.1924],[97.1336,27.181],[97.1499,27.1783],[97.156,27.1622],[97.1672,27.1555],[97.1722,27.1444],[97.1663,27.1326],[97.1559,27.1264],[97.1501,27.1115],[97.1399,27.1013],[97.1223,27.112],[97.1086,27.1213],[97.0893,27.1138],[97.0715,27.1092],[97.0589,27.1141],[97.0479,27.1237],[97.035,27.1371],[97.021,27.1455],[97.0068,27.1498],[96.9926,27.1612],[96.9735,27.1711],[96.9553,27.1737],[96.928,27.1751],[96.9027,27.1808],[96.883,27.1905],[96.8662,27.1997],[96.8636,27.2122],[96.8741,27.2267],[96.8852,27.2326],[96.8927,27.2476],[96.8879,27.2594],[96.8751,27.2672],[96.8617,27.2725],[96.8538,27.2907],[96.8497,27.3063],[96.8363,27.3105],[96.8249,27.3205],[96.8128,27.3364],[96.8058,27.3504],[96.7948,27.3565],[96.7796,27.3621],[96.7598,27.3633],[96.7478,27.364],[96.7284,27.3724],[96.7125,27.3807],[96.6991,27.3656],[96.6832,27.3689],[96.6702,27.3723],[96.656,27.3689],[96.6391,27.3692],[96.6205,27.3728],[96.6089,27.3652],[96.5983,27.3565],[96.6008,27.3446],[96.5859,27.3368],[96.5754,27.3292],[96.5618,27.3253],[96.5505,27.3147],[96.5376,27.3043],[96.5223,27.294],[96.5118,27.3041],[96.5,27.3094],[96.486,27.3052],[96.4707,27.3125],[96.4525,27.3098],[96.4398,27.3104],[96.425,27.3061],[96.4086,27.2999],[96.3916,27.2946],[96.3737,27.2989],[96.3615,27.2941],[96.3481,27.2885],[96.3357,27.2959],[96.3204,27.298],[96.3033,27.2992],[96.2904,27.2941],[96.2787,27.2794],[96.2542,27.281],[96.2414,27.2843],[96.2271,27.2806],[96.2181,27.2696],[96.2059,27.2661],[96.1941,27.2635],[96.1821,27.2542],[96.1637,27.2545],[96.1504,27.2495],[96.1145,27.2333],[96.099,27.2314],[96.0873,27.2186],[96.069,27.2132],[96.0573,27.2028],[96.0364,27.1961],[96.027,27.179],[96.023,27.1664],[96.0169,27.1548],[96.0043,27.1404],[95.9896,27.1252],[95.9792,27.1107],[95.9719,27.0988],[95.9631,27.082],[95.9571,27.0682],[95.946,27.0597],[95.9232,27.0489],[95.9092,27.0403],[95.9007,27.0318],[95.8892,27.0279],[95.8771,27.0205],[95.8578,27.0224],[95.838,27.0153],[95.8153,27.0222],[95.8049,27.012],[95.7796,26.99],[95.7717,26.9786],[95.7609,26.964],[95.7637,26.945],[95.7525,26.9302],[95.7581,26.9149],[95.7451,26.9009],[95.736,26.8927],[95.7211,26.8836],[95.7035,26.8872],[95.6923,26.8999],[95.6813,26.905],[95.6682,26.9083],[95.6578,26.8981],[95.651,26.8838],[95.6368,26.8793],[95.6349,26.8666],[95.6322,26.8495],[95.622,26.8372],[95.6115,26.8212],[95.5991,26.8222],[95.5847,26.8228],[95.5685,26.8299],[95.5548,26.8396],[95.5328,26.8312],[95.525,26.8199],[95.5148,26.8132],[95.5065,26.7966],[95.5022,26.7827],[95.4959,26.7719],[95.4891,26.7617],[95.4796,26.7537],[95.4657,26.7504],[95.4585,26.7377],[95.4463,26.7274],[95.4373,26.7145],[95.4289,26.7],[95.4064,26.6966],[95.3946,26.691],[95.3781,26.6833],[95.3659,26.6776],[95.3466,26.6779],[95.3244,26.6691],[95.3084,26.6577],[95.2931,26.6612],[95.272,26.6628],[95.262,26.6737],[95.26,26.6864],[95.244,26.6939],[95.2361,26.7122],[95.2282,26.7238],[95.2161,26.7353],[95.221,26.7474],[95.2201,26.7598],[95.2292,26.7685],[95.2347,26.7803],[95.2449,26.7873],[95.2275,26.7923],[95.2151,26.7984],[95.2068,26.8117],[95.2026,26.8288],[95.2005,26.8429],[95.1858,26.8596],[95.2064,26.8779],[95.2178,26.8869],[95.2299,26.8857],[95.2313,26.8983],[95.2321,26.9148],[95.2293,26.9306],[95.2171,26.9342],[95.2092,26.9567],[95.2137,26.9681],[95.2066,26.9788],[95.1952,26.99],[95.2001,27.0062],[95.1979,27.0198],[95.1958,27.0325],[95.1985,27.0444],[95.2077,27.0348],[95.2197,27.0368],[95.2321,27.0429],[95.2437,27.0342],[95.2607,27.0373],[95.271,27.0451],[95.2794,27.0539],[95.2879,27.0663],[95.3097,27.0811],[95.3233,27.0896],[95.3351,27.0959],[95.3486,27.1048],[95.3665,27.1129],[95.3727,27.1017],[95.3855,27.1051],[95.3961,27.1145],[95.4203,27.1308],[95.441,27.1328],[95.4534,27.1359],[95.4637,27.1504],[95.4587,27.1633],[95.468,27.1723],[95.4671,27.1856],[95.4621,27.203],[95.4694,27.2183],[95.4806,27.2323],[95.4872,27.246],[95.5063,27.2546],[95.5109,27.2663],[95.5259,27.2663],[95.5542,27.2593],[95.5745,27.2511],[95.5901,27.2295],[95.6074,27.2314],[95.6191,27.2366],[95.6341,27.2398],[95.6792,27.2539],[95.6954,27.2581],[95.7155,27.2591],[95.7319,27.2665],[95.757,27.2744],[95.7847,27.2791],[95.8008,27.2887],[95.8102,27.2809],[95.8379,27.2871],[95.8502,27.2931],[95.8619,27.29],[95.8654,27.2767],[95.8724,27.2669],[95.8877,27.2633],[95.9012,27.2764],[95.9064,27.2919],[95.9187,27.2992],[95.9406,27.3096],[95.9632,27.3171],[95.969,27.3284],[95.9842,27.3343],[95.97,27.337],[95.9937,27.3514],[95.997,27.3635],[96.0132,27.364],[96.0106,27.3813],[96.0021,27.3935],[95.9946,27.4124],[95.9795,27.4219],[95.9778,27.4355],[95.968,27.4241],[95.967,27.4367],[95.953,27.4333],[95.9499,27.445],[95.9333,27.4467],[95.9168,27.4432],[95.908,27.4326],[95.9001,27.4113],[95.89,27.4264],[95.8904,27.4397],[95.8758,27.4354],[95.8649,27.429],[95.8673,27.4172],[95.8576,27.4248],[95.8495,27.4349],[95.8552,27.4474],[95.8595,27.4626],[95.8763,27.4711],[95.8813,27.4874],[95.8791,27.4992],[95.8896,27.5062],[95.8785,27.5198],[95.8814,27.5458],[95.867,27.5511],[95.8521,27.5657],[95.8399,27.5666],[95.8319,27.5789],[95.8198,27.5903],[95.8242,27.603],[95.8096,27.6053],[95.7961,27.6182],[95.785,27.6274],[95.7974,27.6359],[95.8015,27.649],[95.7862,27.6557],[95.7778,27.6663],[95.7804,27.6792],[95.7945,27.6842],[95.7788,27.6944],[95.7734,27.7054],[95.7704,27.72],[95.7587,27.7267],[95.7719,27.7345],[95.7848,27.7398],[95.7805,27.7582],[95.7954,27.7726],[95.8064,27.7836],[95.8231,27.8092],[95.835,27.8158],[95.846,27.8301],[95.8663,27.8385],[95.8921,27.857],[95.9006,27.8667],[95.9114,27.873],[95.9187,27.8828],[95.9286,27.8905],[95.9286,27.9029],[95.9393,27.9098],[95.9525,27.9228],[95.9576,27.9371],[95.9652,27.9526],[95.9775,27.9685],[95.9569,27.9691],[95.8259,27.9774],[95.6067,27.9578],[95.5887,27.9416],[95.5712,27.9424],[95.565,27.9225],[95.5438,27.9135],[95.533,27.9004],[95.516,27.8818],[95.3843,27.842],[95.3166,27.8711],[95.2925,27.865],[95.2365,27.8484],[95.1949,27.8344],[95.0518,27.7902],[95.0388,27.7777],[95.0191,27.7725],[94.9979,27.7766],[94.987,27.7709],[94.93,27.7567],[94.8839,27.7421],[94.8609,27.7395],[94.8488,27.7107],[94.8213,27.6962],[94.8002,27.6971],[94.791,27.6889],[94.7765,27.6834],[94.7643,27.6746],[94.7427,27.6634],[94.7277,27.6679],[94.7166,27.6616],[94.6981,27.6671],[94.6839,27.6633],[94.6825,27.6496],[94.6691,27.6503],[94.6484,27.6421],[94.6398,27.631],[94.625,27.6301],[94.6094,27.6226],[94.5958,27.6215],[94.5819,27.6167],[94.5735,27.607],[94.5561,27.6032],[94.5366,27.597],[94.5157,27.5847],[94.5002,27.5773],[94.4831,27.5772],[94.4693,27.564],[94.4562,27.5629],[94.4496,27.575],[94.4361,27.5844],[94.4306,27.5965],[94.4032,27.5872],[94.3876,27.5893],[94.3758,27.5846],[94.3622,27.5802],[94.3488,27.5795],[94.3291,27.5884],[94.3124,27.5897],[94.3016,27.5999],[94.2885,27.5945],[94.276,27.5933],[94.2619,27.6101],[94.2622,27.6245],[94.2591,27.637],[94.2451,27.6359],[94.226,27.618],[94.2174,27.609],[94.2251,27.5985],[94.2255,27.5811],[94.2341,27.5715],[94.2565,27.5574],[94.2569,27.5405],[94.2625,27.5274],[94.2217,27.507],[94.2123,27.4979],[94.1952,27.4975],[94.1747,27.4841],[94.1572,27.478],[94.1545,27.4605],[94.1408,27.4485],[94.1233,27.435],[94.1065,27.4181],[94.0933,27.4109],[94.0724,27.383],[94.0631,27.3689],[94.0483,27.3587],[94.0301,27.348],[94.0098,27.3389],[94.0007,27.3301],[93.9857,27.3206],[93.9727,27.3083],[93.9565,27.2948],[93.9389,27.2733],[93.9189,27.2571],[93.901,27.2415],[93.893,27.231],[93.8674,27.1988],[93.8575,27.1911],[93.8472,27.1798],[93.837,27.1721],[93.817,27.1582],[93.8073,27.1501],[93.8056,27.1378],[93.8139,27.1286],[93.8255,27.1193],[93.8266,27.0994],[93.833,27.0876],[93.835,27.075],[93.8229,27.0683],[93.8102,27.0681],[93.7981,27.0709],[93.794,27.0577],[93.7832,27.0672],[93.7792,27.0533],[93.7685,27.0433],[93.7464,27.0324],[93.7339,27.0272],[93.7189,27.0192],[93.7056,27.0083],[93.701,26.9971],[93.6758,26.9711],[93.6551,26.9665],[93.6402,26.9648],[93.6245,26.9642],[93.5958,26.9552],[93.5708,26.9541],[93.5455,26.9517],[93.5258,26.9486],[93.4894,26.9385],[93.4681,26.9389],[93.4479,26.9542],[93.3907,26.96],[93.3742,26.9604],[93.3479,26.9632],[93.2669,26.956],[93.2224,26.9491],[93.1843,26.9387],[93.109,26.9273],[93.0919,26.9155],[93.0764,26.9199],[93.0602,26.9212],[93.0382,26.9179],[93.0194,26.9168],[92.9974,26.9303],[92.9827,26.9359],[92.9616,26.9459],[92.9328,26.9569],[92.9217,26.9619],[92.9167,26.9847],[92.8998,26.9963],[92.8875,27.0002],[92.8724,27.0077],[92.8366,27.0135],[92.8244,27.0185],[92.7853,27.0307],[92.7691,27.033],[92.7275,27.0284],[92.7137,27.0261],[92.6824,27.0317],[92.6589,27.0385],[92.6505,27.0248],[92.6391,27.0185],[92.6442,27.0025],[92.6455,26.9874],[92.5852,26.9619],[92.5536,26.9591],[92.5318,26.9633],[92.5154,26.9644],[92.4906,26.9647],[92.4663,26.9631],[92.4462,26.9606],[92.4258,26.9435],[92.4119,26.9442],[92.3998,26.9263],[92.3673,26.9316],[92.3531,26.9356],[92.3201,26.9284],[92.3029,26.9242],[92.3037,26.9095],[92.2901,26.9055],[92.2764,26.9025],[92.2651,26.9076],[92.2094,26.8969],[92.1948,26.891],[92.1772,26.8925],[92.1624,26.8927],[92.1479,26.8909],[92.1295,26.8907],[92.1079,26.8938],[92.1089,26.9074],[92.1136,26.9195],[92.1171,26.9324],[92.1119,26.9494],[92.1174,26.9602],[92.1132,26.9757],[92.1021,26.983],[92.1033,27.0077],[92.0882,27.017],[92.0788,27.0328],[92.0706,27.0454],[92.0537,27.0522],[92.0418,27.0604],[92.0329,27.0748],[92.0275,27.0972],[92.0225,27.1082],[92.0282,27.1235],[92.0365,27.1384],[92.0284,27.1507],[92.0234,27.1623],[92.0354,27.1768],[92.051,27.1843],[92.0573,27.2031],[92.0667,27.2149],[92.0683,27.2342],[92.0615,27.2477],[92.0497,27.2566],[92.0396,27.2667],[92.07,27.2774],[92.0831,27.2721],[92.1016,27.2691],[92.1152,27.2733],[92.1206,27.2876],[92.1071,27.299],[92.078,27.3103],[92.0672,27.3183],[92.0588,27.3272],[92.0602,27.3453],[92.0484,27.3583],[92.0461,27.3793],[92.0545,27.4001],[92.0421,27.4128],[92.0439,27.4253],[92.0388,27.4365],[92.0239,27.4416],[92.0167,27.458],[92.0188,27.4797],[91.9967,27.4774],[91.9822,27.4676],[91.9654,27.4668],[91.9494,27.4608],[91.9318,27.465],[91.909,27.4712],[91.891,27.4732],[91.8722,27.4728],[91.863,27.4821],[91.8491,27.4826],[91.8285,27.469],[91.8094,27.4726],[91.7886,27.4692],[91.7738,27.4645],[91.7566,27.4733],[91.7419,27.4739],[91.72,27.4704],[91.7126,27.483],[91.7,27.4955],[91.6901,27.5028],[91.6744,27.4944],[91.6611,27.4867],[91.6474,27.4847],[91.6441,27.499],[91.6282,27.5081],[91.616,27.5224],[91.6093,27.5416],[91.5944,27.5396],[91.5815,27.5623],[91.5668,27.575],[91.5768,27.5996],[91.5711,27.6129],[91.5577,27.6335],[91.5668,27.6525],[91.5897,27.6718],[91.5985,27.6866],[91.6101,27.6929],[91.6237,27.706],[91.6291,27.7318],[91.6296,27.747],[91.64,27.758],[91.6311,27.7716],[91.6296,27.7941],[91.6193,27.8083],[91.5988,27.8209],[91.5842,27.8188],[91.573,27.8127],[91.5605,27.8214],[91.5458,27.8469],[91.5525,27.8586],[91.5644,27.8527],[91.5771,27.862],[91.5941,27.8621],[91.6074,27.854],[91.6216,27.8577],[91.6378,27.8545],[91.6541,27.8571],[91.6693,27.8567],[91.6796,27.8441],[91.6895,27.8291],[91.7022,27.8168],[91.7212,27.8105],[91.7463,27.8034],[91.7711,27.8012],[91.7886,27.8046],[91.8041,27.8089],[91.8153,27.8034],[91.8279,27.8076],[91.8314,27.789],[91.8452,27.7757],[91.8512,27.7651],[91.8576,27.7423],[91.8704,27.7345],[91.8786,27.7218],[91.9023,27.7271],[91.915,27.7182],[91.934,27.7216],[91.9451,27.7287],[91.9556,27.7507],[91.9729,27.7599],[91.9839,27.77],[92.0003,27.7675],[92.0378,27.7572],[92.0554,27.7591],[92.0676,27.7679],[92.0846,27.7798],[92.0992,27.7934],[92.12,27.8106],[92.1389,27.8245],[92.1561,27.837],[92.1709,27.8429],[92.1893,27.8521],[92.2003,27.8571],[92.2342,27.8626],[92.2463,27.8635],[92.264,27.8579],[92.2711,27.8446],[92.2774,27.8252],[92.2847,27.8076],[92.3074,27.7792],[92.3289,27.7835],[92.3503,27.7907],[92.3642,27.7936],[92.3798,27.795],[92.383,27.8156],[92.398,27.8205],[92.4139,27.823],[92.4274,27.812],[92.4438,27.8008],[92.4595,27.8076],[92.4767,27.8215],[92.4925,27.8368],[92.5151,27.8402],[92.5264,27.8311],[92.5439,27.8175],[92.5607,27.821],[92.5762,27.8418],[92.5857,27.8569],[92.6051,27.8775],[92.6204,27.8845],[92.6516,27.893],[92.6692,27.9001],[92.6864,27.9195],[92.7013,27.9338],[92.7139,27.9493],[92.7298,27.9719],[92.7395,27.9894],[92.7278,28.0015],[92.7221,28.0145],[92.7095,28.0333],[92.6954,28.0484],[92.6813,28.0586],[92.6629,28.0628],[92.6673,28.0783],[92.6731,28.0967],[92.6776,28.1104],[92.6849,28.1234],[92.6958,28.1307],[92.7209,28.145],[92.7366,28.1516],[92.7583,28.1669],[92.783,28.1837],[92.7996,28.2022],[92.8162,28.2016],[92.8177,28.1843],[92.8265,28.172],[92.8394,28.1792],[92.8526,28.1852],[92.8728,28.1944],[92.8953,28.2046],[92.9053,28.2152],[92.9129,28.235],[92.9229,28.2426],[92.9417,28.2486],[92.9555,28.2583],[92.9745,28.2596],[92.986,28.2513],[92.99,28.2344],[93.0099,28.2399],[93.0203,28.2523],[93.0338,28.2631],[93.0257,28.2866],[93.0219,28.2999],[93.0459,28.3025],[93.0617,28.3069],[93.0871,28.3062],[93.1107,28.3148],[93.1248,28.3268],[93.155,28.3185],[93.1798,28.3172],[93.1938,28.318],[93.2069,28.3233],[93.219,28.3337],[93.2203,28.3555],[93.2223,28.3779],[93.2315,28.4007],[93.2161,28.4137],[93.2046,28.4193],[93.1904,28.426],[93.1827,28.44],[93.2009,28.449],[93.2136,28.4582],[93.2225,28.4703],[93.2353,28.4827],[93.254,28.4916],[93.2696,28.5011],[93.2793,28.5138],[93.2889,28.5434],[93.2974,28.5576],[93.3033,28.5769],[93.2975,28.592],[93.3064,28.601],[93.3196,28.607],[93.3299,28.6156],[93.3323,28.6337],[93.3509,28.6389],[93.3697,28.6445],[93.3897,28.6495],[93.4052,28.6519],[93.4298,28.6623],[93.4413,28.6726],[93.4567,28.6684],[93.4626,28.657],[93.4742,28.6537],[93.4792,28.675],[93.4911,28.684],[93.5092,28.6798],[93.5189,28.6715],[93.5338,28.6588],[93.5613,28.6596],[93.607,28.6559],[93.6201,28.6577],[93.6349,28.661],[93.6536,28.6668],[93.6694,28.672],[93.6855,28.6793],[93.6996,28.6799],[93.7138,28.6839],[93.7316,28.6893],[93.7436,28.6846],[93.7613,28.6746],[93.7752,28.6685],[93.7974,28.6803],[93.8188,28.6949],[93.8356,28.7045],[93.8497,28.707],[93.8653,28.7037],[93.9041,28.6767],[93.9196,28.6704],[93.9346,28.6771],[93.9435,28.6892],[93.957,28.7047],[93.9625,28.7187],[93.9651,28.743],[93.9776,28.7593],[93.9904,28.7656],[94.0014,28.7755],[93.9984,28.788],[93.9853,28.7983],[94,28.8198],[93.9949,28.8414],[94.0148,28.8512],[94.0301,28.8535],[94.044,28.8738],[94.0569,28.8864],[94.0665,28.8961],[94.0788,28.9058],[94.0942,28.9151],[94.1205,28.9303],[94.1365,28.9404],[94.1551,28.9548],[94.1583,28.9741],[94.1729,28.9918],[94.1719,29.007],[94.1752,29.0205],[94.185,29.0391],[94.199,29.0601],[94.2147,29.0841],[94.2331,29.0963],[94.2458,29.108],[94.2577,29.1168],[94.2689,29.1271],[94.2776,29.1354],[94.2877,29.1481],[94.3075,29.1509],[94.3313,29.1503],[94.3502,29.1502],[94.3637,29.1572],[94.3701,29.1818],[94.3768,29.1945],[94.3971,29.2038],[94.4139,29.2127],[94.4257,29.2236],[94.4415,29.2254],[94.4547,29.224],[94.4669,29.2217],[94.4787,29.2188],[94.4945,29.2167],[94.514,29.2172],[94.5331,29.2187],[94.5458,29.2233],[94.5579,29.2289],[94.5674,29.2408],[94.5726,29.2565],[94.5739,29.2752],[94.5838,29.2827],[94.5939,29.2898],[94.6054,29.297],[94.619,29.3128],[94.6237,29.3368],[94.6282,29.3486],[94.6415,29.3469],[94.666,29.3318],[94.6816,29.3238],[94.6946,29.3139],[94.7111,29.3043],[94.7307,29.2872],[94.7482,29.2663],[94.7665,29.2528],[94.7774,29.2411],[94.7908,29.2262],[94.7979,29.21],[94.7965,29.1955],[94.7929,29.1804],[94.798,29.1646],[94.8203,29.171],[94.8326,29.1767],[94.8466,29.183],[94.8718,29.1843],[94.8926,29.176],[94.907,29.1665],[94.9188,29.1623],[94.9382,29.161],[94.9569,29.1604],[94.971,29.1562],[94.9816,29.15],[94.9951,29.141],[95.0112,29.1334],[95.0257,29.1336],[95.0182,29.143],[95.0042,29.1577],[94.992,29.1658],[95.0049,29.1705],[95.0203,29.1611],[95.0397,29.1524],[95.0537,29.1502],[95.0656,29.1479],[95.0781,29.1456],[95.0921,29.1444],[95.1089,29.129],[95.1218,29.1163],[95.1459,29.1156],[95.1775,29.1086],[95.1966,29.1076],[95.2136,29.1083],[95.2405,29.1107],[95.2479,29.0938],[95.2506,29.0814],[95.2501,29.0686],[95.2666,29.0576],[95.2862,29.0622],[95.3027,29.0629],[95.3183,29.0551],[95.3311,29.0515],[95.3455,29.0461],[95.3739,29.0413],[95.4,29.0354],[95.4165,29.0382],[95.4294,29.0413],[95.4474,29.036],[95.4593,29.0431],[95.4649,29.0546],[95.474,29.0659],[95.4859,29.0763],[95.4891,29.0897],[95.4919,29.1092],[95.4919,29.1237],[95.495,29.1353],[95.5138,29.1389],[95.5278,29.1347],[95.5468,29.1287],[95.5466,29.1458],[95.5468,29.1587],[95.5453,29.1806],[95.5416,29.197],[95.5372,29.2082],[95.5604,29.2165],[95.5797,29.2174],[95.5856,29.2282],[95.5876,29.2424],[95.593,29.2542],[95.6051,29.2625],[95.6206,29.2549],[95.6312,29.249],[95.6429,29.256],[95.6602,29.2652],[95.6732,29.2711],[95.6923,29.2865],[95.7019,29.3004],[95.7152,29.2983],[95.7271,29.3025],[95.7435,29.3162],[95.7454,29.3291],[95.7651,29.3446],[95.7776,29.3564],[95.787,29.3474],[95.7965,29.3363],[95.8101,29.3451],[95.8268,29.3557],[95.8403,29.3537],[95.8589,29.3675],[95.8752,29.3856],[95.8893,29.3914],[95.9096,29.3881],[95.9354,29.3843],[95.9571,29.3827],[95.978,29.4004],[95.9932,29.4104],[96.0145,29.4214],[96.0256,29.4334],[96.0347,29.443],[96.0441,29.4505],[96.0556,29.4584],[96.0695,29.4623],[96.0872,29.4616],[96.1012,29.4453],[96.1132,29.4275],[96.1239,29.4176],[96.1392,29.4078],[96.15,29.3993],[96.1578,29.3831]]]}},{"type":"Feature","properties":{"name":"Assam","id":"assam"},"geometry":{"type":"MultiPolygon","coordinates":[[[[89.8715,25.5373],[89.8703,25.5215],[89.8756,25.5055],[89.88,25.4886],[89.8718,25.4789],[89.8596,25.4734],[89.8548,25.4847],[89.859,25.4964],[89.8641,25.5102],[89.8592,25.5274],[89.8653,25.5396],[89.8715,25.5373]]],[[[89.8715,25.5373],[89.8715,25.5373]]],[[[95.9523,27.9418],[95.9553,27.9268],[95.9435,27.9126],[95.9286,27.9029],[95.9286,27.8905],[95.9187,27.8828],[95.9114,27.873],[95.9006,27.8667],[95.8921,27.857],[95.8766,27.8418],[95.8521,27.8341],[95.8434,27.8215],[95.8289,27.8137],[95.8113,27.7937],[95.8009,27.7769],[95.7888,27.7651],[95.7878,27.7421],[95.7719,27.7345],[95.7582,27.7311],[95.7704,27.72],[95.7734,27.7054],[95.7788,27.6944],[95.7931,27.6923],[95.7804,27.6792],[95.7778,27.6663],[95.7862,27.6557],[95.8015,27.649],[95.7974,27.6359],[95.785,27.6274],[95.7961,27.6182],[95.8096,27.6053],[95.8242,27.603],[95.8198,27.5903],[95.8319,27.5789],[95.8399,27.5666],[95.8521,27.5657],[95.8624,27.5526],[95.8813,27.5532],[95.8799,27.5298],[95.8818,27.5151],[95.886,27.5036],[95.8792,27.4927],[95.8784,27.4756],[95.8661,27.469],[95.8638,27.452],[95.8529,27.4448],[95.8493,27.4303],[95.858,27.4207],[95.8758,27.4354],[95.8887,27.4441],[95.8894,27.4316],[95.8944,27.4183],[95.8931,27.406],[95.9061,27.4233],[95.9112,27.44],[95.9333,27.4467],[95.9499,27.445],[95.953,27.4333],[95.967,27.4367],[95.968,27.4241],[95.9733,27.4368],[95.9809,27.4261],[95.9912,27.4194],[96.001,27.4035],[96.0084,27.3872],[96.0149,27.3755],[96.0031,27.3645],[95.9937,27.3514],[95.9773,27.3423],[95.9687,27.3318],[95.9632,27.3171],[95.9406,27.3096],[95.9187,27.2992],[95.9064,27.2919],[95.9043,27.2799],[95.8981,27.2643],[95.8824,27.2669],[95.8654,27.2767],[95.8619,27.29],[95.8502,27.2931],[95.8379,27.2871],[95.8102,27.2809],[95.8008,27.2887],[95.7847,27.2791],[95.757,27.2744],[95.7399,27.2699],[95.7255,27.2592],[95.7019,27.2556],[95.6844,27.2574],[95.637,27.2369],[95.6191,27.2366],[95.6074,27.2314],[95.5901,27.2295],[95.5779,27.2422],[95.5633,27.2525],[95.5348,27.2706],[95.5205,27.2637],[95.5063,27.2546],[95.491,27.2487],[95.4806,27.2323],[95.4707,27.2232],[95.4597,27.2134],[95.4658,27.1974],[95.4637,27.1821],[95.4638,27.167],[95.4659,27.1548],[95.4611,27.1402],[95.4471,27.1383],[95.4292,27.1341],[95.4063,27.1183],[95.3861,27.1117],[95.377,27.1022],[95.3665,27.1129],[95.3486,27.1048],[95.3351,27.0959],[95.3233,27.0896],[95.3097,27.0811],[95.2966,27.0729],[95.2778,27.0568],[95.271,27.0451],[95.2599,27.039],[95.2482,27.0303],[95.2379,27.0432],[95.2226,27.0409],[95.2077,27.0348],[95.1985,27.0444],[95.1545,27.006],[95.1428,26.9983],[95.1264,26.9869],[95.1135,26.9776],[95.0869,26.9527],[95.0653,26.9482],[95.0546,26.9409],[95.038,26.9385],[95.0213,26.9254],[95.0058,26.9249],[94.9931,26.9262],[94.9797,26.9246],[94.9679,26.9315],[94.9573,26.9436],[94.9412,26.9393],[94.9282,26.9521],[94.918,26.9451],[94.9013,26.9403],[94.8862,26.9325],[94.8696,26.915],[94.859,26.8933],[94.8515,26.8813],[94.8388,26.874],[94.8323,26.8627],[94.8211,26.8545],[94.8167,26.8415],[94.8131,26.8248],[94.7966,26.8185],[94.8022,26.8061],[94.7908,26.8015],[94.7731,26.795],[94.7683,26.7834],[94.7593,26.7741],[94.7458,26.7821],[94.7377,26.7689],[94.7197,26.758],[94.6969,26.7397],[94.6866,26.7326],[94.6651,26.7278],[94.6534,26.7236],[94.6403,26.724],[94.6283,26.7186],[94.6174,26.7306],[94.6041,26.7393],[94.5952,26.7299],[94.6046,26.7199],[94.595,26.7124],[94.5854,26.7033],[94.5715,26.6962],[94.5634,26.7074],[94.5504,26.7102],[94.5278,26.7013],[94.5155,26.6873],[94.503,26.6777],[94.4857,26.6737],[94.4679,26.6698],[94.4586,26.6553],[94.4645,26.6404],[94.4345,26.6254],[94.4099,26.6164],[94.406,26.6019],[94.4148,26.5833],[94.4093,26.569],[94.4061,26.5574],[94.4013,26.5441],[94.3966,26.5297],[94.3783,26.5253],[94.3776,26.5131],[94.3645,26.5103],[94.3511,26.5086],[94.3521,26.4958],[94.3369,26.4848],[94.3239,26.4794],[94.3165,26.4629],[94.3033,26.4673],[94.2939,26.4807],[94.2902,26.496],[94.2872,26.5085],[94.2891,26.5252],[94.2849,26.5403],[94.2848,26.5554],[94.2626,26.5439],[94.2533,26.5325],[94.2448,26.5169],[94.2289,26.5033],[94.2115,26.4898],[94.2011,26.4699],[94.1865,26.4605],[94.1758,26.4318],[94.1768,26.4134],[94.1769,26.3996],[94.174,26.3778],[94.1645,26.3601],[94.18,26.3541],[94.1721,26.3444],[94.1545,26.34],[94.1422,26.336],[94.124,26.3359],[94.1287,26.3232],[94.1113,26.326],[94.1027,26.3087],[94.0903,26.2971],[94.0801,26.2888],[94.0778,26.2754],[94.0705,26.26],[94.0529,26.2558],[94.0442,26.24],[94.0382,26.2295],[94.0368,26.2097],[94.0266,26.1971],[94.013,26.1863],[94.0048,26.1733],[93.9997,26.1582],[94.0064,26.1472],[93.9997,26.1365],[93.9965,26.1224],[94.0022,26.1114],[93.9922,26.0978],[93.986,26.0836],[93.9911,26.0726],[93.9808,26.0586],[93.9726,26.045],[93.9631,26.0334],[93.9584,26.0119],[93.9606,25.997],[93.958,25.9816],[93.9692,25.9608],[93.9711,25.9449],[93.9827,25.9263],[93.972,25.9175],[93.9608,25.9059],[93.9484,25.9012],[93.9346,25.8914],[93.9159,25.8877],[93.9018,25.871],[93.8916,25.8586],[93.8827,25.8459],[93.8687,25.8554],[93.8517,25.863],[93.8327,25.8563],[93.8243,25.8471],[93.8214,25.8324],[93.8116,25.8213],[93.7958,25.8144],[93.7888,25.826],[93.7826,25.8382],[93.783,25.8514],[93.7853,25.8633],[93.7883,25.8757],[93.7915,25.8901],[93.7981,25.9063],[93.7963,25.9182],[93.7932,25.931],[93.7907,25.9442],[93.7852,25.9583],[93.773,25.966],[93.7703,25.9535],[93.7589,25.9487],[93.7518,25.9364],[93.7365,25.9305],[93.7165,25.9217],[93.6977,25.9171],[93.6877,25.9094],[93.6909,25.8893],[93.7064,25.8533],[93.6938,25.8472],[93.6825,25.8407],[93.6781,25.8289],[93.6608,25.8244],[93.6485,25.824],[93.6403,25.8134],[93.629,25.8044],[93.627,25.7916],[93.6223,25.7798],[93.6081,25.7769],[93.5983,25.7684],[93.5872,25.7595],[93.5732,25.7608],[93.5655,25.7413],[93.5499,25.7324],[93.5498,25.719],[93.5444,25.7059],[93.5315,25.694],[93.5168,25.6881],[93.5102,25.671],[93.5021,25.662],[93.4902,25.656],[93.4834,25.6458],[93.4685,25.6438],[93.462,25.6334],[93.4499,25.6349],[93.4342,25.6299],[93.4225,25.6223],[93.4123,25.6137],[93.4092,25.6004],[93.3901,25.5947],[93.3824,25.5848],[93.3768,25.5737],[93.3652,25.5698],[93.3483,25.5632],[93.3334,25.549],[93.3404,25.5373],[93.3542,25.5312],[93.36,25.5203],[93.3669,25.5079],[93.383,25.4976],[93.3905,25.4856],[93.3904,25.4692],[93.4029,25.4592],[93.4171,25.4528],[93.435,25.4548],[93.4569,25.4419],[93.4651,25.4234],[93.4633,25.411],[93.4739,25.3931],[93.4782,25.3799],[93.4663,25.3617],[93.4537,25.3481],[93.4619,25.3366],[93.4567,25.3253],[93.468,25.3138],[93.4656,25.2991],[93.452,25.2947],[93.4386,25.2866],[93.4264,25.2811],[93.4207,25.2663],[93.4063,25.2641],[93.3946,25.2503],[93.3876,25.232],[93.3795,25.2208],[93.3696,25.2081],[93.3622,25.1956],[93.3531,25.1818],[93.3492,25.1667],[93.3486,25.1535],[93.3469,25.1377],[93.3492,25.1254],[93.3405,25.1144],[93.3358,25.0958],[93.3236,25.0917],[93.3127,25.078],[93.3061,25.0644],[93.3046,25.048],[93.2919,25.0471],[93.2682,25.0497],[93.2638,25.0359],[93.2578,25.0217],[93.2492,25.0132],[93.2565,25.0031],[93.252,24.9888],[93.2529,24.9751],[93.2632,24.9664],[93.2608,24.9539],[93.2511,24.9463],[93.24,24.9388],[93.2502,24.9301],[93.2505,24.9151],[93.2434,24.9037],[93.2334,24.8949],[93.2262,24.8811],[93.2191,24.8697],[93.2101,24.859],[93.1972,24.8565],[93.2016,24.8439],[93.193,24.8339],[93.1959,24.8163],[93.1859,24.805],[93.1773,24.7961],[93.1615,24.7973],[93.1486,24.7986],[93.1371,24.8111],[93.1213,24.8085],[93.1085,24.7909],[93.1013,24.7783],[93.1043,24.7632],[93.1,24.7507],[93.1044,24.7369],[93.0944,24.7243],[93.0888,24.7092],[93.0759,24.7104],[93.0845,24.6979],[93.0932,24.6879],[93.1047,24.6791],[93.099,24.6665],[93.0963,24.6527],[93.0848,24.6477],[93.0893,24.6339],[93.0794,24.6263],[93.0867,24.6138],[93.0768,24.6038],[93.0885,24.59],[93.1044,24.5876],[93.0871,24.5712],[93.0712,24.5761],[93.0727,24.5611],[93.0655,24.5473],[93.0527,24.5447],[93.0485,24.5309],[93.0528,24.5196],[93.0414,24.5146],[93.0358,24.4969],[93.0457,24.4818],[93.0483,24.464],[93.0367,24.4439],[93.0322,24.4289],[93.0393,24.4176],[93.0292,24.4063],[93.016,24.4025],[93.0064,24.4119],[92.998,24.4016],[92.9854,24.4076],[92.9708,24.4012],[92.9581,24.3981],[92.9442,24.4018],[92.9277,24.3986],[92.9115,24.4129],[92.9057,24.3991],[92.8917,24.4018],[92.8782,24.3989],[92.8629,24.3995],[92.8516,24.3924],[92.8443,24.3799],[92.8327,24.3764],[92.8254,24.3884],[92.8317,24.3993],[92.8211,24.4068],[92.8111,24.4136],[92.8,24.4215],[92.7978,24.4347],[92.7899,24.4561],[92.7844,24.4712],[92.7791,24.4865],[92.7652,24.5208],[92.7536,24.507],[92.7513,24.4944],[92.7436,24.4746],[92.7305,24.4528],[92.7238,24.4359],[92.7181,24.4162],[92.7074,24.3924],[92.7041,24.3762],[92.6933,24.3678],[92.6907,24.3548],[92.6796,24.3478],[92.667,24.3456],[92.6565,24.3391],[92.649,24.3288],[92.6367,24.3327],[92.6243,24.3327],[92.6231,24.3203],[92.6196,24.3085],[92.6168,24.2912],[92.6168,24.2753],[92.6131,24.2558],[92.596,24.2493],[92.5818,24.2454],[92.5646,24.2501],[92.5506,24.2459],[92.5478,24.2319],[92.5457,24.2199],[92.5415,24.2062],[92.5315,24.1835],[92.5254,24.1729],[92.5137,24.1693],[92.5025,24.1621],[92.4881,24.1622],[92.4807,24.1523],[92.4733,24.142],[92.4572,24.1435],[92.4439,24.1531],[92.4352,24.1626],[92.4342,24.1814],[92.4221,24.1885],[92.4197,24.2025],[92.4202,24.2179],[92.4201,24.2352],[92.4225,24.2482],[92.4068,24.2519],[92.3765,24.2513],[92.3141,24.2526],[92.2966,24.2517],[92.2596,24.2504],[92.2405,24.2506],[92.2129,24.2493],[92.2641,24.3622],[92.2683,24.3748],[92.2727,24.3862],[92.2642,24.3976],[92.2627,24.4098],[92.2575,24.4325],[92.2392,24.4473],[92.2323,24.4585],[92.2289,24.472],[92.2338,24.4847],[92.2354,24.4968],[92.2311,24.5094],[92.2328,24.5304],[92.2333,24.5511],[92.2351,24.5704],[92.2374,24.5916],[92.242,24.6083],[92.2495,24.6295],[92.2522,24.6421],[92.2509,24.6571],[92.2581,24.6687],[92.2593,24.6809],[92.2686,24.6942],[92.2773,24.7065],[92.286,24.7204],[92.2983,24.7366],[92.2851,24.7437],[92.2922,24.7597],[92.2872,24.7722],[92.2931,24.7836],[92.2849,24.7952],[92.2814,24.8144],[92.2797,24.828],[92.2668,24.8321],[92.2546,24.8342],[92.2466,24.8446],[92.2441,24.8565],[92.2403,24.8681],[92.2506,24.8799],[92.2472,24.8921],[92.2448,24.9067],[92.2551,24.9139],[92.2677,24.9058],[92.2791,24.91],[92.2897,24.9158],[92.3053,24.913],[92.3152,24.9038],[92.3249,24.8949],[92.3389,24.8886],[92.3473,24.8776],[92.348,24.894],[92.3555,24.8805],[92.3674,24.8781],[92.3782,24.868],[92.3888,24.8616],[92.3915,24.8499],[92.4045,24.8548],[92.4165,24.8628],[92.4289,24.852],[92.4375,24.861],[92.4502,24.8715],[92.4666,24.8722],[92.4796,24.8726],[92.4918,24.874],[92.5005,24.8916],[92.498,24.9039],[92.4964,24.9189],[92.4935,24.9359],[92.4903,24.9475],[92.4792,24.9426],[92.4669,24.944],[92.4521,24.9534],[92.4647,24.9548],[92.4671,24.9686],[92.4545,24.9732],[92.44,24.9668],[92.4285,24.9726],[92.4236,24.9961],[92.4295,25.0097],[92.4322,25.0251],[92.4418,25.0399],[92.4542,25.0366],[92.4647,25.0472],[92.4675,25.0614],[92.4765,25.0783],[92.4798,25.0957],[92.4843,25.1081],[92.4991,25.1081],[92.5265,25.1059],[92.538,25.0993],[92.5331,25.1121],[92.5252,25.1256],[92.5247,25.14],[92.5356,25.1344],[92.5532,25.1307],[92.5655,25.1313],[92.579,25.132],[92.5944,25.1283],[92.61,25.1241],[92.6216,25.1177],[92.6308,25.1318],[92.638,25.1452],[92.6483,25.1527],[92.6595,25.1591],[92.663,25.173],[92.677,25.1822],[92.6939,25.1814],[92.7046,25.1905],[92.7162,25.1942],[92.7333,25.2032],[92.7471,25.2078],[92.7589,25.204],[92.7796,25.2031],[92.7929,25.2124],[92.8044,25.2193],[92.7943,25.226],[92.7722,25.2333],[92.7646,25.2493],[92.7767,25.2605],[92.7795,25.2738],[92.7922,25.2852],[92.7869,25.3007],[92.788,25.3176],[92.7844,25.3325],[92.7725,25.3396],[92.7606,25.3353],[92.7512,25.3485],[92.7457,25.3611],[92.7361,25.3738],[92.7254,25.3804],[92.7129,25.3845],[92.7004,25.3878],[92.6935,25.4],[92.68,25.4086],[92.6709,25.4167],[92.6601,25.4104],[92.6537,25.4239],[92.6416,25.4195],[92.6327,25.4331],[92.6206,25.4237],[92.6091,25.4166],[92.6078,25.4304],[92.6056,25.4484],[92.6014,25.4641],[92.5854,25.4676],[92.5715,25.4641],[92.5666,25.4751],[92.5756,25.4904],[92.5895,25.4995],[92.6056,25.5081],[92.6216,25.5158],[92.6376,25.5285],[92.645,25.5466],[92.6499,25.56],[92.6607,25.5703],[92.6605,25.5851],[92.6512,25.5927],[92.6341,25.5789],[92.6261,25.568],[92.6125,25.5655],[92.6026,25.5574],[92.5875,25.553],[92.5761,25.5597],[92.5647,25.5683],[92.5609,25.5827],[92.5572,25.5962],[92.5586,25.609],[92.5445,25.6143],[92.5173,25.6201],[92.5017,25.6229],[92.4933,25.6361],[92.4883,25.65],[92.4813,25.6639],[92.4715,25.6749],[92.4599,25.683],[92.443,25.6877],[92.4333,25.6952],[92.4272,25.7104],[92.442,25.7209],[92.4332,25.7315],[92.4213,25.7295],[92.4164,25.7405],[92.4048,25.7437],[92.3921,25.7426],[92.3851,25.7536],[92.3715,25.7465],[92.363,25.7365],[92.3481,25.7319],[92.3335,25.7252],[92.3177,25.7238],[92.2936,25.7173],[92.2705,25.7109],[92.2557,25.7107],[92.2368,25.7084],[92.2249,25.714],[92.2106,25.6959],[92.2001,25.6873],[92.1879,25.6834],[92.175,25.6702],[92.1607,25.6719],[92.1644,25.6849],[92.161,25.6973],[92.1559,25.7091],[92.1537,25.7227],[92.1642,25.7287],[92.1648,25.7448],[92.1582,25.7572],[92.1541,25.7729],[92.1512,25.7875],[92.1531,25.8127],[92.1631,25.8218],[92.1693,25.8353],[92.1752,25.8465],[92.1808,25.8632],[92.1869,25.8748],[92.2033,25.8901],[92.2156,25.8938],[92.225,25.9016],[92.2075,25.9105],[92.1972,25.918],[92.1836,25.9128],[92.1637,25.9118],[92.1602,25.926],[92.1575,25.9393],[92.1608,25.9515],[92.1656,25.9644],[92.1769,25.9731],[92.1916,25.9852],[92.2074,25.9882],[92.2192,26.0008],[92.2557,26.0289],[92.3016,26.0765],[92.2901,26.0728],[92.2737,26.065],[92.2515,26.0644],[92.2283,26.0676],[92.2161,26.0693],[92.2018,26.07],[92.1894,26.0669],[92.1809,26.0762],[92.1547,26.0681],[92.1462,26.0586],[92.1331,26.0459],[92.1162,26.0466],[92.0934,26.0485],[92.0811,26.0436],[92.0705,26.0378],[92.0529,26.0328],[92.0396,26.0362],[92.0279,26.0399],[92.0082,26.0394],[91.9911,26.041],[91.9842,26.0305],[91.9578,26.0189],[91.9463,26.0145],[91.934,26.0147],[91.9268,26.0016],[91.9157,26.0103],[91.9117,26.0238],[91.892,26.0296],[91.8702,26.0522],[91.8752,26.0846],[91.8758,26.0977],[91.8538,26.1048],[91.8266,26.1181],[91.8156,26.1114],[91.8018,26.1049],[91.7904,26.087],[91.7785,26.0912],[91.7595,26.0713],[91.7313,26.0592],[91.7264,26.0469],[91.7232,26.0303],[91.7212,26.0018],[91.7198,25.9783],[91.7216,25.9651],[91.7139,25.9472],[91.7009,25.9419],[91.6923,25.9291],[91.6786,25.9173],[91.6693,25.9054],[91.6569,25.9079],[91.6328,25.9258],[91.6112,25.9399],[91.6246,25.946],[91.6341,25.9605],[91.628,25.977],[91.6287,25.9951],[91.6321,26.014],[91.6203,26.027],[91.6019,26.0226],[91.5881,26.0301],[91.5758,26.0331],[91.5688,26.0217],[91.5651,26.0075],[91.5548,25.9866],[91.5513,25.9749],[91.5373,25.9684],[91.5258,25.9613],[91.5198,25.9409],[91.5016,25.9208],[91.5169,25.92],[91.5359,25.934],[91.5248,25.9208],[91.5085,25.9098],[91.5012,25.8985],[91.4885,25.8948],[91.4787,25.8847],[91.4748,25.8712],[91.4937,25.8655],[91.5078,25.8674],[91.5198,25.878],[91.5258,25.8901],[91.5254,25.8729],[91.5128,25.8666],[91.496,25.8623],[91.483,25.8629],[91.4687,25.859],[91.455,25.8513],[91.4444,25.841],[91.4308,25.8478],[91.4189,25.8547],[91.4051,25.8499],[91.3885,25.8473],[91.3705,25.8443],[91.3569,25.8415],[91.3444,25.8394],[91.3322,25.8337],[91.325,25.8238],[91.3063,25.7964],[91.2969,25.7782],[91.2873,25.7641],[91.2765,25.7517],[91.2623,25.7493],[91.2325,25.7292],[91.2159,25.7239],[91.198,25.731],[91.1887,25.7389],[91.1892,25.7635],[91.1812,25.7733],[91.1847,25.795],[91.191,25.8107],[91.1943,25.8264],[91.2026,25.8405],[91.1981,25.8548],[91.1855,25.85],[91.1682,25.8456],[91.1529,25.8501],[91.1379,25.8421],[91.1263,25.8382],[91.0814,25.8293],[91.0665,25.8258],[91.0499,25.8289],[91.0618,25.8361],[91.073,25.8425],[91.0491,25.8488],[91.0249,25.8276],[91.0127,25.8211],[91.0016,25.8258],[91.0087,25.8382],[91.0131,25.8572],[91.0265,25.8666],[91.0291,25.8799],[91.0137,25.8843],[91.0013,25.8865],[90.9848,25.8899],[90.9713,25.8877],[90.9669,25.9053],[90.9606,25.9277],[90.9456,25.9391],[90.9321,25.9397],[90.9183,25.9432],[90.9163,25.9281],[90.9191,25.9133],[90.9012,25.9296],[90.8924,25.9391],[90.883,25.9517],[90.8729,25.9429],[90.8568,25.9443],[90.8432,25.9448],[90.828,25.9474],[90.8099,25.9522],[90.7971,25.9415],[90.7817,25.9212],[90.7781,25.9083],[90.7577,25.9111],[90.7454,25.9123],[90.7526,25.934],[90.7403,25.9409],[90.746,25.9526],[90.7323,25.9526],[90.7207,25.9492],[90.686,25.9508],[90.6757,25.9365],[90.654,25.9297],[90.6378,25.9233],[90.6273,25.917],[90.6267,25.9014],[90.6142,25.8995],[90.6065,25.9123],[90.629,25.9374],[90.6054,25.947],[90.5919,25.9521],[90.5825,25.9598],[90.5728,25.9482],[90.5632,25.9356],[90.5468,25.9199],[90.5336,25.9088],[90.518,25.8965],[90.5185,25.9094],[90.5262,25.9283],[90.5348,25.9456],[90.5345,25.958],[90.5241,25.9699],[90.5136,25.9824],[90.5057,25.996],[90.4924,26.0065],[90.4812,26.014],[90.4653,26.0072],[90.4471,25.9965],[90.4286,25.989],[90.4165,25.9969],[90.4076,26.0076],[90.3965,26.0142],[90.3808,26.0116],[90.365,26.0103],[90.3467,26.003],[90.3369,25.9902],[90.3243,25.9744],[90.2866,25.9639],[90.2274,25.9551],[90.2128,25.9539],[90.194,25.957],[90.1857,25.9456],[90.1761,25.9571],[90.1635,25.9574],[90.1534,25.9647],[90.14,25.9581],[90.1232,25.9572],[90.1109,25.9541],[90.1054,25.9419],[90.088,25.9362],[90.0807,25.9245],[90.0676,25.9162],[90.0551,25.9081],[90.0421,25.8908],[90.0279,25.8943],[90.0153,25.8886],[90.0047,25.8787],[90.0187,25.8714],[90.0115,25.8497],[89.9976,25.8467],[89.9908,25.8355],[89.9759,25.834],[89.9589,25.8266],[89.9446,25.8245],[89.952,25.8109],[89.9508,25.792],[89.9552,25.7745],[89.9467,25.7647],[89.9337,25.7525],[89.9279,25.7414],[89.9161,25.7392],[89.8991,25.7441],[89.8942,25.7272],[89.9049,25.7148],[89.9143,25.704],[89.9324,25.69],[89.9417,25.6781],[89.947,25.6588],[89.9804,25.6376],[89.9953,25.623],[90.0184,25.6084],[90.0111,25.5984],[90.0021,25.5842],[89.9895,25.5888],[89.9751,25.5835],[89.9665,25.5717],[89.9494,25.5683],[89.9358,25.5627],[89.9181,25.5626],[89.9044,25.5595],[89.8864,25.5579],[89.8776,25.5489],[89.8718,25.5599],[89.8767,25.5716],[89.8783,25.5849],[89.885,25.6031],[89.8867,25.6211],[89.8831,25.6363],[89.878,25.6485],[89.8699,25.659],[89.8629,25.673],[89.8544,25.6843],[89.8542,25.6966],[89.8547,25.7086],[89.8421,25.7107],[89.8336,25.7209],[89.8306,25.7328],[89.8382,25.743],[89.8442,25.755],[89.8436,25.7682],[89.8381,25.7817],[89.8337,25.7935],[89.8312,25.8055],[89.8211,25.8144],[89.8255,25.8292],[89.8304,25.8521],[89.8378,25.8625],[89.8435,25.8745],[89.8506,25.8866],[89.8608,25.8973],[89.8696,25.9087],[89.8815,25.9193],[89.8864,25.9342],[89.8773,25.9431],[89.8652,25.941],[89.8526,25.9393],[89.8406,25.9422],[89.8282,25.9436],[89.8386,25.9512],[89.8515,25.9464],[89.8472,25.9577],[89.8561,25.9669],[89.869,25.9684],[89.8653,25.9824],[89.8531,25.9875],[89.85,26.0012],[89.8414,26.0099],[89.835,25.9996],[89.8374,25.9872],[89.8264,25.9822],[89.8177,25.9923],[89.8242,26.0036],[89.8216,26.0156],[89.8193,26.0289],[89.8148,26.0408],[89.8072,26.0308],[89.7993,26.0192],[89.8024,26.0308],[89.7916,26.0385],[89.7803,26.0337],[89.7866,26.044],[89.7912,26.0562],[89.8035,26.0576],[89.8007,26.0693],[89.7985,26.0839],[89.7859,26.0832],[89.7897,26.0946],[89.7838,26.1063],[89.7714,26.1062],[89.7591,26.109],[89.768,26.1204],[89.7663,26.1356],[89.7571,26.1441],[89.7509,26.1556],[89.7391,26.1582],[89.7272,26.1553],[89.7197,26.1647],[89.7329,26.173],[89.7198,26.1779],[89.7065,26.1731],[89.7002,26.1848],[89.7141,26.1894],[89.7156,26.2027],[89.7313,26.2108],[89.7155,26.2148],[89.7031,26.2133],[89.7117,26.2277],[89.7233,26.2329],[89.7157,26.2464],[89.7114,26.258],[89.7048,26.2699],[89.7173,26.2592],[89.7323,26.2603],[89.7292,26.2829],[89.7171,26.2931],[89.7178,26.3057],[89.7234,26.2948],[89.7423,26.2952],[89.7571,26.2885],[89.7509,26.3062],[89.7505,26.3215],[89.762,26.3171],[89.7777,26.3278],[89.7792,26.3432],[89.7903,26.3581],[89.804,26.3623],[89.8204,26.3706],[89.8115,26.3607],[89.8201,26.3504],[89.8271,26.3666],[89.8256,26.3793],[89.8409,26.3778],[89.8513,26.3841],[89.8532,26.396],[89.8404,26.3908],[89.828,26.3935],[89.8333,26.4123],[89.8498,26.4142],[89.8552,26.434],[89.8695,26.4484],[89.8702,26.464],[89.861,26.4748],[89.8527,26.4878],[89.8556,26.5051],[89.8535,26.5172],[89.8618,26.5305],[89.8614,26.5432],[89.8643,26.5608],[89.8615,26.5746],[89.8775,26.5842],[89.8725,26.5976],[89.8772,26.6131],[89.8618,26.6152],[89.8573,26.6321],[89.8737,26.6435],[89.8681,26.6566],[89.8693,26.6709],[89.8714,26.6835],[89.8614,26.7003],[89.8593,26.713],[89.8584,26.7312],[89.8735,26.7317],[89.8894,26.7244],[89.9063,26.7237],[89.9208,26.7226],[89.9399,26.723],[89.9578,26.7232],[89.9847,26.7268],[89.9975,26.7318],[90.0197,26.7305],[90.0339,26.7297],[90.0506,26.7299],[90.0676,26.7321],[90.0857,26.7375],[90.1143,26.7451],[90.1278,26.749],[90.1461,26.7549],[90.1609,26.7605],[90.1735,26.7651],[90.1887,26.7706],[90.1853,26.7872],[90.1826,26.8041],[90.1919,26.8273],[90.2045,26.8436],[90.2148,26.8537],[90.2262,26.8582],[90.2443,26.8579],[90.2623,26.8554],[90.2773,26.8521],[90.2904,26.8485],[90.3063,26.8495],[90.3409,26.8721],[90.3494,26.8877],[90.364,26.8981],[90.3801,26.8992],[90.3997,26.901],[90.4221,26.8981],[90.4411,26.8829],[90.454,26.8724],[90.4831,26.8531],[90.4999,26.8425],[90.5138,26.8333],[90.5288,26.8235],[90.5388,26.8163],[90.5538,26.8058],[90.5683,26.7989],[90.5807,26.7976],[90.6015,26.7975],[90.615,26.7951],[90.6303,26.7917],[90.6491,26.7743],[90.6625,26.7786],[90.6794,26.7802],[90.6936,26.7713],[90.7123,26.7676],[90.729,26.7684],[90.741,26.775],[90.7624,26.7736],[90.7867,26.7742],[90.8021,26.774],[90.8182,26.7753],[90.8369,26.7767],[90.8707,26.7796],[90.8969,26.7786],[90.927,26.7821],[90.9548,26.7838],[90.9706,26.7851],[90.9874,26.7875],[91.0032,26.7867],[91.0309,26.7809],[91.054,26.7795],[91.0756,26.8005],[91.0891,26.8184],[91.1058,26.8142],[91.1297,26.8085],[91.144,26.809],[91.1803,26.8114],[91.2023,26.8087],[91.2173,26.8089],[91.2369,26.809],[91.2491,26.8063],[91.2623,26.805],[91.2769,26.7969],[91.2896,26.7889],[91.31,26.7833],[91.3275,26.7805],[91.3412,26.7818],[91.3596,26.7895],[91.3727,26.7962],[91.3848,26.8093],[91.398,26.8299],[91.4114,26.8336],[91.4366,26.8173],[91.4475,26.8119],[91.4678,26.798],[91.4782,26.7918],[91.4928,26.7898],[91.5109,26.7928],[91.5309,26.7958],[91.5602,26.7999],[91.5908,26.8048],[91.6027,26.8102],[91.6238,26.8213],[91.6536,26.8151],[91.6793,26.8047],[91.6973,26.8119],[91.7095,26.812],[91.7269,26.8126],[91.7579,26.8288],[91.7749,26.8388],[91.802,26.8521],[91.8175,26.8637],[91.8318,26.8764],[91.8535,26.9123],[91.8662,26.9143],[91.8835,26.9162],[91.8973,26.9161],[91.9093,26.9104],[91.9234,26.9036],[91.942,26.8949],[91.954,26.8877],[91.9698,26.8705],[91.9856,26.8583],[92.0033,26.8537],[92.017,26.8511],[92.0291,26.85],[92.0455,26.8475],[92.0609,26.8502],[92.0766,26.8576],[92.0889,26.861],[92.0986,26.8819],[92.1079,26.8938],[92.1204,26.8903],[92.1479,26.8909],[92.1624,26.8927],[92.1772,26.8925],[92.1948,26.891],[92.2094,26.8969],[92.2546,26.9122],[92.2679,26.9051],[92.2815,26.9041],[92.3005,26.9081],[92.3029,26.9242],[92.3201,26.9284],[92.3468,26.9335],[92.3644,26.9327],[92.3998,26.9263],[92.4119,26.9442],[92.4258,26.9435],[92.4422,26.955],[92.4596,26.9633],[92.4838,26.9647],[92.505,26.9668],[92.5318,26.9633],[92.5536,26.9591],[92.5852,26.9619],[92.6455,26.9874],[92.6442,27.0025],[92.6391,27.0185],[92.6505,27.0248],[92.657,27.0376],[92.6824,27.0317],[92.7023,27.0276],[92.7275,27.0284],[92.7691,27.033],[92.7853,27.0307],[92.8244,27.0185],[92.8366,27.0135],[92.8724,27.0077],[92.8834,27.0023],[92.8998,26.9963],[92.9167,26.9847],[92.9149,26.9698],[92.9264,26.9607],[92.9514,26.9489],[92.973,26.9408],[92.9867,26.9338],[93.0194,26.9168],[93.0382,26.9179],[93.0602,26.9212],[93.0764,26.9199],[93.0919,26.9155],[93.109,26.9273],[93.1843,26.9387],[93.2224,26.9491],[93.2669,26.956],[93.3479,26.9632],[93.3742,26.9604],[93.3907,26.96],[93.4367,26.9561],[93.4638,26.9435],[93.4803,26.9402],[93.5258,26.9486],[93.5455,26.9517],[93.5708,26.9541],[93.5842,26.9526],[93.6245,26.9642],[93.6402,26.9648],[93.6551,26.9665],[93.6758,26.9711],[93.6966,26.9924],[93.7057,27.0037],[93.7189,27.0192],[93.7339,27.0272],[93.7464,27.0324],[93.7685,27.0433],[93.7682,27.0555],[93.7812,27.0608],[93.794,27.0577],[93.7971,27.0709],[93.8049,27.0613],[93.8129,27.0707],[93.8255,27.0721],[93.8367,27.0782],[93.8313,27.0924],[93.8272,27.1119],[93.8191,27.1229],[93.8082,27.1329],[93.8068,27.1472],[93.817,27.1582],[93.8267,27.1694],[93.8399,27.1735],[93.8575,27.1911],[93.8674,27.1988],[93.8856,27.2244],[93.901,27.2415],[93.9189,27.2571],[93.9339,27.2683],[93.9565,27.2948],[93.9727,27.3083],[93.9857,27.3206],[93.996,27.3279],[94.0098,27.3389],[94.0258,27.3477],[94.0416,27.3533],[94.0548,27.3628],[94.0686,27.3744],[94.0863,27.4046],[94.0999,27.4139],[94.1171,27.431],[94.1359,27.4459],[94.1545,27.4605],[94.1572,27.478],[94.1679,27.4842],[94.1869,27.4908],[94.2107,27.4979],[94.2217,27.507],[94.2591,27.5226],[94.2569,27.5405],[94.2565,27.5574],[94.2406,27.5704],[94.2265,27.5756],[94.2214,27.5879],[94.2229,27.6007],[94.2111,27.6108],[94.226,27.618],[94.2351,27.6325],[94.2473,27.6358],[94.2628,27.636],[94.2571,27.6191],[94.2725,27.6035],[94.2877,27.5918],[94.298,27.6043],[94.3084,27.5956],[94.3197,27.5901],[94.3381,27.581],[94.3557,27.5774],[94.3723,27.5793],[94.3844,27.5865],[94.4032,27.5872],[94.4209,27.6013],[94.4361,27.5844],[94.4496,27.575],[94.4562,27.5629],[94.4693,27.564],[94.4792,27.577],[94.5002,27.5773],[94.5157,27.5847],[94.5263,27.5958],[94.5464,27.6035],[94.5639,27.607],[94.5819,27.6167],[94.5958,27.6215],[94.6094,27.6226],[94.625,27.6301],[94.6398,27.631],[94.6484,27.6421],[94.6646,27.6479],[94.6825,27.6496],[94.6839,27.6633],[94.6981,27.6671],[94.7131,27.6603],[94.7207,27.67],[94.737,27.6656],[94.7559,27.6665],[94.7669,27.6801],[94.791,27.6889],[94.8002,27.6971],[94.818,27.6968],[94.8394,27.7035],[94.8536,27.7316],[94.866,27.7362],[94.8839,27.7421],[94.93,27.7567],[94.987,27.7709],[94.9979,27.7766],[95.0191,27.7725],[95.0312,27.7748],[95.0489,27.7865],[95.1949,27.8344],[95.2365,27.8484],[95.2925,27.865],[95.3085,27.8678],[95.3843,27.842],[95.516,27.8818],[95.5262,27.8979],[95.5435,27.9023],[95.565,27.9225],[95.5712,27.9424],[95.5887,27.9416],[95.5969,27.9511],[95.8259,27.9774],[95.9569,27.9691],[95.9775,27.9685],[95.9652,27.9526],[95.9523,27.9418]]]]}},{"type":"Feature","properties":{"name":"Bihar","id":"bihar"},"geometry":{"type":"MultiPolygon","coordinates":[[[[88.1055,26.539],[88.1055,26.539]]],[[[84.1197,27.5135],[84.132,27.5117],[84.1459,27.5169],[84.1515,27.5056],[84.1475,27.4926],[84.1558,27.4838],[84.1693,27.4816],[84.182,27.4745],[84.1933,27.469],[84.2079,27.4694],[84.2095,27.4565],[84.2106,27.4425],[84.2231,27.447],[84.2325,27.4547],[84.2462,27.4545],[84.2603,27.4466],[84.2641,27.4352],[84.2748,27.4287],[84.2803,27.4152],[84.2776,27.4008],[84.2875,27.3915],[84.2975,27.3845],[84.3129,27.3864],[84.3308,27.3801],[84.3487,27.375],[84.3606,27.3734],[84.3744,27.3758],[84.3897,27.3721],[84.4082,27.3701],[84.4225,27.3696],[84.4374,27.3694],[84.4543,27.363],[84.4669,27.3596],[84.488,27.3583],[84.5045,27.3556],[84.5167,27.3526],[84.5357,27.3499],[84.5672,27.3473],[84.5887,27.341],[84.6037,27.3384],[84.6166,27.337],[84.6452,27.306],[84.6841,27.2364],[84.6917,27.2223],[84.6895,27.2088],[84.6857,27.1964],[84.683,27.1837],[84.6779,27.1701],[84.6836,27.159],[84.6856,27.1451],[84.6795,27.1329],[84.6774,27.1205],[84.6732,27.107],[84.6697,27.0934],[84.6604,27.0833],[84.6508,27.0745],[84.6451,27.0595],[84.6449,27.0472],[84.6612,27.04],[84.6752,27.0346],[84.7036,27.0268],[84.7162,27.0213],[84.7254,27.0134],[84.7402,27.0112],[84.7545,27.0047],[84.7662,27.0131],[84.7847,27.014],[84.79,27.0029],[84.8024,27.0004],[84.8094,27.011],[84.8198,27.0204],[84.8319,27.0193],[84.8443,27.0125],[84.8569,27.008],[84.8597,26.9955],[84.8684,26.9835],[84.8908,26.9772],[84.9009,26.9705],[84.9128,26.9676],[84.9262,26.9674],[84.9457,26.9636],[84.9585,26.9606],[84.9718,26.9519],[84.9805,26.94],[84.9723,26.9287],[84.9698,26.916],[84.9913,26.9134],[85.0039,26.9096],[85.0061,26.8948],[85.0219,26.8928],[85.0441,26.8912],[85.0551,26.8864],[85.0435,26.8771],[85.0316,26.875],[85.0296,26.8626],[85.0461,26.8507],[85.0597,26.8489],[85.0776,26.8563],[85.0897,26.8533],[85.0883,26.8661],[85.1017,26.8708],[85.1229,26.8713],[85.1363,26.8676],[85.156,26.8703],[85.1786,26.8689],[85.1913,26.8698],[85.1931,26.8497],[85.1926,26.8295],[85.1792,26.8149],[85.1843,26.7995],[85.1951,26.7908],[85.1997,26.7693],[85.2125,26.7617],[85.2304,26.7613],[85.2505,26.7598],[85.2625,26.755],[85.2858,26.7537],[85.3025,26.7521],[85.3201,26.7489],[85.3363,26.7414],[85.3572,26.7602],[85.3717,26.7581],[85.3861,26.774],[85.3991,26.778],[85.408,26.789],[85.4221,26.7886],[85.4347,26.7899],[85.4487,26.7835],[85.461,26.7844],[85.4752,26.7899],[85.4815,26.8014],[85.4983,26.7981],[85.5007,26.8108],[85.5146,26.8156],[85.5323,26.8246],[85.5451,26.8379],[85.5582,26.8398],[85.5743,26.8566],[85.5886,26.8523],[85.6021,26.8538],[85.6216,26.8693],[85.6367,26.8719],[85.6446,26.8529],[85.6825,26.843],[85.7048,26.8326],[85.7233,26.82],[85.731,26.8078],[85.7367,26.7956],[85.7373,26.7777],[85.731,26.7498],[85.7364,26.7372],[85.7318,26.725],[85.7271,26.7094],[85.7276,26.6952],[85.7269,26.682],[85.7316,26.6668],[85.7346,26.6543],[85.7492,26.6396],[85.7619,26.6359],[85.776,26.6289],[85.8022,26.6244],[85.8119,26.6093],[85.8326,26.6013],[85.8421,26.6103],[85.8556,26.6047],[85.86,26.5896],[85.8507,26.5765],[85.8609,26.5686],[85.8729,26.5794],[85.8858,26.5825],[85.8932,26.5945],[85.9038,26.6002],[85.9162,26.6086],[85.9291,26.6103],[85.9402,26.6158],[85.9517,26.6244],[85.9547,26.6372],[85.9588,26.649],[85.9723,26.6548],[85.987,26.6568],[86.0022,26.6546],[86.0147,26.6586],[86.0307,26.6664],[86.0504,26.6613],[86.065,26.6581],[86.0762,26.6495],[86.09,26.643],[86.12,26.6304],[86.1407,26.6287],[86.1432,26.6164],[86.1574,26.6096],[86.1693,26.6139],[86.1849,26.6134],[86.1978,26.6077],[86.1978,26.5951],[86.2106,26.5927],[86.2231,26.5897],[86.2368,26.5904],[86.2425,26.6021],[86.2501,26.6121],[86.2629,26.6153],[86.2779,26.617],[86.2952,26.6129],[86.308,26.6186],[86.3248,26.6194],[86.3466,26.6159],[86.355,26.6043],[86.3875,26.5967],[86.3994,26.5928],[86.4327,26.5727],[86.448,26.5697],[86.4883,26.5494],[86.5011,26.5416],[86.5182,26.5388],[86.5306,26.5425],[86.5442,26.5381],[86.5541,26.5233],[86.5633,26.5093],[86.5712,26.4988],[86.5829,26.4944],[86.5982,26.4906],[86.6147,26.4861],[86.6258,26.481],[86.6285,26.4691],[86.6409,26.4652],[86.6792,26.4537],[86.6926,26.4506],[86.7022,26.4373],[86.7226,26.4346],[86.7297,26.4244],[86.7431,26.4243],[86.7497,26.4358],[86.7559,26.4461],[86.7669,26.4515],[86.7826,26.4544],[86.8032,26.4471],[86.8238,26.4418],[86.8358,26.4387],[86.8495,26.4421],[86.8595,26.4512],[86.8713,26.4541],[86.8848,26.4593],[86.8976,26.467],[86.8926,26.4814],[86.9065,26.4879],[86.9322,26.4893],[86.9351,26.5165],[86.9473,26.5173],[86.9618,26.52],[86.9776,26.5197],[86.9932,26.5228],[87.0177,26.5318],[87.0359,26.5566],[87.0448,26.5679],[87.0473,26.587],[87.0743,26.5855],[87.0751,26.5416],[87.0822,26.5229],[87.0881,26.4853],[87.0939,26.45],[87.1116,26.4368],[87.1301,26.423],[87.1415,26.4146],[87.1637,26.4044],[87.1915,26.4051],[87.2038,26.4133],[87.2167,26.408],[87.2287,26.41],[87.2476,26.414],[87.2642,26.4078],[87.2681,26.3908],[87.2683,26.3744],[87.2861,26.3731],[87.2995,26.3687],[87.3148,26.3711],[87.3243,26.3599],[87.3383,26.3515],[87.3556,26.3561],[87.3559,26.3718],[87.3589,26.3879],[87.3713,26.4078],[87.3851,26.413],[87.4143,26.4215],[87.4302,26.422],[87.4455,26.4327],[87.4647,26.4389],[87.4871,26.437],[87.5189,26.4306],[87.5393,26.4207],[87.5553,26.4054],[87.5736,26.3968],[87.5902,26.3922],[87.6084,26.3806],[87.6304,26.3935],[87.6458,26.3933],[87.6528,26.4055],[87.6808,26.4154],[87.6802,26.4351],[87.6945,26.4353],[87.7086,26.4274],[87.7197,26.4218],[87.7298,26.4103],[87.7416,26.4172],[87.7557,26.4089],[87.7689,26.4121],[87.7788,26.4215],[87.7803,26.4356],[87.7764,26.4501],[87.7866,26.4577],[87.7922,26.4689],[87.814,26.4616],[87.8277,26.4519],[87.8307,26.4398],[87.8443,26.4374],[87.8536,26.445],[87.8651,26.4526],[87.866,26.4676],[87.8881,26.4762],[87.9025,26.4771],[87.9089,26.4643],[87.9035,26.4503],[87.926,26.4465],[87.92,26.4346],[87.9293,26.4182],[87.9683,26.3968],[87.9807,26.3946],[87.9933,26.3925],[87.995,26.3694],[88.0067,26.3644],[88.0326,26.3646],[88.0339,26.3782],[88.0372,26.3917],[88.0491,26.3973],[88.0582,26.4055],[88.0697,26.4094],[88.0811,26.4198],[88.0875,26.4304],[88.0974,26.4374],[88.0994,26.4521],[88.0955,26.4636],[88.107,26.4718],[88.1037,26.4835],[88.103,26.4986],[88.093,26.5067],[88.1055,26.5182],[88.1053,26.5304],[88.1235,26.5201],[88.1377,26.5142],[88.1509,26.5169],[88.1654,26.5216],[88.166,26.5345],[88.1787,26.5309],[88.1824,26.5429],[88.1967,26.5436],[88.2074,26.5352],[88.2208,26.5463],[88.2154,26.5573],[88.2312,26.552],[88.2311,26.5392],[88.2258,26.5266],[88.2067,26.515],[88.1939,26.508],[88.1792,26.494],[88.1916,26.4831],[88.2148,26.4697],[88.2262,26.4763],[88.2153,26.4657],[88.2246,26.4557],[88.2339,26.4463],[88.2484,26.4388],[88.2596,26.4307],[88.2679,26.4218],[88.2554,26.4159],[88.2358,26.3962],[88.2317,26.3849],[88.2431,26.3741],[88.2616,26.38],[88.274,26.3773],[88.2819,26.3601],[88.2794,26.3463],[88.2763,26.3325],[88.2611,26.3379],[88.2537,26.3278],[88.2447,26.3163],[88.2365,26.3054],[88.2268,26.2966],[88.219,26.2857],[88.2041,26.2796],[88.1894,26.2751],[88.1769,26.2617],[88.1631,26.2575],[88.1444,26.2528],[88.1359,26.2372],[88.1261,26.2269],[88.1119,26.2262],[88.1025,26.2122],[88.0897,26.2032],[88.0816,26.1924],[88.0748,26.1813],[88.0634,26.1767],[88.0523,26.1717],[88.0405,26.1768],[88.0285,26.1673],[88.0175,26.1556],[88.0151,26.1429],[87.9991,26.1404],[87.9884,26.1486],[87.9821,26.1592],[87.9695,26.1544],[87.9688,26.1394],[87.9571,26.1289],[87.9756,26.1216],[87.9694,26.1093],[87.9549,26.1057],[87.9627,26.0947],[87.9722,26.0849],[87.9598,26.084],[87.943,26.0847],[87.9347,26.0705],[87.9225,26.0718],[87.9175,26.088],[87.8957,26.0799],[87.8847,26.0715],[87.8777,26.0579],[87.8633,26.0561],[87.8492,26.045],[87.8417,26.0323],[87.8406,26.0198],[87.8333,26.0011],[87.826,25.9883],[87.8299,25.9719],[87.8254,25.9587],[87.8239,25.9465],[87.8299,25.9355],[87.8179,25.933],[87.8057,25.9284],[87.8075,25.9158],[87.8168,25.9049],[87.818,25.8885],[87.8228,25.8715],[87.8345,25.8687],[87.8504,25.8671],[87.8653,25.8676],[87.8787,25.8585],[87.8995,25.8598],[87.9109,25.8517],[87.8973,25.8396],[87.8834,25.8286],[87.8964,25.8291],[87.9045,25.8189],[87.895,25.8047],[87.9009,25.7803],[87.9187,25.774],[87.9324,25.7713],[87.9375,25.7583],[87.9439,25.7481],[87.9567,25.7354],[87.9717,25.7201],[87.9878,25.7237],[87.9972,25.7119],[88.0167,25.7047],[88.0162,25.6917],[88.0268,25.6989],[88.0399,25.6981],[88.0508,25.6858],[88.0431,25.6739],[88.0454,25.6598],[88.0485,25.6439],[88.0358,25.641],[88.0543,25.6329],[88.0394,25.6273],[88.0404,25.6105],[88.0297,25.6],[88.0314,25.5875],[88.03,25.5743],[88.0382,25.5639],[88.027,25.5533],[88.0379,25.5462],[88.0391,25.5332],[88.056,25.5299],[88.0669,25.5164],[88.0713,25.5049],[88.0682,25.4898],[88.0558,25.4839],[88.0421,25.4854],[88.0275,25.4861],[88.0157,25.5005],[88.0075,25.5104],[88.0042,25.494],[87.9928,25.4979],[87.985,25.5081],[87.9878,25.5207],[87.9723,25.5232],[87.9641,25.5331],[87.9524,25.5365],[87.938,25.5353],[87.926,25.5362],[87.9144,25.5309],[87.903,25.5191],[87.9005,25.5072],[87.8882,25.5128],[87.8699,25.503],[87.8609,25.4861],[87.8639,25.4703],[87.8507,25.4683],[87.8338,25.4646],[87.8273,25.4516],[87.8209,25.4398],[87.8086,25.4342],[87.7983,25.4419],[87.7865,25.4487],[87.7796,25.4366],[87.7701,25.4288],[87.7724,25.4149],[87.7598,25.4101],[87.7631,25.3956],[87.7657,25.378],[87.7767,25.3708],[87.7888,25.3722],[87.7874,25.3549],[87.7816,25.3384],[87.7914,25.3223],[87.8111,25.3192],[87.8289,25.3034],[87.8404,25.2984],[87.8514,25.2925],[87.8565,25.2778],[87.85,25.2673],[87.8493,25.2534],[87.8355,25.2498],[87.8249,25.2366],[87.8338,25.2134],[87.8366,25.1993],[87.8212,25.2081],[87.8013,25.2182],[87.7876,25.2205],[87.7854,25.2363],[87.7691,25.2467],[87.7309,25.2532],[87.7078,25.2564],[87.708,25.2714],[87.6964,25.2789],[87.6903,25.2912],[87.6935,25.3031],[87.6806,25.3043],[87.6588,25.3097],[87.634,25.3124],[87.6136,25.3155],[87.5999,25.3147],[87.5893,25.3219],[87.5805,25.3323],[87.5801,25.3484],[87.5671,25.3339],[87.5474,25.3309],[87.5411,25.3043],[87.5397,25.2816],[87.5255,25.281],[87.5129,25.2921],[87.4989,25.2923],[87.4901,25.3052],[87.4815,25.2952],[87.4876,25.2776],[87.4956,25.2653],[87.4726,25.2409],[87.4718,25.2224],[87.4722,25.1947],[87.4578,25.1978],[87.4166,25.2149],[87.4022,25.2214],[87.3918,25.2275],[87.3771,25.2226],[87.3699,25.205],[87.358,25.2112],[87.3305,25.2171],[87.3183,25.2012],[87.3171,25.1887],[87.3106,25.1698],[87.3096,25.1536],[87.3017,25.1439],[87.2933,25.1144],[87.2954,25.0997],[87.2856,25.0909],[87.2702,25.0936],[87.2588,25.1046],[87.2453,25.0991],[87.2339,25.0858],[87.218,25.0885],[87.1999,25.0794],[87.1878,25.067],[87.1738,25.058],[87.165,25.0459],[87.1583,25.031],[87.1468,25.0243],[87.1439,25.0108],[87.1537,24.991],[87.152,24.9744],[87.1508,24.9557],[87.1486,24.9421],[87.1553,24.9317],[87.1476,24.9178],[87.1488,24.9051],[87.157,24.8961],[87.1565,24.8807],[87.1479,24.8679],[87.1388,24.8593],[87.1273,24.8545],[87.1145,24.8555],[87.1046,24.8445],[87.0975,24.8299],[87.0842,24.8232],[87.0771,24.8118],[87.0889,24.8041],[87.0929,24.7923],[87.0856,24.7825],[87.0825,24.768],[87.0851,24.7558],[87.0765,24.7455],[87.0812,24.7327],[87.0777,24.7188],[87.0713,24.7073],[87.0706,24.6945],[87.0613,24.6815],[87.0547,24.6706],[87.0524,24.6555],[87.0504,24.6434],[87.0458,24.6309],[87.0467,24.6174],[87.0446,24.6054],[87.0326,24.6099],[87.0244,24.6211],[87.0129,24.6091],[86.9926,24.6192],[86.9801,24.6247],[86.9656,24.6319],[86.9535,24.6277],[86.9486,24.6428],[86.9301,24.6428],[86.9361,24.6304],[86.9239,24.6243],[86.9179,24.6108],[86.91,24.6011],[86.9012,24.5916],[86.9007,24.5762],[86.9064,24.5634],[86.9063,24.5493],[86.8931,24.5548],[86.8791,24.5631],[86.8616,24.5603],[86.8546,24.5505],[86.8388,24.5541],[86.8371,24.5683],[86.8215,24.5683],[86.8087,24.5638],[86.8076,24.5769],[86.8045,24.5907],[86.7981,24.6035],[86.7918,24.6153],[86.7943,24.6007],[86.7841,24.6103],[86.7752,24.6195],[86.7541,24.6148],[86.7446,24.6029],[86.7457,24.5895],[86.7351,24.5808],[86.7186,24.5782],[86.6954,24.5689],[86.6815,24.5651],[86.6684,24.5606],[86.6559,24.5632],[86.6413,24.5761],[86.6272,24.5796],[86.6189,24.5947],[86.6069,24.5944],[86.6093,24.6074],[86.6,24.5995],[86.5898,24.5927],[86.5832,24.5728],[86.568,24.5628],[86.5546,24.5593],[86.5513,24.5434],[86.5406,24.5366],[86.5235,24.5357],[86.5057,24.5177],[86.4975,24.498],[86.4953,24.4853],[86.4888,24.4743],[86.4845,24.4588],[86.491,24.447],[86.4882,24.4339],[86.4734,24.4228],[86.4637,24.4078],[86.4671,24.3952],[86.4618,24.3767],[86.4522,24.3686],[86.4342,24.3769],[86.4156,24.3792],[86.401,24.3963],[86.3812,24.4123],[86.3679,24.4242],[86.3535,24.4421],[86.3327,24.4402],[86.3195,24.4402],[86.3038,24.4448],[86.3009,24.4568],[86.2791,24.462],[86.2856,24.4768],[86.2977,24.4825],[86.3035,24.4983],[86.3124,24.5085],[86.3075,24.5264],[86.3082,24.5408],[86.304,24.5583],[86.311,24.5682],[86.3186,24.5789],[86.3017,24.5832],[86.2884,24.5843],[86.2738,24.5827],[86.2615,24.5769],[86.2486,24.5851],[86.2387,24.5968],[86.2174,24.6118],[86.2157,24.5912],[86.1949,24.5852],[86.1657,24.5837],[86.1523,24.5997],[86.1333,24.6035],[86.1232,24.6197],[86.1182,24.6419],[86.1263,24.6542],[86.1285,24.666],[86.132,24.6804],[86.1244,24.7052],[86.116,24.7189],[86.1093,24.7322],[86.0866,24.7463],[86.0632,24.7517],[86.0427,24.7439],[86.0498,24.7558],[86.0529,24.7677],[86.0506,24.7795],[86.0344,24.7762],[86.0228,24.7694],[86.0096,24.768],[86,24.7514],[85.9773,24.7476],[85.9727,24.7363],[85.9606,24.7317],[85.9427,24.7344],[85.9277,24.7405],[85.9105,24.7537],[85.9017,24.7699],[85.8872,24.7856],[85.8778,24.8003],[85.864,24.8054],[85.8419,24.8081],[85.8272,24.8096],[85.8126,24.7994],[85.7857,24.7987],[85.7694,24.8029],[85.7607,24.8151],[85.7473,24.8199],[85.735,24.8214],[85.7298,24.8085],[85.721,24.787],[85.7098,24.781],[85.7048,24.7688],[85.7055,24.7516],[85.7048,24.7287],[85.6964,24.7173],[85.6871,24.7009],[85.6495,24.687],[85.66,24.6747],[85.6637,24.661],[85.6612,24.6466],[85.669,24.6305],[85.6706,24.5994],[85.6647,24.5819],[85.6443,24.5783],[85.622,24.5839],[85.6085,24.585],[85.5983,24.5976],[85.582,24.6001],[85.5699,24.6002],[85.5614,24.5837],[85.5658,24.5717],[85.5566,24.5606],[85.5438,24.5645],[85.5404,24.5503],[85.5365,24.536],[85.5183,24.5245],[85.5044,24.5297],[85.5025,24.5429],[85.4894,24.5492],[85.4722,24.5478],[85.4566,24.5392],[85.4423,24.5394],[85.4275,24.5373],[85.411,24.5451],[85.3952,24.5413],[85.3834,24.5352],[85.3703,24.5296],[85.3458,24.528],[85.3316,24.5262],[85.3186,24.5246],[85.2973,24.5286],[85.2825,24.5267],[85.2798,24.5139],[85.281,24.4998],[85.2544,24.4979],[85.2394,24.4888],[85.2285,24.4794],[85.2158,24.4725],[85.2033,24.4729],[85.1905,24.4686],[85.1763,24.468],[85.1632,24.4672],[85.1507,24.4629],[85.1587,24.4513],[85.1648,24.4358],[85.1579,24.4242],[85.1269,24.4115],[85.1151,24.409],[85.0987,24.3939],[85.0925,24.3815],[85.0655,24.3868],[85.071,24.3997],[85.0738,24.413],[85.0762,24.4399],[85.0646,24.4306],[85.0575,24.4165],[85.0422,24.4183],[85.0321,24.4254],[85.0146,24.4191],[84.9904,24.4122],[84.9686,24.3759],[84.9479,24.3718],[84.935,24.3765],[84.913,24.3757],[84.898,24.3721],[84.8982,24.3938],[84.8823,24.4171],[84.88,24.432],[84.8802,24.4628],[84.8674,24.4669],[84.8597,24.4566],[84.8475,24.4659],[84.8344,24.4525],[84.8335,24.4696],[84.8279,24.486],[84.8326,24.5115],[84.8195,24.5248],[84.8016,24.5211],[84.7837,24.5177],[84.7799,24.5049],[84.763,24.5018],[84.742,24.4965],[84.7249,24.4729],[84.7129,24.4686],[84.6941,24.4618],[84.6789,24.4563],[84.674,24.4411],[84.6662,24.4312],[84.6678,24.413],[84.6601,24.396],[84.6431,24.3986],[84.6289,24.4002],[84.6152,24.4038],[84.601,24.401],[84.5818,24.4015],[84.5725,24.4123],[84.5612,24.4018],[84.5643,24.3899],[84.556,24.3797],[84.5417,24.3767],[84.5215,24.3763],[84.528,24.3648],[84.5188,24.3532],[84.5255,24.3395],[84.5142,24.3236],[84.5032,24.3154],[84.5012,24.2988],[84.4935,24.287],[84.4842,24.2969],[84.4684,24.3053],[84.462,24.3176],[84.4545,24.3386],[84.4174,24.3314],[84.4225,24.3591],[84.3949,24.3678],[84.385,24.3793],[84.3738,24.391],[84.3614,24.3866],[84.347,24.3921],[84.338,24.4013],[84.3259,24.4109],[84.3249,24.4237],[84.315,24.4475],[84.2932,24.4508],[84.2853,24.4659],[84.2942,24.4808],[84.3082,24.4869],[84.3217,24.4898],[84.3263,24.5027],[84.3191,24.5223],[84.3119,24.5338],[84.302,24.5473],[84.2974,24.5631],[84.28,24.5634],[84.2719,24.554],[84.2694,24.5414],[84.2571,24.5308],[84.2411,24.5432],[84.2207,24.5503],[84.2175,24.5352],[84.2062,24.5453],[84.1999,24.557],[84.187,24.5493],[84.1729,24.5471],[84.1824,24.5236],[84.1793,24.5104],[84.1611,24.5126],[84.1557,24.5243],[84.1644,24.5337],[84.1496,24.5403],[84.1363,24.5294],[84.14,24.5048],[84.1249,24.4983],[84.1098,24.4814],[84.097,24.4957],[84.0866,24.5146],[84.0897,24.5339],[84.0783,24.545],[84.0737,24.5576],[84.0725,24.5696],[84.0597,24.577],[84.0614,24.5894],[84.0479,24.6065],[84.0382,24.6194],[84.0268,24.6277],[84.0145,24.6316],[84.002,24.6354],[83.9792,24.6151],[83.9724,24.5966],[83.9576,24.5763],[83.9482,24.5665],[83.9365,24.5559],[83.9241,24.5462],[83.9027,24.5424],[83.8789,24.5365],[83.8577,24.5376],[83.8415,24.5345],[83.8274,24.5331],[83.809,24.5289],[83.7945,24.5294],[83.7817,24.5236],[83.7487,24.5105],[83.7307,24.5088],[83.7167,24.5049],[83.7024,24.5073],[83.6825,24.5156],[83.6625,24.5157],[83.6448,24.5162],[83.6002,24.5132],[83.5712,24.517],[83.5473,24.524],[83.535,24.5256],[83.5095,24.5275],[83.4932,24.5361],[83.505,24.5444],[83.5172,24.5492],[83.5246,24.5673],[83.5251,24.5802],[83.5172,24.5987],[83.5256,24.6137],[83.5384,24.6216],[83.5207,24.63],[83.5242,24.6421],[83.5072,24.6494],[83.497,24.6592],[83.5022,24.6716],[83.5132,24.6789],[83.4999,24.6945],[83.4921,24.7052],[83.48,24.7099],[83.4833,24.7228],[83.4825,24.7349],[83.467,24.7345],[83.4531,24.7333],[83.4415,24.744],[83.4342,24.7568],[83.4194,24.7699],[83.4034,24.7767],[83.3868,24.7842],[83.3925,24.7971],[83.3956,24.811],[83.3913,24.8232],[83.3892,24.8361],[83.3786,24.8461],[83.3683,24.8632],[83.3558,24.8687],[83.3642,24.8786],[83.3551,24.8875],[83.3514,24.9031],[83.358,24.914],[83.3585,24.9374],[83.3579,24.9516],[83.3463,24.9629],[83.3405,24.9748],[83.3459,24.9921],[83.3439,25.0105],[83.3277,25.0163],[83.3161,25.0273],[83.3178,25.0417],[83.3219,25.0558],[83.3338,25.051],[83.3312,25.0734],[83.3367,25.0863],[83.3403,25.0986],[83.3401,25.1124],[83.3538,25.1104],[83.3574,25.1242],[83.354,25.1402],[83.3508,25.1534],[83.3451,25.1667],[83.3481,25.1786],[83.3354,25.1814],[83.3474,25.193],[83.3603,25.1964],[83.3721,25.2011],[83.3796,25.2118],[83.3911,25.2156],[83.4015,25.23],[83.4042,25.2424],[83.4171,25.2461],[83.4314,25.2445],[83.4398,25.2592],[83.4536,25.2513],[83.4704,25.2627],[83.4803,25.2824],[83.4948,25.2873],[83.5081,25.2862],[83.518,25.2932],[83.5288,25.3014],[83.5426,25.3093],[83.5543,25.3141],[83.5694,25.3101],[83.5808,25.3223],[83.6032,25.3316],[83.6201,25.3286],[83.629,25.3379],[83.6425,25.3411],[83.6435,25.3544],[83.6497,25.3654],[83.6648,25.3669],[83.679,25.3666],[83.6752,25.3784],[83.6894,25.3859],[83.6963,25.3964],[83.704,25.3861],[83.7154,25.3992],[83.7294,25.4062],[83.7406,25.4002],[83.7533,25.4042],[83.7497,25.3921],[83.7619,25.3879],[83.7652,25.3997],[83.7823,25.3987],[83.7966,25.4083],[83.8052,25.4245],[83.7927,25.4302],[83.8176,25.4373],[83.8302,25.4336],[83.8394,25.4421],[83.8304,25.4511],[83.8138,25.4539],[83.8102,25.4659],[83.8226,25.462],[83.8479,25.471],[83.8549,25.4849],[83.8667,25.4935],[83.8682,25.5116],[83.8769,25.5214],[83.8928,25.5255],[83.9136,25.5543],[83.9253,25.5632],[83.9397,25.5654],[83.9559,25.5754],[83.9916,25.601],[84.0142,25.6161],[84.0282,25.6227],[84.0568,25.6322],[84.0765,25.6375],[84.0797,25.6527],[84.074,25.6725],[84.0696,25.6956],[84.0829,25.7127],[84.0944,25.7204],[84.1079,25.7236],[84.1231,25.7239],[84.1351,25.7316],[84.1265,25.7185],[84.1445,25.7206],[84.1555,25.7259],[84.1675,25.7218],[84.1943,25.7034],[84.1995,25.6723],[84.2171,25.6641],[84.2332,25.664],[84.2476,25.6628],[84.2684,25.6633],[84.2856,25.6615],[84.2822,25.6746],[84.2948,25.6742],[84.3121,25.6724],[84.3207,25.6821],[84.3236,25.704],[84.3232,25.7231],[84.3256,25.7371],[84.3375,25.7451],[84.3544,25.7436],[84.3662,25.7384],[84.38,25.7487],[84.3812,25.7343],[84.3936,25.7289],[84.4004,25.7169],[84.4019,25.6995],[84.4236,25.6951],[84.4242,25.7117],[84.4386,25.7107],[84.4552,25.7103],[84.4588,25.6984],[84.4665,25.6855],[84.4893,25.6911],[84.4884,25.6779],[84.5058,25.6823],[84.5246,25.6844],[84.5279,25.7154],[84.5359,25.7265],[84.5314,25.6928],[84.5523,25.684],[84.5586,25.701],[84.559,25.7217],[84.5556,25.7364],[84.5955,25.7391],[84.6131,25.7307],[84.6306,25.7283],[84.6263,25.7416],[84.6149,25.7528],[84.6032,25.7576],[84.6029,25.7724],[84.6208,25.7724],[84.6191,25.789],[84.6109,25.8007],[84.5982,25.8097],[84.5872,25.8196],[84.5714,25.8298],[84.5565,25.8375],[84.5443,25.83],[84.527,25.8343],[84.5263,25.8554],[84.5399,25.8604],[84.5316,25.8727],[84.5065,25.8724],[84.4853,25.8892],[84.4666,25.8837],[84.4507,25.8902],[84.4312,25.8927],[84.4215,25.9022],[84.4093,25.9244],[84.3863,25.9382],[84.365,25.9505],[84.3514,25.9593],[84.3139,25.948],[84.2963,25.947],[84.2837,25.9556],[84.2646,25.9673],[84.2446,25.9768],[84.2352,25.986],[84.2234,25.9912],[84.2018,26.0006],[84.1923,25.9895],[84.1764,25.9978],[84.1673,26.0255],[84.1367,26.047],[84.1279,26.0555],[84.1161,26.0749],[84.091,26.0965],[84.0692,26.0991],[84.0491,26.0997],[84.0422,26.1116],[84.0424,26.1315],[84.0181,26.1451],[84.0273,26.153],[84.0229,26.1653],[84.003,26.1782],[84.009,26.1996],[84.0236,26.2009],[84.0209,26.2142],[84.0095,26.2239],[84.0105,26.2388],[84.024,26.2396],[84.0336,26.2321],[84.0468,26.2302],[84.0584,26.2267],[84.0736,26.2249],[84.0874,26.2365],[84.1004,26.2393],[84.1127,26.2497],[84.113,26.2619],[84.1259,26.2614],[84.1414,26.2577],[84.1535,26.2453],[84.1551,26.2577],[84.1676,26.264],[84.1696,26.2772],[84.1687,26.2929],[84.1794,26.3118],[84.1672,26.3381],[84.1672,26.3602],[84.1714,26.374],[84.1563,26.3783],[84.1308,26.3822],[84.1168,26.3852],[84.0965,26.3879],[84.0812,26.3897],[84.0615,26.3901],[84.055,26.402],[84.0413,26.4056],[84.0306,26.413],[84.0218,26.425],[84.0149,26.4395],[84.0017,26.4436],[83.9835,26.4349],[83.9613,26.4371],[83.9463,26.4381],[83.919,26.4455],[83.9023,26.4503],[83.9015,26.4673],[83.905,26.4943],[83.9068,26.5068],[83.9022,26.5181],[83.9147,26.5202],[83.9305,26.5248],[83.9458,26.5184],[83.9562,26.5082],[83.9666,26.521],[83.9742,26.5319],[83.9903,26.5301],[84.0145,26.532],[84.0308,26.5356],[84.043,26.541],[84.0481,26.5575],[84.0547,26.5677],[84.0629,26.5797],[84.0703,26.5893],[84.0825,26.5996],[84.0828,26.6151],[84.0838,26.6314],[84.0941,26.6383],[84.1061,26.6372],[84.1215,26.6346],[84.1374,26.6365],[84.152,26.6385],[84.1673,26.6242],[84.1847,26.6259],[84.202,26.6243],[84.2157,26.6187],[84.2287,26.6132],[84.2506,26.6079],[84.2629,26.603],[84.2774,26.6007],[84.2892,26.607],[84.3027,26.6175],[84.3255,26.6153],[84.3509,26.6204],[84.3706,26.6154],[84.3834,26.6215],[84.395,26.6257],[84.4144,26.6272],[84.4074,26.6381],[84.4022,26.6712],[84.3668,26.6788],[84.3548,26.6789],[84.3371,26.6814],[84.3233,26.6885],[84.3185,26.7162],[84.311,26.7336],[84.298,26.7533],[84.2786,26.7512],[84.2668,26.7421],[84.2545,26.7343],[84.2423,26.7308],[84.234,26.7395],[84.2246,26.7571],[84.2355,26.767],[84.2485,26.7927],[84.2523,26.8087],[84.2485,26.8209],[84.2504,26.8378],[84.2456,26.8587],[84.2286,26.8698],[84.2092,26.871],[84.1966,26.8612],[84.1808,26.8574],[84.1753,26.8459],[84.1689,26.8345],[84.1505,26.8395],[84.1317,26.8557],[84.1318,26.8706],[84.1386,26.8831],[84.123,26.889],[84.1094,26.8944],[84.0968,26.8863],[84.0865,26.8789],[84.0716,26.8819],[84.0601,26.8865],[84.049,26.8999],[84.0492,26.9146],[84.0477,26.9318],[84.0363,26.9411],[84.0264,26.949],[84.0391,26.9543],[84.046,26.9681],[84.0435,26.9804],[84.0495,26.9908],[84.0427,27.0031],[84.0304,27.0118],[84.036,27.029],[84.0408,27.0447],[84.0243,27.0447],[84.0122,27.0538],[83.9949,27.0613],[84.0056,27.0719],[84.0169,27.0838],[84.0207,27.0955],[84.0116,27.1049],[83.9975,27.0985],[83.9812,27.0938],[83.9549,27.0861],[83.9408,27.0896],[83.9403,27.1023],[83.9396,27.1167],[83.9508,27.1263],[83.9508,27.1391],[83.9586,27.1487],[83.9666,27.1608],[83.9797,27.1734],[83.9788,27.2004],[83.9646,27.211],[83.9641,27.2232],[83.955,27.2311],[83.9253,27.2425],[83.9118,27.2465],[83.898,27.2594],[83.8962,27.2771],[83.9105,27.2856],[83.9219,27.2964],[83.9253,27.3095],[83.9167,27.3253],[83.8976,27.3301],[83.8724,27.3162],[83.8591,27.3117],[83.8474,27.3169],[83.8306,27.3214],[83.8493,27.3356],[83.8562,27.3477],[83.8735,27.3516],[83.8899,27.3582],[83.8995,27.37],[83.9084,27.3843],[83.8883,27.3906],[83.8752,27.3919],[83.8776,27.4057],[83.8694,27.4254],[83.8828,27.4345],[83.8976,27.4376],[83.9155,27.4412],[83.9331,27.4494],[83.9453,27.4467],[83.9647,27.4438],[83.9798,27.4422],[83.9936,27.4439],[84.0058,27.4411],[84.0179,27.4346],[84.0299,27.4396],[84.0454,27.4421],[84.0568,27.4492],[84.0606,27.461],[84.0706,27.4733],[84.0803,27.4838],[84.0929,27.486],[84.1008,27.5023],[84.0998,27.5168],[84.111,27.5212],[84.1197,27.5135]]],[[[87.3062,27.8432],[87.3068,27.8366],[87.3062,27.8432],[87.3062,27.8432]]],[[[87.2629,27.8507],[87.2525,27.8429],[87.2629,27.8507]]],[[[87.2629,27.8507],[87.2672,27.8501],[87.2663,27.8495],[87.2629,27.8507]]]]}},{"type":"Feature","properties":{"name":"Chandigarh","id":"chandigarh"},"geometry":{"type":"Polygon","coordinates":[[[76.8198,30.6858],[76.8059,30.6803],[76.7944,30.6693],[76.7707,30.6779],[76.745,30.6905],[76.7329,30.6972],[76.7269,30.7076],[76.7152,30.7133],[76.7161,30.7286],[76.7013,30.7453],[76.6929,30.7574],[76.7079,30.7701],[76.7227,30.7707],[76.7305,30.781],[76.74,30.7911],[76.7509,30.7968],[76.7676,30.7951],[76.7773,30.7855],[76.7809,30.7739],[76.7961,30.7858],[76.7914,30.7695],[76.8015,30.7628],[76.8282,30.7638],[76.8227,30.7401],[76.8344,30.7244],[76.8283,30.7059],[76.8177,30.6906],[76.8198,30.6858]]]}},{"type":"Feature","properties":{"name":"Chhattisgarh","id":"chhattisgarh"},"geometry":{"type":"Polygon","coordinates":[[[83.3276,24.0996],[83.3457,24.0971],[83.3572,24.1017],[83.3833,24.0999],[83.4007,24.0818],[83.4147,24.0812],[83.4286,24.0798],[83.4292,24.062],[83.4476,24.0425],[83.4684,24.0407],[83.5012,24.0307],[83.5148,24.0158],[83.5075,24.0014],[83.5077,23.9795],[83.5124,23.967],[83.5226,23.9522],[83.5337,23.9417],[83.5373,23.9146],[83.5428,23.8982],[83.5605,23.8927],[83.5762,23.8844],[83.5637,23.8731],[83.5718,23.8631],[83.5904,23.8565],[83.6115,23.8534],[83.63,23.8474],[83.6496,23.8481],[83.6576,23.837],[83.6665,23.8259],[83.682,23.8258],[83.6954,23.8207],[83.6956,23.8076],[83.7078,23.795],[83.7125,23.7808],[83.7271,23.7599],[83.73,23.7437],[83.7325,23.724],[83.7321,23.7047],[83.7226,23.6941],[83.7147,23.6825],[83.7289,23.6674],[83.744,23.6591],[83.7521,23.649],[83.743,23.6405],[83.7478,23.6266],[83.7649,23.6215],[83.7678,23.6091],[83.7861,23.5982],[83.7977,23.5901],[83.8109,23.5889],[83.8376,23.5814],[83.8596,23.5783],[83.8829,23.5728],[83.8985,23.5712],[83.9147,23.5687],[83.9353,23.563],[83.9296,23.5937],[83.9315,23.6114],[83.9379,23.6224],[83.9627,23.6262],[83.9755,23.6308],[83.9927,23.6331],[84.007,23.6323],[84.0019,23.6204],[84.0126,23.6055],[84.0223,23.5974],[84.0229,23.5746],[84.0213,23.5499],[84.0154,23.5256],[84.0123,23.5082],[84.0056,23.4965],[83.9927,23.4852],[83.9846,23.4756],[83.9791,23.4606],[83.9697,23.4477],[83.9778,23.4315],[83.9781,23.4141],[83.9678,23.393],[83.9669,23.3742],[83.9749,23.3648],[83.9928,23.3559],[84.0065,23.3528],[84.0172,23.3716],[84.038,23.3762],[84.0473,23.3637],[84.05,23.3519],[84.0605,23.3432],[84.0703,23.33],[84.06,23.3082],[84.0638,23.2922],[84.0591,23.2741],[84.0513,23.2466],[84.054,23.2342],[84.0522,23.2212],[84.058,23.208],[84.0509,23.1896],[84.0393,23.1785],[84.0338,23.1678],[84.0291,23.1539],[84.0337,23.1384],[84.0453,23.1305],[84.0556,23.1207],[84.0615,23.1099],[84.0765,23.1098],[84.0974,23.1048],[84.1103,23.0921],[84.1265,23.0851],[84.1317,23.0674],[84.1248,23.0535],[84.1237,23.0366],[84.1317,23.0183],[84.1373,23.0063],[84.1442,22.9882],[84.1436,22.9751],[84.148,22.9639],[84.1679,22.971],[84.1706,22.9852],[84.1731,22.9988],[84.1754,23.0119],[84.1899,23.0237],[84.1999,23.0151],[84.2011,22.9988],[84.212,22.9864],[84.2268,22.9801],[84.2415,22.9729],[84.2546,22.9737],[84.2679,22.9879],[84.2719,22.9709],[84.2893,22.9616],[84.3068,22.9675],[84.3182,22.9766],[84.3318,22.9791],[84.3436,22.9737],[84.3615,22.9746],[84.3734,22.9721],[84.3778,22.9519],[84.3865,22.9424],[84.3896,22.9237],[84.3762,22.9092],[84.3783,22.8931],[84.3769,22.8759],[84.3699,22.8645],[84.3579,22.8606],[84.3422,22.8592],[84.3295,22.8596],[84.3203,22.8494],[84.3186,22.8351],[84.3177,22.8172],[84.3117,22.8033],[84.3018,22.7951],[84.2903,22.7872],[84.2877,22.7709],[84.2814,22.7601],[84.2601,22.7649],[84.2417,22.7484],[84.2297,22.7402],[84.2247,22.7274],[84.2294,22.7052],[84.2322,22.6886],[84.2278,22.677],[84.2148,22.6646],[84.2016,22.6652],[84.1804,22.6498],[84.1648,22.6453],[84.1499,22.6344],[84.1321,22.6358],[84.1153,22.6353],[84.0976,22.633],[84.0804,22.6366],[84.0593,22.6074],[84.0481,22.5941],[84.0336,22.5913],[84.0213,22.5872],[84.011,22.575],[84.0039,22.5619],[84.0021,22.5466],[84.0016,22.534],[84.0025,22.5209],[83.9858,22.5255],[83.9745,22.514],[83.9807,22.4987],[83.993,22.494],[84.013,22.4852],[84.0217,22.4721],[84.0347,22.4699],[84.0395,22.4487],[84.04,22.4329],[84.024,22.4222],[84.0222,22.4102],[84.0125,22.3989],[84.0017,22.3804],[84.0042,22.3677],[83.9854,22.3664],[83.967,22.3578],[83.9523,22.3612],[83.9296,22.3563],[83.9155,22.3597],[83.9053,22.3526],[83.897,22.3397],[83.8719,22.3389],[83.8533,22.3388],[83.843,22.3263],[83.8294,22.3239],[83.8207,22.3103],[83.8208,22.296],[83.8048,22.2899],[83.7908,22.2846],[83.7786,22.2745],[83.7713,22.2573],[83.7569,22.2504],[83.7457,22.2412],[83.719,22.2433],[83.7004,22.2459],[83.679,22.2406],[83.6646,22.232],[83.6546,22.2239],[83.6263,22.2059],[83.6118,22.1771],[83.6059,22.1576],[83.5925,22.14],[83.5673,22.1137],[83.5592,22.1039],[83.5737,22.0888],[83.5831,22.0805],[83.6003,22.0655],[83.586,22.0556],[83.5656,22.0568],[83.551,22.0556],[83.5384,22.0554],[83.5341,22.0434],[83.5327,22.0286],[83.5389,22.0144],[83.5486,22.0067],[83.5434,21.9944],[83.5354,21.9797],[83.5352,21.9635],[83.5495,21.9504],[83.554,21.9363],[83.5878,21.9261],[83.6005,21.9108],[83.5926,21.9008],[83.5833,21.891],[83.5781,21.8798],[83.5841,21.8528],[83.5795,21.8371],[83.5645,21.8304],[83.5485,21.8352],[83.5312,21.8319],[83.5364,21.8183],[83.5387,21.8006],[83.5222,21.7941],[83.5061,21.8004],[83.4909,21.8145],[83.4855,21.8032],[83.4743,21.7861],[83.4759,21.7738],[83.479,21.7587],[83.4773,21.7459],[83.4799,21.7341],[83.4669,21.7106],[83.4576,21.6997],[83.4408,21.6934],[83.428,21.6923],[83.4197,21.675],[83.4354,21.6631],[83.4662,21.6441],[83.4831,21.6396],[83.4845,21.6256],[83.4699,21.6268],[83.463,21.6055],[83.4487,21.6082],[83.4413,21.6181],[83.4414,21.6325],[83.4476,21.6446],[83.4265,21.6435],[83.4135,21.6363],[83.4018,21.6268],[83.3898,21.6205],[83.3773,21.6047],[83.3623,21.5725],[83.3669,21.5593],[83.3543,21.5353],[83.349,21.516],[83.3378,21.5026],[83.3421,21.4853],[83.3434,21.4649],[83.3503,21.444],[83.3658,21.4398],[83.3714,21.4284],[83.3814,21.4096],[83.3938,21.3994],[83.3931,21.3832],[83.3963,21.3693],[83.4019,21.3583],[83.3939,21.3421],[83.3766,21.3433],[83.3346,21.3558],[83.3193,21.3581],[83.3016,21.3678],[83.2872,21.3715],[83.27,21.375],[83.2708,21.3592],[83.2661,21.3454],[83.255,21.3319],[83.2542,21.3196],[83.2588,21.3021],[83.2727,21.2961],[83.2713,21.2805],[83.2677,21.2686],[83.2573,21.2756],[83.2424,21.2764],[83.2319,21.2653],[83.2184,21.2601],[83.2147,21.2404],[83.2191,21.2237],[83.2076,21.2014],[83.21,21.1881],[83.202,21.1774],[83.1994,21.162],[83.1927,21.1394],[83.183,21.132],[83.1699,21.1315],[83.1534,21.1258],[83.1377,21.1098],[83.1198,21.1011],[83.1083,21.1077],[83.0952,21.1043],[83.0816,21.1067],[83.0644,21.1111],[83.0514,21.1172],[83.0364,21.1212],[83.0295,21.1313],[83.0186,21.1382],[83.0077,21.1465],[82.993,21.1543],[82.9799,21.1575],[82.9651,21.1558],[82.9596,21.1739],[82.9423,21.163],[82.928,21.161],[82.9144,21.1606],[82.9023,21.163],[82.8874,21.1538],[82.8729,21.1511],[82.8595,21.1573],[82.8468,21.1582],[82.8125,21.1586],[82.7956,21.1506],[82.7888,21.1393],[82.7575,21.1586],[82.7354,21.1579],[82.7212,21.1589],[82.7055,21.1549],[82.692,21.1569],[82.662,21.1508],[82.6458,21.1517],[82.6328,21.1427],[82.6384,21.1316],[82.6453,21.1207],[82.6371,21.1116],[82.645,21.1019],[82.6354,21.092],[82.6259,21.0768],[82.6094,21.0712],[82.62,21.0444],[82.6086,21.0182],[82.6044,21.0059],[82.5951,20.9971],[82.5821,20.9868],[82.5665,20.967],[82.5529,20.9415],[82.5359,20.9295],[82.5192,20.9247],[82.5031,20.9139],[82.4857,20.9035],[82.4847,20.8796],[82.4814,20.8615],[82.4776,20.8467],[82.4634,20.8397],[82.4625,20.8276],[82.4484,20.8222],[82.4365,20.8295],[82.4229,20.826],[82.4056,20.8372],[82.4023,20.8533],[82.3828,20.8699],[82.368,20.8641],[82.3559,20.8699],[82.3592,20.8827],[82.3466,20.8838],[82.3412,20.8681],[82.3369,20.8493],[82.3355,20.8278],[82.3357,20.7974],[82.3369,20.7793],[82.3351,20.7585],[82.3404,20.7467],[82.3459,20.7287],[82.347,20.7142],[82.3433,20.6989],[82.3513,20.6781],[82.3652,20.6638],[82.3623,20.6505],[82.3675,20.6296],[82.3582,20.6152],[82.348,20.6016],[82.3384,20.5908],[82.3425,20.5752],[82.3324,20.5623],[82.3278,20.5493],[82.3422,20.5377],[82.3488,20.5229],[82.3699,20.5139],[82.3813,20.5078],[82.3838,20.4827],[82.3851,20.4705],[82.3901,20.4594],[82.4064,20.4661],[82.4194,20.4573],[82.4177,20.4383],[82.4292,20.4258],[82.4243,20.4102],[82.4099,20.4027],[82.4127,20.3882],[82.4031,20.3653],[82.398,20.3468],[82.3938,20.3355],[82.4005,20.3247],[82.4163,20.317],[82.424,20.2965],[82.4292,20.283],[82.4208,20.2726],[82.4051,20.2635],[82.4141,20.2416],[82.4073,20.2276],[82.4137,20.2133],[82.4076,20.1941],[82.4057,20.179],[82.3905,20.1673],[82.3872,20.1489],[82.3866,20.1334],[82.3907,20.1191],[82.3947,20.0892],[82.3926,20.0733],[82.3909,20.0596],[82.4062,20.0463],[82.4248,20.0435],[82.4414,20.0354],[82.4583,20.0339],[82.4708,20.032],[82.4816,20.0246],[82.5021,20.0135],[82.5242,20.0104],[82.5436,20.0121],[82.5759,19.999],[82.5984,19.9856],[82.6144,19.987],[82.6236,19.9976],[82.6363,19.9983],[82.6505,19.9994],[82.681,19.9955],[82.698,19.9927],[82.7109,19.9833],[82.7094,19.9467],[82.7065,19.9335],[82.7043,19.9183],[82.7004,19.9066],[82.7005,19.8933],[82.7064,19.8785],[82.7175,19.8708],[82.711,19.8486],[82.7027,19.831],[82.6905,19.8258],[82.6691,19.8252],[82.6541,19.8255],[82.6418,19.8137],[82.6289,19.8038],[82.623,19.7893],[82.6081,19.7851],[82.5983,19.7752],[82.5851,19.771],[82.5793,19.7847],[82.5793,19.7972],[82.5718,19.8076],[82.5738,19.8237],[82.5789,19.8366],[82.5898,19.8482],[82.5974,19.8605],[82.5776,19.8634],[82.5667,19.8717],[82.5549,19.8695],[82.5364,19.8769],[82.5231,19.8728],[82.5124,19.8841],[82.4985,19.8852],[82.4942,19.8974],[82.4757,19.9005],[82.4584,19.8946],[82.4424,19.903],[82.4249,19.8976],[82.4104,19.8934],[82.397,19.8845],[82.3862,19.8768],[82.3773,19.863],[82.368,19.8545],[82.3562,19.8466],[82.3394,19.83],[82.3268,19.8383],[82.3213,19.8519],[82.2982,19.8835],[82.2953,19.899],[82.2833,19.9181],[82.2695,19.9452],[82.2686,19.9579],[82.2617,19.9716],[82.2334,19.9959],[82.2195,19.9935],[82.2043,19.9803],[82.1842,19.9812],[82.1661,19.9958],[82.1556,20.0023],[82.1317,20.0127],[82.1161,20.0104],[82.1055,20.0178],[82.0952,20.0268],[82.083,20.0327],[82.0763,20.044],[82.0579,20.0499],[82.049,20.0352],[82.031,20.0229],[82.0244,20.01],[82.0148,20.0195],[82.0143,20.0364],[82.0069,20.0473],[81.9927,20.0478],[81.9833,20.057],[81.9785,20.0692],[81.9626,20.0856],[81.9442,20.1016],[81.9256,20.0901],[81.9154,20.0738],[81.9014,20.0591],[81.8942,20.0482],[81.8809,20.0424],[81.8665,20.036],[81.8602,20.0234],[81.8576,20.0091],[81.8521,19.9972],[81.8503,19.9826],[81.8469,19.9704],[81.8403,19.9551],[81.8465,19.9414],[81.8457,19.923],[81.8496,19.9081],[81.8584,19.8995],[81.8692,19.8928],[81.8981,19.8785],[81.9245,19.8687],[81.9394,19.8648],[81.9604,19.8547],[81.9574,19.836],[81.9615,19.8244],[81.9702,19.8127],[81.9801,19.7958],[81.9924,19.7944],[82.0082,19.7966],[82.0242,19.793],[82.0411,19.7922],[82.0598,19.7831],[82.0554,19.761],[82.0466,19.743],[82.0443,19.7291],[82.0437,19.7139],[82.0385,19.6928],[82.0468,19.6694],[82.046,19.6536],[82.0473,19.6383],[82.0513,19.6244],[82.0447,19.6108],[82.0373,19.5979],[82.0349,19.5833],[82.0422,19.5709],[82.0426,19.558],[82.043,19.5445],[82.0426,19.5316],[82.0325,19.5213],[82.0224,19.5018],[82.0598,19.5036],[82.0708,19.5159],[82.0882,19.5104],[82.091,19.4941],[82.1018,19.4737],[82.0969,19.4611],[82.1072,19.4526],[82.1193,19.4239],[82.1341,19.4248],[82.1607,19.4295],[82.1793,19.4191],[82.1778,19.4056],[82.174,19.3769],[82.1664,19.3659],[82.1508,19.3703],[82.1408,19.3619],[82.1423,19.3482],[82.1572,19.3428],[82.169,19.3372],[82.1803,19.3322],[82.1832,19.3197],[82.1701,19.3025],[82.1584,19.2815],[82.1517,19.2655],[82.152,19.2389],[82.1516,19.2236],[82.1612,19.2084],[82.1557,19.1965],[82.1648,19.1873],[82.1746,19.1736],[82.1782,19.1615],[82.1641,19.1546],[82.1748,19.1452],[82.1681,19.1338],[82.1648,19.1147],[82.1762,19.1251],[82.191,19.1163],[82.1969,19.1012],[82.2106,19.0923],[82.2086,19.0785],[82.1968,19.0679],[82.2225,19.0211],[82.2267,18.994],[82.2396,18.9105],[82.2277,18.9067],[82.2138,18.9121],[82.1987,18.9055],[82.1854,18.897],[82.1727,18.8953],[82.1704,18.8776],[82.1582,18.8695],[82.1613,18.8577],[82.1624,18.8451],[82.1649,18.8302],[82.1583,18.8115],[82.1543,18.7963],[82.1517,18.7838],[82.1455,18.7733],[82.1307,18.7701],[82.1291,18.7577],[82.1139,18.7607],[82.0913,18.7562],[82.0849,18.7327],[82.0786,18.7121],[82.0674,18.7171],[82.0518,18.7118],[82.0395,18.717],[82.0156,18.7135],[81.9977,18.7005],[81.976,18.6951],[81.9639,18.6878],[81.9606,18.6677],[81.9474,18.6557],[81.9461,18.6405],[81.9356,18.6329],[81.9155,18.6358],[81.9049,18.6464],[81.8932,18.6539],[81.8893,18.6411],[81.8873,18.6244],[81.8999,18.6196],[81.913,18.6129],[81.9262,18.6032],[81.9385,18.5918],[81.9545,18.5867],[81.9458,18.5749],[81.9453,18.5625],[81.9298,18.558],[81.9164,18.559],[81.9008,18.5572],[81.8976,18.5427],[81.8968,18.5284],[81.8826,18.5292],[81.8736,18.5199],[81.8579,18.5131],[81.849,18.5006],[81.8443,18.4815],[81.8289,18.469],[81.7976,18.4398],[81.7674,18.4148],[81.7604,18.3998],[81.7555,18.3862],[81.7468,18.3555],[81.7371,18.3442],[81.7175,18.3432],[81.6992,18.3436],[81.6808,18.341],[81.6581,18.3393],[81.6492,18.331],[81.6604,18.3158],[81.6468,18.3115],[81.6321,18.308],[81.6159,18.3008],[81.5969,18.3021],[81.5862,18.2922],[81.574,18.2812],[81.5481,18.2621],[81.528,18.2591],[81.5258,18.2365],[81.5111,18.2019],[81.5048,18.1838],[81.5149,18.1722],[81.5226,18.1573],[81.5158,18.1399],[81.5107,18.1039],[81.4968,18.0727],[81.4947,18.058],[81.4815,18.0499],[81.4739,18.0285],[81.4789,18.0037],[81.4745,17.9887],[81.4767,17.9739],[81.467,17.9549],[81.4548,17.9466],[81.4452,17.9262],[81.4462,17.9103],[81.4437,17.8932],[81.4403,17.8791],[81.4231,17.8774],[81.4117,17.8854],[81.399,17.8885],[81.3905,17.8743],[81.3895,17.8621],[81.3981,17.8468],[81.3933,17.8358],[81.3844,17.8258],[81.385,17.8066],[81.3676,17.8081],[81.3445,17.8116],[81.326,17.8124],[81.2981,17.8099],[81.2634,17.8105],[81.2279,17.8263],[81.2135,17.833],[81.192,17.8471],[81.1764,17.8491],[81.1596,17.8526],[81.1212,17.8283],[81.109,17.8231],[81.0977,17.8171],[81.0871,17.8033],[81.0765,17.7905],[81.0658,17.7842],[81.0452,17.784],[81.0324,17.7897],[81.0126,17.8167],[81.0043,17.8383],[81.0019,17.8647],[80.9972,17.8952],[80.9943,17.9142],[80.9846,17.9229],[80.9833,17.935],[80.9781,17.9496],[80.976,17.9629],[80.9738,17.9768],[80.9726,17.9932],[80.9685,18.0118],[80.9639,18.0244],[80.966,18.0435],[80.9524,18.0719],[80.944,18.081],[80.9498,18.0983],[80.9475,18.1168],[80.9675,18.138],[80.9748,18.1519],[80.9737,18.1681],[80.9542,18.167],[80.9442,18.1571],[80.932,18.1494],[80.912,18.1385],[80.8929,18.1345],[80.862,18.1327],[80.8555,18.145],[80.8517,18.1684],[80.8522,18.1835],[80.8485,18.1959],[80.8613,18.1987],[80.8635,18.2172],[80.8396,18.228],[80.8242,18.2336],[80.8184,18.219],[80.8187,18.192],[80.8109,18.1785],[80.7979,18.1663],[80.7624,18.163],[80.7451,18.1648],[80.7346,18.1717],[80.7325,18.1942],[80.7333,18.2188],[80.7569,18.2295],[80.7694,18.2364],[80.7843,18.2433],[80.7866,18.2559],[80.7734,18.2649],[80.7664,18.2782],[80.7529,18.2913],[80.7446,18.3022],[80.7444,18.3169],[80.7348,18.3387],[80.7264,18.3503],[80.7229,18.3642],[80.7186,18.3792],[80.724,18.3952],[80.7265,18.409],[80.713,18.4057],[80.691,18.4193],[80.6953,18.4346],[80.6831,18.4446],[80.6741,18.4563],[80.6624,18.4657],[80.6508,18.4723],[80.6449,18.4835],[80.6368,18.4939],[80.6364,18.5072],[80.6327,18.5188],[80.6213,18.5231],[80.6108,18.5335],[80.601,18.545],[80.5815,18.5575],[80.5679,18.5615],[80.5578,18.5728],[80.5404,18.583],[80.5293,18.5898],[80.5218,18.6008],[80.5138,18.6131],[80.4981,18.6177],[80.4884,18.6267],[80.4722,18.6237],[80.4552,18.6249],[80.4176,18.6107],[80.4021,18.6072],[80.3894,18.5993],[80.3705,18.6031],[80.3575,18.5983],[80.3485,18.5885],[80.3315,18.5966],[80.3193,18.6217],[80.315,18.6363],[80.3078,18.6523],[80.2995,18.6792],[80.2888,18.695],[80.2779,18.711],[80.2675,18.718],[80.2575,18.7313],[80.2475,18.7436],[80.2405,18.7566],[80.249,18.7653],[80.2615,18.765],[80.2766,18.7649],[80.2902,18.7863],[80.3059,18.7943],[80.3187,18.796],[80.3347,18.8061],[80.3462,18.8111],[80.3485,18.8239],[80.3396,18.8483],[80.3257,18.87],[80.3135,18.8812],[80.2981,18.9005],[80.2705,18.9249],[80.2647,18.9373],[80.2675,18.9526],[80.2673,18.9807],[80.2723,18.9974],[80.2881,19.0139],[80.2953,19.0287],[80.2905,19.04],[80.3022,19.0555],[80.3158,19.0646],[80.3221,19.0749],[80.3199,19.0882],[80.3315,19.1011],[80.3224,19.1202],[80.3249,19.1415],[80.3355,19.1476],[80.3406,19.1589],[80.3624,19.1693],[80.3811,19.1807],[80.3861,19.1956],[80.3799,19.2087],[80.3792,19.2326],[80.3885,19.2433],[80.4016,19.2468],[80.4145,19.2492],[80.4281,19.2544],[80.4454,19.2699],[80.4568,19.2992],[80.4645,19.314],[80.4705,19.3289],[80.4811,19.3378],[80.5004,19.3413],[80.5138,19.3482],[80.5227,19.3598],[80.5315,19.3743],[80.5593,19.3976],[80.5729,19.3984],[80.5839,19.3772],[80.5856,19.353],[80.5927,19.3352],[80.6001,19.3181],[80.6102,19.3071],[80.6255,19.3068],[80.6579,19.3243],[80.6719,19.3264],[80.6842,19.32],[80.6818,19.2958],[80.6886,19.2835],[80.7092,19.2833],[80.7307,19.284],[80.7434,19.286],[80.7551,19.2952],[80.764,19.3053],[80.7781,19.3185],[80.795,19.3248],[80.8063,19.3349],[80.8165,19.3425],[80.8391,19.3552],[80.835,19.3707],[80.8232,19.3747],[80.8127,19.3827],[80.8085,19.397],[80.798,19.4116],[80.7924,19.4227],[80.808,19.4316],[80.8252,19.4391],[80.8575,19.4425],[80.876,19.448],[80.8856,19.4565],[80.8922,19.4815],[80.8897,19.4993],[80.8791,19.519],[80.8633,19.5219],[80.8454,19.5292],[80.8374,19.5406],[80.8335,19.556],[80.8196,19.5654],[80.7852,19.5604],[80.7664,19.5683],[80.7643,19.5848],[80.721,19.6084],[80.7078,19.6105],[80.683,19.6106],[80.662,19.6087],[80.6561,19.6252],[80.6622,19.6626],[80.666,19.6863],[80.6613,19.6975],[80.6456,19.7065],[80.6335,19.7185],[80.6202,19.7238],[80.5903,19.7344],[80.5787,19.7439],[80.5705,19.7547],[80.5502,19.7646],[80.5397,19.7746],[80.5424,19.7942],[80.5442,19.8112],[80.5178,19.8289],[80.4984,19.8295],[80.476,19.828],[80.4595,19.8113],[80.4748,19.8034],[80.4821,19.7895],[80.4781,19.7724],[80.4668,19.7849],[80.4524,19.7929],[80.4358,19.7919],[80.4177,19.7971],[80.4001,19.7936],[80.3975,19.8162],[80.4173,19.8092],[80.4317,19.8103],[80.447,19.8203],[80.4603,19.828],[80.4686,19.8375],[80.475,19.8571],[80.4876,19.8651],[80.4969,19.8772],[80.4917,19.8905],[80.4827,19.8989],[80.469,19.9034],[80.4528,19.9],[80.4358,19.8955],[80.4147,19.9029],[80.4027,19.9096],[80.4058,19.9255],[80.4206,19.9362],[80.4386,19.9471],[80.453,19.9452],[80.4688,19.9403],[80.4805,19.9278],[80.5017,19.9248],[80.5204,19.9309],[80.5263,19.9486],[80.5324,19.9671],[80.5442,19.9815],[80.5435,19.9951],[80.5325,20.0039],[80.5416,20.0372],[80.5452,20.0596],[80.5418,20.0767],[80.5352,20.0922],[80.5413,20.1049],[80.5288,20.1175],[80.5182,20.1268],[80.5036,20.1288],[80.4911,20.1415],[80.4773,20.1385],[80.4587,20.1446],[80.4441,20.1303],[80.4319,20.1313],[80.4015,20.1395],[80.3876,20.1516],[80.3905,20.1663],[80.3946,20.1816],[80.4134,20.1875],[80.412,20.2022],[80.398,20.2128],[80.388,20.2306],[80.383,20.2417],[80.4037,20.2477],[80.4153,20.2523],[80.4373,20.2585],[80.4484,20.2639],[80.4654,20.2716],[80.4945,20.2748],[80.5108,20.2696],[80.5267,20.2848],[80.5358,20.2947],[80.542,20.3068],[80.5842,20.3193],[80.6054,20.3202],[80.6167,20.3257],[80.6107,20.3453],[80.606,20.3564],[80.6009,20.3692],[80.5902,20.3843],[80.586,20.3956],[80.5898,20.4128],[80.5999,20.4269],[80.5972,20.4421],[80.6017,20.4573],[80.6049,20.4812],[80.6072,20.5039],[80.6085,20.5162],[80.61,20.532],[80.6103,20.5451],[80.6122,20.5596],[80.6142,20.5769],[80.6129,20.5906],[80.6223,20.6039],[80.609,20.606],[80.5925,20.6131],[80.5787,20.6141],[80.559,20.61],[80.5514,20.5991],[80.5298,20.5901],[80.5119,20.5851],[80.4972,20.5958],[80.4842,20.612],[80.481,20.6236],[80.4848,20.6352],[80.502,20.6492],[80.5189,20.6618],[80.5374,20.664],[80.5474,20.6713],[80.5668,20.6729],[80.5783,20.6788],[80.5777,20.6941],[80.5639,20.7072],[80.5559,20.7226],[80.5545,20.7472],[80.5482,20.7591],[80.5455,20.7823],[80.5457,20.8014],[80.5508,20.8155],[80.5548,20.8294],[80.5504,20.8457],[80.5506,20.8599],[80.5498,20.8889],[80.5462,20.9031],[80.5391,20.9211],[80.5418,20.9339],[80.5264,20.9321],[80.5106,20.9288],[80.4913,20.9279],[80.4739,20.9274],[80.4591,20.9282],[80.4488,20.9453],[80.4438,20.961],[80.4381,20.9921],[80.4295,21.0026],[80.4301,21.0164],[80.4386,21.0272],[80.4473,21.0366],[80.4485,21.0496],[80.4447,21.0616],[80.4428,21.0742],[80.4381,21.0888],[80.4361,21.101],[80.4423,21.1119],[80.4407,21.1255],[80.447,21.1381],[80.4516,21.1497],[80.454,21.1617],[80.4616,21.1728],[80.4749,21.1714],[80.486,21.1772],[80.4979,21.184],[80.5103,21.1865],[80.5162,21.1983],[80.5279,21.202],[80.5419,21.1992],[80.5537,21.2025],[80.5661,21.2103],[80.5781,21.2199],[80.5894,21.2247],[80.6034,21.2274],[80.6134,21.2368],[80.6246,21.2443],[80.6353,21.2501],[80.6411,21.2614],[80.6449,21.276],[80.6537,21.286],[80.6653,21.2923],[80.6724,21.3059],[80.6665,21.3194],[80.6579,21.3294],[80.6649,21.3409],[80.67,21.3542],[80.6783,21.3662],[80.6858,21.3768],[80.6917,21.3882],[80.6929,21.4015],[80.6993,21.4141],[80.6975,21.4272],[80.7082,21.4362],[80.718,21.4454],[80.7262,21.4579],[80.7302,21.4721],[80.7258,21.4844],[80.7238,21.4987],[80.7244,21.5119],[80.727,21.5254],[80.7307,21.5387],[80.7209,21.5507],[80.7151,21.5615],[80.7188,21.5736],[80.7116,21.5832],[80.7094,21.5981],[80.7162,21.6096],[80.7214,21.6205],[80.7203,21.6342],[80.7146,21.645],[80.7098,21.6562],[80.7087,21.6693],[80.7163,21.6808],[80.7237,21.6936],[80.7239,21.7058],[80.7239,21.7197],[80.7289,21.7352],[80.7348,21.7476],[80.743,21.758],[80.7587,21.7572],[80.7698,21.7521],[80.7771,21.7409],[80.7926,21.7432],[80.8081,21.7464],[80.8104,21.7584],[80.8168,21.7742],[80.8211,21.787],[80.8299,21.8007],[80.8324,21.8138],[80.8366,21.8272],[80.8323,21.8401],[80.8377,21.8518],[80.8367,21.867],[80.8341,21.8825],[80.8241,21.8894],[80.8254,21.9039],[80.8301,21.9184],[80.8365,21.9318],[80.8334,21.9466],[80.8212,21.9506],[80.8318,21.9579],[80.8458,21.9609],[80.8504,21.9728],[80.8546,21.9872],[80.8593,22.0001],[80.8686,22.0112],[80.8689,22.0336],[80.8774,22.0507],[80.885,22.0607],[80.8948,22.0765],[80.8982,22.1013],[80.9061,22.1144],[80.9172,22.1209],[80.9389,22.119],[80.9505,22.113],[80.9575,22.0972],[80.9655,22.082],[80.9621,22.0619],[80.9718,22.0543],[80.9826,22.049],[80.9912,22.0581],[81.0043,22.07],[80.9974,22.0809],[81.004,22.0945],[80.9928,22.1052],[80.9802,22.1128],[80.9718,22.1215],[80.9867,22.1309],[81.0052,22.1327],[81.0174,22.1403],[81.0176,22.1538],[81.0172,22.171],[81.0117,22.184],[81.0251,22.1888],[81.0235,22.2028],[81.0158,22.2141],[81.0194,22.2292],[81.0363,22.2377],[81.0489,22.2442],[81.0628,22.2469],[81.0847,22.2467],[81.0918,22.2679],[81.1138,22.2944],[81.1147,22.3126],[81.1093,22.3296],[81.1157,22.3441],[81.1069,22.3622],[81.1009,22.3832],[81.1047,22.4108],[81.1049,22.4328],[81.1228,22.4476],[81.134,22.452],[81.1481,22.4559],[81.1578,22.4745],[81.1707,22.488],[81.1869,22.4892],[81.1932,22.4737],[81.2021,22.4568],[81.2184,22.4517],[81.2331,22.4551],[81.2555,22.4725],[81.2562,22.4881],[81.2667,22.4941],[81.2802,22.4988],[81.2917,22.4893],[81.304,22.4818],[81.3159,22.4897],[81.3148,22.5159],[81.3319,22.5224],[81.3479,22.5141],[81.3618,22.5154],[81.3733,22.5108],[81.3796,22.4979],[81.3807,22.4853],[81.3831,22.4626],[81.3889,22.4448],[81.4141,22.4485],[81.4206,22.4594],[81.4176,22.4736],[81.4318,22.4805],[81.4425,22.4662],[81.4439,22.4787],[81.4391,22.491],[81.4533,22.491],[81.47,22.494],[81.4857,22.5033],[81.4918,22.5173],[81.5029,22.5268],[81.5147,22.534],[81.528,22.5398],[81.5422,22.5299],[81.5569,22.5322],[81.5574,22.5469],[81.5697,22.5501],[81.5832,22.5445],[81.5998,22.5357],[81.6158,22.539],[81.6194,22.5533],[81.6325,22.562],[81.6457,22.5659],[81.6444,22.5834],[81.6414,22.6075],[81.6484,22.62],[81.6565,22.632],[81.6786,22.6489],[81.6989,22.6459],[81.7141,22.6556],[81.7196,22.67],[81.7369,22.6691],[81.7405,22.6481],[81.7627,22.6636],[81.766,22.6761],[81.7559,22.6977],[81.7483,22.7195],[81.7491,22.7332],[81.7625,22.7353],[81.7782,22.758],[81.7813,22.7747],[81.7744,22.7856],[81.7759,22.8001],[81.7616,22.8293],[81.7693,22.8512],[81.7694,22.8735],[81.7859,22.8771],[81.8207,22.8829],[81.8356,22.8865],[81.8563,22.8909],[81.8619,22.9046],[81.8746,22.9133],[81.8865,22.9252],[81.9015,22.9331],[81.9139,22.9482],[81.928,22.9542],[81.9402,22.9571],[81.9424,22.9753],[81.9384,22.9917],[81.9372,23.0095],[81.9268,23.0224],[81.9194,23.0367],[81.9239,23.0583],[81.935,23.0669],[81.9526,23.0765],[81.9651,23.0804],[81.98,23.0855],[81.9925,23.0849],[82.0102,23.0806],[82.0241,23.0801],[82.0395,23.0915],[82.0477,23.1034],[82.0614,23.1159],[82.0755,23.1122],[82.1016,23.1085],[82.1159,23.1038],[82.1283,23.1121],[82.1296,23.1251],[82.1511,23.1417],[82.1538,23.158],[82.1401,23.1637],[82.141,23.1785],[82.1406,23.1981],[82.1467,23.2094],[82.1429,23.2224],[82.1537,23.246],[82.1665,23.2614],[82.174,23.2725],[82.1864,23.2777],[82.187,23.2902],[82.1899,23.3035],[82.1875,23.3222],[82.1601,23.3322],[82.1536,23.3425],[82.1428,23.3544],[82.1325,23.3622],[82.1184,23.3545],[82.1045,23.3632],[82.1052,23.3828],[82.0988,23.3947],[82.0851,23.3933],[82.0693,23.395],[82.0568,23.3935],[82.0492,23.3787],[82.0371,23.3796],[82.0256,23.3859],[82.0136,23.3903],[82.0199,23.4009],[82.0184,23.4211],[81.9995,23.4128],[81.9874,23.4195],[81.9761,23.4131],[81.9705,23.4239],[81.9715,23.4416],[81.9666,23.4537],[81.9567,23.4634],[81.9476,23.4716],[81.9489,23.4967],[81.9344,23.5056],[81.9277,23.5175],[81.9164,23.5321],[81.9039,23.5351],[81.8845,23.5225],[81.8697,23.5146],[81.8551,23.5165],[81.8341,23.5122],[81.8165,23.5149],[81.8102,23.5263],[81.8046,23.5458],[81.763,23.5508],[81.7536,23.5586],[81.7407,23.5676],[81.726,23.5625],[81.7168,23.5483],[81.7064,23.5336],[81.6931,23.5233],[81.6672,23.5319],[81.6545,23.5316],[81.6536,23.5139],[81.6477,23.5024],[81.6352,23.4984],[81.6242,23.4911],[81.607,23.5069],[81.6063,23.5207],[81.6067,23.545],[81.5869,23.5545],[81.5755,23.5587],[81.5704,23.5798],[81.5751,23.592],[81.5948,23.5955],[81.6011,23.6139],[81.6095,23.633],[81.6132,23.661],[81.635,23.659],[81.6464,23.6632],[81.6495,23.6835],[81.6732,23.6934],[81.6846,23.7136],[81.6823,23.7256],[81.6721,23.74],[81.6741,23.754],[81.6618,23.7599],[81.6442,23.7681],[81.6435,23.7918],[81.6426,23.8046],[81.636,23.8164],[81.6305,23.8308],[81.6094,23.8358],[81.5984,23.8537],[81.6062,23.864],[81.6149,23.8728],[81.6002,23.8834],[81.6056,23.8959],[81.6105,23.907],[81.6245,23.9069],[81.6373,23.9136],[81.6517,23.9178],[81.6616,23.9256],[81.6773,23.9102],[81.6824,23.8898],[81.6974,23.886],[81.703,23.8729],[81.7125,23.863],[81.7238,23.8569],[81.7184,23.8434],[81.7305,23.8394],[81.7452,23.8309],[81.7726,23.8142],[81.7875,23.8119],[81.8006,23.8136],[81.8174,23.8112],[81.8286,23.8171],[81.8529,23.8243],[81.8621,23.8348],[81.8784,23.8379],[81.8941,23.8441],[81.9043,23.8585],[81.9147,23.8719],[81.9316,23.8679],[81.94,23.8578],[81.9624,23.8571],[81.9839,23.862],[82.0007,23.8631],[82.0116,23.8523],[82.0285,23.8477],[82.031,23.8319],[82.0423,23.825],[82.0633,23.8191],[82.078,23.8171],[82.1002,23.8201],[82.1175,23.8231],[82.1341,23.8182],[82.1557,23.822],[82.1683,23.8227],[82.1725,23.8379],[82.1893,23.8437],[82.2039,23.853],[82.2066,23.841],[82.2014,23.8283],[82.2161,23.821],[82.2261,23.8069],[82.2486,23.8198],[82.2648,23.8187],[82.2777,23.8171],[82.2951,23.8085],[82.3072,23.8112],[82.321,23.8087],[82.3385,23.806],[82.3566,23.8083],[82.3683,23.8111],[82.3799,23.807],[82.3934,23.8024],[82.4232,23.8061],[82.4364,23.8047],[82.449,23.8117],[82.4635,23.8108],[82.4827,23.7975],[82.4918,23.7857],[82.5067,23.7855],[82.5288,23.7913],[82.5445,23.7942],[82.5409,23.8102],[82.532,23.8198],[82.5421,23.8267],[82.5612,23.8228],[82.5785,23.8224],[82.6005,23.8339],[82.6295,23.839],[82.6377,23.8499],[82.652,23.8565],[82.6602,23.8703],[82.6461,23.8887],[82.6547,23.9063],[82.6681,23.9076],[82.6819,23.9123],[82.7019,23.9249],[82.7181,23.9214],[82.7433,23.9206],[82.7538,23.9359],[82.7748,23.9386],[82.7903,23.9506],[82.7968,23.9614],[82.8207,23.965],[82.8413,23.9501],[82.8552,23.9388],[82.863,23.9255],[82.8753,23.9164],[82.8903,23.9046],[82.9061,23.8979],[82.9225,23.8927],[82.9306,23.882],[82.9495,23.873],[82.984,23.8796],[83.0205,23.8827],[83.0364,23.8831],[83.061,23.8752],[83.0866,23.8782],[83.1274,23.89],[83.1388,23.9044],[83.1556,23.9113],[83.1679,23.9179],[83.1831,23.9195],[83.1931,23.9269],[83.2018,23.9405],[83.2059,23.9538],[83.2106,23.9654],[83.2156,23.9808],[83.2225,23.9921],[83.2335,23.9983],[83.237,24.01],[83.2531,24.0121],[83.2657,24.0173],[83.2761,24.0233],[83.28,24.0348],[83.2775,24.05],[83.2842,24.0646],[83.2924,24.0772],[83.3111,24.0928],[83.3149,24.107],[83.3276,24.0996]]]}},{"type":"Feature","properties":{"name":"Dadra and Nagar Haveli","id":"dadra-and-nagar-haveli"},"geometry":{"type":"Polygon","coordinates":[[[72.9905,20.2921],[73.0036,20.2931],[73.0173,20.2905],[73.0206,20.3021],[73.0176,20.3155],[73.027,20.3038],[73.0373,20.2906],[73.0476,20.3045],[73.0477,20.3166],[73.062,20.3257],[73.0753,20.3296],[73.0886,20.3265],[73.0974,20.3351],[73.1013,20.356],[73.1143,20.3528],[73.1215,20.3364],[73.1165,20.3127],[73.1291,20.3058],[73.1402,20.3147],[73.1524,20.3175],[73.1655,20.3159],[73.1771,20.3123],[73.1795,20.2899],[73.1691,20.2823],[73.1613,20.2918],[73.1543,20.2793],[73.1427,20.2753],[73.1368,20.2605],[73.1246,20.2567],[73.1133,20.2442],[73.1105,20.2321],[73.0875,20.234],[73.0704,20.2215],[73.0642,20.2032],[73.0744,20.1925],[73.0742,20.1773],[73.0724,20.1635],[73.0824,20.1566],[73.0899,20.1704],[73.1018,20.1641],[73.113,20.1584],[73.1249,20.1567],[73.1326,20.1678],[73.147,20.1711],[73.1484,20.1855],[73.1416,20.2019],[73.1536,20.2022],[73.169,20.1997],[73.1802,20.2086],[73.1913,20.1986],[73.2044,20.1983],[73.2162,20.1928],[73.2278,20.187],[73.2221,20.1714],[73.1992,20.1616],[73.196,20.1399],[73.211,20.1236],[73.2177,20.1063],[73.2139,20.0906],[73.2029,20.0811],[73.1989,20.0623],[73.1859,20.0529],[73.1702,20.0656],[73.1567,20.074],[73.1445,20.0779],[73.1314,20.0794],[73.1175,20.0788],[73.1079,20.0873],[73.0883,20.0945],[73.0606,20.0991],[73.0592,20.0679],[73.0453,20.0718],[73.0318,20.0844],[73.0247,20.0963],[73.0102,20.1104],[73.015,20.1249],[73.0105,20.1402],[73.0078,20.1264],[72.9942,20.1139],[72.9796,20.1253],[72.986,20.1575],[72.9867,20.1713],[72.9762,20.18],[72.9704,20.2123],[72.9745,20.2258],[72.9653,20.2372],[72.9515,20.2436],[72.9238,20.2682],[72.9303,20.284],[72.9414,20.2921],[72.9575,20.2877],[72.9698,20.2747],[72.9841,20.2717],[72.9905,20.2921]]]}},{"type":"Feature","properties":{"name":"Daman and Diu","id":"daman-and-diu"},"geometry":{"type":"MultiPolygon","coordinates":[[[[72.8601,20.471],[72.8512,20.4549],[72.8422,20.445],[72.8366,20.4284],[72.8416,20.4171],[72.862,20.4105],[72.8729,20.3957],[72.8755,20.3811],[72.8608,20.4032],[72.8451,20.4071],[72.8324,20.3707],[72.824,20.3799],[72.8279,20.3921],[72.8285,20.4051],[72.8293,20.4212],[72.8285,20.4337],[72.8326,20.446],[72.8404,20.4554],[72.8501,20.4626],[72.8599,20.4704],[72.8601,20.471]]],[[[70.8885,20.7098],[70.8746,20.709],[70.8878,20.7111],[70.8885,20.7098]]],[[[70.9485,20.7337],[70.962,20.7292],[70.9737,20.7262],[70.986,20.7201],[70.9974,20.716],[70.9868,20.7096],[70.9774,20.7021],[70.9662,20.7065],[70.9518,20.7038],[70.9393,20.7071],[70.9251,20.7118],[70.9157,20.7035],[70.9035,20.7001],[70.8938,20.7074],[70.8969,20.72],[70.9209,20.7289],[70.934,20.736],[70.9485,20.7337]]],[[[70.768,20.962],[70.7793,20.967],[70.7892,20.9599],[70.8033,20.9602],[70.8166,20.96],[70.8276,20.9653],[70.846,20.9706],[70.855,20.9613],[70.8691,20.9571],[70.887,20.9452],[70.8924,20.93],[70.9016,20.9033],[70.9002,20.8857],[70.8843,20.8732],[70.8652,20.8654],[70.8464,20.8606],[70.8258,20.8589],[70.8362,20.8478],[70.8417,20.8324],[70.873,20.835],[70.8906,20.8329],[70.8972,20.8162],[70.8939,20.7947],[70.8765,20.7888],[70.8629,20.7818],[70.8672,20.7695],[70.849,20.7656],[70.8544,20.7537],[70.8401,20.7303],[70.8553,20.7249],[70.8669,20.7217],[70.869,20.7087],[70.8568,20.7068],[70.8446,20.7071],[70.8346,20.7001],[70.8276,20.6901],[70.8171,20.6963],[70.8276,20.7027],[70.8213,20.7132],[70.8093,20.7107],[70.7993,20.704],[70.7907,20.7124],[70.7785,20.7151],[70.7676,20.7204],[70.7554,20.7224],[70.7435,20.7201],[70.7332,20.7265],[70.7221,20.7313],[70.711,20.7365],[70.6996,20.7415],[70.6893,20.7479],[70.679,20.7546],[70.6768,20.7686],[70.683,20.7841],[70.682,20.8011],[70.6763,20.8188],[70.6774,20.8352],[70.6845,20.851],[70.6942,20.883],[70.7027,20.895],[70.7132,20.9056],[70.7194,20.937],[70.7307,20.9601],[70.7405,20.974],[70.7345,20.986],[70.7465,20.989],[70.7555,20.9738],[70.768,20.962]]]]}},{"type":"Feature","properties":{"name":"Delhi (NCT)","id":"delhi-nct"},"geometry":{"type":"Polygon","coordinates":[[[77.2173,28.8353],[77.2136,28.8135],[77.1946,28.8154],[77.1944,28.8023],[77.2027,28.7894],[77.2183,28.7876],[77.229,28.7724],[77.238,28.7592],[77.2532,28.7528],[77.2562,28.7399],[77.2711,28.7382],[77.2807,28.73],[77.2849,28.7125],[77.3015,28.7167],[77.3172,28.7172],[77.3198,28.7036],[77.3276,28.6918],[77.3179,28.6793],[77.3154,28.6633],[77.3131,28.6467],[77.321,28.636],[77.3342,28.627],[77.3362,28.6089],[77.3169,28.6],[77.2949,28.5824],[77.2938,28.5667],[77.3031,28.5505],[77.3149,28.5415],[77.3305,28.5241],[77.3377,28.509],[77.3267,28.5035],[77.3149,28.4946],[77.3009,28.4901],[77.2858,28.4963],[77.2711,28.497],[77.2601,28.4884],[77.2427,28.4846],[77.2324,28.4758],[77.2257,28.464],[77.2399,28.4536],[77.2443,28.4417],[77.2406,28.4289],[77.2227,28.419],[77.2059,28.4134],[77.1795,28.4124],[77.1658,28.4085],[77.1543,28.4213],[77.1424,28.4357],[77.1241,28.4392],[77.1125,28.4502],[77.106,28.4659],[77.1033,28.4831],[77.1035,28.4975],[77.0903,28.5055],[77.0725,28.5203],[77.057,28.5139],[77.0417,28.519],[77.0331,28.5283],[77.0196,28.5333],[77.0061,28.5428],[76.9982,28.5322],[77.0114,28.5241],[76.9903,28.5198],[76.9765,28.5238],[76.9446,28.5136],[76.9227,28.5193],[76.9085,28.5149],[76.8937,28.5161],[76.8794,28.5091],[76.8795,28.524],[76.8592,28.5419],[76.8376,28.557],[76.8329,28.5825],[76.8502,28.5901],[76.8609,28.6025],[76.8779,28.6376],[76.8937,28.6328],[76.9103,28.6378],[76.9237,28.6287],[76.9339,28.6376],[76.9182,28.6533],[76.9231,28.6692],[76.9426,28.6751],[76.9484,28.688],[76.9542,28.7005],[76.9413,28.717],[76.9507,28.7365],[76.9474,28.7511],[76.9382,28.7596],[76.9466,28.774],[76.9423,28.7878],[76.9375,28.8035],[76.9423,28.8207],[76.9558,28.82],[76.9608,28.8317],[76.9737,28.8258],[76.9796,28.8367],[77.0066,28.8353],[77.0188,28.8371],[77.0315,28.8368],[77.0377,28.8528],[77.0498,28.8732],[77.0657,28.873],[77.0759,28.8845],[77.0834,28.8746],[77.0995,28.8724],[77.1285,28.8654],[77.1356,28.8527],[77.1424,28.8425],[77.1596,28.8574],[77.1836,28.8623],[77.1996,28.8649],[77.2115,28.8549],[77.2173,28.8353]]]}},{"type":"Feature","properties":{"name":"Goa","id":"goa"},"geometry":{"type":"MultiPolygon","coordinates":[[[[73.7818,15.3557],[73.771,15.3501],[73.7818,15.3557]]],[[[73.7965,15.379],[73.7965,15.379]]],[[[73.8643,15.4085],[73.8643,15.4085]]],[[[73.8799,15.7792],[73.8868,15.7671],[73.8802,15.7526],[73.9086,15.7423],[73.9242,15.7428],[73.9454,15.7415],[73.9508,15.7232],[73.9589,15.7113],[73.9572,15.6967],[73.9713,15.6873],[73.9716,15.6684],[73.9742,15.6547],[73.976,15.6289],[73.9902,15.6206],[73.9987,15.6111],[74.0132,15.6093],[74.0279,15.6046],[74.0393,15.6209],[74.0568,15.6227],[74.0735,15.6267],[74.1024,15.639],[74.1228,15.6452],[74.1428,15.6471],[74.155,15.6498],[74.1734,15.6521],[74.1754,15.6702],[74.1901,15.681],[74.1963,15.6649],[74.2115,15.661],[74.2132,15.649],[74.2288,15.653],[74.2316,15.6665],[74.245,15.6656],[74.2553,15.6542],[74.2572,15.6339],[74.2625,15.6229],[74.2685,15.6096],[74.2652,15.5902],[74.2574,15.5755],[74.2646,15.5608],[74.2789,15.5487],[74.2856,15.5342],[74.2828,15.5205],[74.2681,15.5059],[74.2572,15.4968],[74.2726,15.4652],[74.2799,15.4508],[74.283,15.4375],[74.2756,15.4239],[74.2814,15.409],[74.2826,15.3886],[74.3057,15.3805],[74.3284,15.3673],[74.326,15.3472],[74.3233,15.3296],[74.328,15.3133],[74.3404,15.2968],[74.3341,15.2829],[74.3184,15.2819],[74.3023,15.2859],[74.2891,15.2791],[74.2766,15.2744],[74.2702,15.2609],[74.2575,15.2576],[74.2617,15.2437],[74.2787,15.2372],[74.2943,15.232],[74.3067,15.2232],[74.3107,15.209],[74.3158,15.1963],[74.3219,15.1841],[74.3109,15.162],[74.3014,15.1499],[74.2896,15.1431],[74.2897,15.13],[74.2906,15.1166],[74.2857,15.1037],[74.2872,15.0694],[74.295,15.0543],[74.3023,15.0399],[74.2891,15.0301],[74.2819,15.0156],[74.2718,15.0025],[74.2617,14.9908],[74.271,14.9804],[74.2701,14.9666],[74.2621,14.9576],[74.2464,14.9587],[74.2417,14.9465],[74.2247,14.9413],[74.2118,14.9214],[74.2041,14.9321],[74.1974,14.9433],[74.1866,14.9534],[74.1722,14.951],[74.1661,14.9394],[74.1738,14.9179],[74.1539,14.9173],[74.1394,14.9205],[74.1265,14.9132],[74.1131,14.9112],[74.1033,14.9015],[74.0904,14.8993],[74.0821,14.9082],[74.0699,14.9074],[74.059,14.9129],[74.0471,14.9154],[74.0446,14.9285],[74.0443,14.9407],[74.0468,14.9529],[74.0471,14.9651],[74.0432,14.9765],[74.044,14.9885],[74.0343,14.9957],[74.0246,15.0029],[74.0174,15.0126],[74.0062,15.0179],[73.9935,15.0188],[73.9857,15.0282],[73.9879,15.0401],[73.9821,15.0507],[73.9713,15.0568],[73.9638,15.0663],[73.9535,15.0729],[73.9412,15.0751],[73.9301,15.0801],[73.9187,15.084],[73.9238,15.0949],[73.9215,15.1074],[73.9321,15.1132],[73.9404,15.1221],[73.9357,15.1332],[73.9449,15.1412],[73.9463,15.1538],[73.9432,15.1657],[73.9404,15.1774],[73.9371,15.189],[73.9346,15.2024],[73.9307,15.2154],[73.9279,15.2271],[73.924,15.2393],[73.921,15.251],[73.9176,15.2626],[73.914,15.2743],[73.9104,15.286],[73.9063,15.2976],[73.9024,15.3093],[73.8982,15.3215],[73.8943,15.3329],[73.8896,15.344],[73.884,15.3549],[73.8774,15.3654],[73.8646,15.3699],[73.8532,15.3657],[73.8418,15.3601],[73.834,15.3696],[73.8221,15.3713],[73.811,15.3765],[73.8074,15.3901],[73.7962,15.3946],[73.7871,15.4029],[73.7899,15.4146],[73.8018,15.4115],[73.8093,15.401],[73.8165,15.4107],[73.8268,15.4043],[73.8374,15.4101],[73.8449,15.4004],[73.8571,15.4001],[73.8693,15.4015],[73.8826,15.3985],[73.8904,15.4079],[73.8932,15.4196],[73.8868,15.4301],[73.8743,15.431],[73.8615,15.4285],[73.8599,15.441],[73.8515,15.4496],[73.8393,15.4488],[73.8274,15.4529],[73.8154,15.4538],[73.8035,15.4518],[73.7932,15.4585],[73.8037,15.4646],[73.8068,15.4765],[73.8068,15.4885],[73.7982,15.4971],[73.7862,15.4982],[73.7765,15.491],[73.7649,15.4943],[73.7663,15.5065],[73.7624,15.5179],[73.7593,15.5296],[73.7557,15.5418],[73.7521,15.5538],[73.7435,15.5624],[73.7404,15.574],[73.7365,15.5854],[73.7332,15.5971],[73.7376,15.6088],[73.7496,15.6085],[73.7493,15.6207],[73.7379,15.6162],[73.7293,15.6246],[73.7218,15.6343],[73.7168,15.6454],[73.7129,15.6568],[73.711,15.6688],[73.7046,15.679],[73.7015,15.6907],[73.6943,15.7004],[73.691,15.7121],[73.6829,15.7218],[73.6973,15.7262],[73.711,15.7202],[73.7276,15.7225],[73.741,15.7187],[73.7487,15.7306],[73.7758,15.7305],[73.7865,15.7233],[73.8028,15.7322],[73.816,15.7353],[73.833,15.7378],[73.8385,15.7488],[73.8388,15.7609],[73.8496,15.776],[73.8601,15.7878],[73.8735,15.7953],[73.8751,15.7829],[73.8799,15.7792]]]]}},{"type":"Feature","properties":{"name":"Gujarat","id":"gujarat"},"geometry":{"type":"MultiPolygon","coordinates":[[[[70.861,20.7529],[70.8587,20.741],[70.864,20.7299],[70.871,20.7199],[70.8588,20.7238],[70.8466,20.7229],[70.851,20.7445],[70.8596,20.7529],[70.861,20.7529]]],[[[72.846,20.7632],[72.8565,20.7571],[72.8443,20.7576],[72.846,20.7632]]],[[[71.3885,20.8671],[71.3885,20.8671]]],[[[71.5163,20.9143],[71.5268,20.9068],[71.5146,20.904],[71.5163,20.9143]]],[[[71.649,20.9779],[71.649,20.9779]]],[[[71.6865,20.9965],[71.6779,20.9879],[71.6865,20.9965]]],[[[71.7038,20.9996],[71.7038,20.9996]]],[[[71.7104,20.9996],[71.7104,20.9996]]],[[[72.6476,21.0762],[72.6571,21.0685],[72.6454,21.0715],[72.6476,21.0762]]],[[[72.6793,21.0988],[72.6793,21.0988]]],[[[72.6721,21.1151],[72.6735,21.1026],[72.6704,21.1149],[72.6721,21.1151]]],[[[72.7021,21.1224],[72.7021,21.1224]]],[[[72.6765,21.1557],[72.6882,21.1513],[72.6996,21.1471],[72.7099,21.1407],[72.704,21.1296],[72.6974,21.1193],[72.6976,21.1071],[72.6915,21.0967],[72.6799,21.1004],[72.674,21.1115],[72.6724,21.1235],[72.6682,21.1351],[72.6649,21.1485],[72.6746,21.1557],[72.6765,21.1557]]],[[[72.1029,21.2743],[72.1029,21.2743]]],[[[72.5879,21.3393],[72.5879,21.3393]]],[[[72.5832,21.3654],[72.5832,21.3654]]],[[[72.6004,21.3871],[72.5974,21.3754],[72.5876,21.3674],[72.5926,21.3787],[72.6004,21.3871]]],[[[72.6282,21.4174],[72.6235,21.4063],[72.6157,21.3971],[72.621,21.4079],[72.6282,21.4174]]],[[[72.636,21.4176],[72.636,21.4176]]],[[[72.676,21.4468],[72.6663,21.4385],[72.6757,21.4465],[72.676,21.4468]]],[[[69.7243,21.564],[69.7243,21.564]]],[[[69.7285,21.6121],[69.7363,21.6029],[69.7254,21.6082],[69.7285,21.6121]]],[[[72.3532,21.6135],[72.359,21.6029],[72.3649,21.5921],[72.3599,21.581],[72.3515,21.5896],[72.3471,21.6012],[72.3512,21.6126],[72.3532,21.6135]]],[[[72.5846,21.629],[72.5846,21.629]]],[[[72.6093,21.6287],[72.6093,21.6287]]],[[[72.6118,21.6321],[72.6118,21.6321]]],[[[72.6171,21.6385],[72.6171,21.6385]]],[[[72.5957,21.639],[72.6071,21.6346],[72.6026,21.6232],[72.5907,21.6204],[72.5882,21.6324],[72.5957,21.639]]],[[[72.6196,21.6396],[72.6196,21.6396]]],[[[72.6024,21.641],[72.6024,21.641]]],[[[72.7226,21.666],[72.7337,21.661],[72.746,21.6588],[72.746,21.6468],[72.7337,21.6468],[72.7218,21.6432],[72.7143,21.6526],[72.716,21.6646],[72.7226,21.666]]],[[[72.2743,21.7496],[72.2807,21.7393],[72.281,21.7265],[72.2849,21.7151],[72.276,21.7232],[72.2693,21.7332],[72.2718,21.7457],[72.2743,21.7496]]],[[[72.3549,21.9432],[72.3582,21.9315],[72.3524,21.9421],[72.3549,21.9432]]],[[[72.214,22.0054],[72.214,22.0054]]],[[[72.4726,22.2082],[72.4726,22.2082]]],[[[72.3843,22.2157],[72.3843,22.2157]]],[[[72.3707,22.2351],[72.3699,22.2229],[72.3726,22.2107],[72.3635,22.2235],[72.3688,22.2343],[72.3707,22.2351]]],[[[69.3104,22.3063],[69.3104,22.3063]]],[[[69.4526,22.3582],[69.4415,22.3532],[69.4526,22.3582]]],[[[69.184,22.3676],[69.184,22.3676]]],[[[69.1954,22.3746],[69.1954,22.3746]]],[[[69.2132,22.3849],[69.2132,22.3849]]],[[[69.201,22.3863],[69.201,22.3863]]],[[[69.3354,22.389],[69.3335,22.3771],[69.3354,22.389]]],[[[69.4832,22.3987],[69.4832,22.3987]]],[[[69.2801,22.4179],[69.2801,22.4179]]],[[[69.2793,22.4201],[69.2793,22.4201]]],[[[69.1421,22.4576],[69.1421,22.4576]]],[[[69.6276,22.4596],[69.6376,22.4529],[69.646,22.4443],[69.6476,22.4324],[69.6479,22.4204],[69.6401,22.4112],[69.6282,22.4093],[69.6171,22.414],[69.6062,22.4193],[69.5954,22.4251],[69.589,22.4354],[69.5949,22.446],[69.6065,22.4504],[69.6174,22.4557],[69.6276,22.4596]]],[[[69.3021,22.474],[69.3151,22.4721],[69.326,22.4668],[69.3243,22.4549],[69.3107,22.4515],[69.2993,22.4557],[69.2973,22.4679],[69.3021,22.474]]],[[[69.1368,22.4776],[69.1485,22.474],[69.1449,22.4624],[69.1329,22.466],[69.121,22.4679],[69.1101,22.4626],[69.1087,22.4487],[69.1071,22.4368],[69.096,22.4315],[69.0882,22.4221],[69.0888,22.4343],[69.0954,22.446],[69.0924,22.459],[69.1032,22.4643],[69.1146,22.4693],[69.1251,22.4754],[69.1368,22.4776]]],[[[69.089,22.4907],[69.089,22.4907]]],[[[69.3243,22.5276],[69.3399,22.5257],[69.3521,22.5257],[69.3604,22.5165],[69.3538,22.5062],[69.3415,22.5065],[69.3299,22.5101],[69.3201,22.5171],[69.3243,22.5276]]],[[[69.9449,22.5324],[69.9449,22.5324]]],[[[69.4051,22.5326],[69.4051,22.5326]]],[[[69.9574,22.536],[69.9574,22.536]]],[[[69.9604,22.5438],[69.9604,22.5438]]],[[[69.9521,22.5513],[69.9546,22.5393],[69.9421,22.5371],[69.941,22.5493],[69.9521,22.5513]]],[[[69.9187,22.5532],[69.9293,22.5465],[69.934,22.5354],[69.9429,22.5268],[69.9337,22.5185],[69.9224,22.5143],[69.9104,22.5121],[69.8974,22.514],[69.8849,22.5176],[69.8732,22.5213],[69.8626,22.5271],[69.8746,22.529],[69.8863,22.5246],[69.8988,22.5249],[69.8988,22.5382],[69.9049,22.549],[69.9168,22.5529],[69.9187,22.5532]]],[[[70.0243,22.5532],[70.0129,22.5488],[70.0243,22.5532]]],[[[70.0113,22.5538],[69.9999,22.5488],[70.0113,22.5538]]],[[[70.0235,22.5585],[70.0235,22.5585]]],[[[70.0396,22.5679],[70.0396,22.5679]]],[[[70.0446,22.5724],[70.0446,22.5724]]],[[[70.1818,22.5837],[70.1818,22.5837]]],[[[70.009,22.5932],[70.0224,22.5888],[70.0274,22.5771],[70.024,22.5654],[70.0143,22.5582],[70.0015,22.5538],[69.9904,22.5482],[69.9782,22.5462],[69.9662,22.5457],[69.9571,22.5538],[69.9585,22.5662],[69.9643,22.5768],[69.9782,22.5807],[69.9899,22.5843],[70.0001,22.5907],[70.009,22.5932]]],[[[70.1904,22.5999],[70.1904,22.5999]]],[[[69.9485,22.6063],[69.9601,22.6024],[69.9482,22.6043],[69.9485,22.6063]]],[[[70.216,22.6468],[70.216,22.6468]]],[[[70.2357,22.6846],[70.2357,22.6846]]],[[[70.2426,22.6846],[70.2426,22.6846]]],[[[70.2468,22.6918],[70.2468,22.6918]]],[[[70.244,22.7201],[70.244,22.7201]]],[[[69.6426,22.7649],[69.6524,22.7579],[69.6637,22.7537],[69.6515,22.7543],[69.6401,22.7593],[69.6426,22.7649]]],[[[69.6365,22.7799],[69.6365,22.7799]]],[[[70.4551,22.9957],[70.4493,22.9851],[70.4388,22.9785],[70.4446,22.9893],[70.4549,22.9957],[70.4551,22.9957]]],[[[70.4415,23.0496],[70.4343,23.0399],[70.4254,23.0318],[70.4163,23.0238],[70.419,23.036],[70.4276,23.0446],[70.441,23.0493],[70.4415,23.0496]]],[[[70.4485,23.0521],[70.4446,23.0407],[70.4404,23.0287],[70.436,23.0174],[70.4299,23.0065],[70.4224,22.9971],[70.4104,22.9985],[70.4121,23.011],[70.4168,23.0224],[70.4257,23.0307],[70.4346,23.039],[70.4424,23.0482],[70.4485,23.0521]]],[[[70.4524,23.0524],[70.4524,23.0524]]],[[[70.459,23.0576],[70.4535,23.0468],[70.459,23.0576]]],[[[70.4521,23.0607],[70.4521,23.0607]]],[[[70.4696,23.0613],[70.4696,23.0613]]],[[[70.4824,23.0654],[70.4757,23.0554],[70.4662,23.0479],[70.4579,23.039],[70.4524,23.0276],[70.4521,23.0399],[70.4596,23.0499],[70.4688,23.0579],[70.4793,23.0643],[70.4824,23.0654]]],[[[68.609,23.2313],[68.609,23.2313]]],[[[68.5943,23.2621],[68.5943,23.2621]]],[[[68.6585,23.2712],[68.6585,23.2712]]],[[[68.6287,23.2901],[68.6287,23.2901]]],[[[68.7051,23.3118],[68.7051,23.3118]]],[[[68.5582,23.3138],[68.5632,23.3026],[68.5726,23.2951],[68.5849,23.2999],[68.5973,23.3001],[68.6099,23.2971],[68.6104,23.2838],[68.6149,23.2715],[68.6024,23.2682],[68.5901,23.266],[68.5782,23.2624],[68.5735,23.2513],[68.5612,23.2529],[68.5507,23.2599],[68.5404,23.2665],[68.5387,23.2796],[68.5515,23.2779],[68.5635,23.2782],[68.5579,23.289],[68.5537,23.3015],[68.5565,23.3132],[68.5582,23.3138]]],[[[68.6426,23.314],[68.6426,23.314]]],[[[68.6326,23.3176],[68.6326,23.3176]]],[[[68.6399,23.3185],[68.6399,23.3185]]],[[[68.5885,23.319],[68.6007,23.3154],[68.6115,23.3099],[68.6188,23.2993],[68.6068,23.2999],[68.5954,23.3049],[68.5863,23.3129],[68.5885,23.319]]],[[[68.6318,23.3213],[68.6318,23.3213]]],[[[68.6271,23.3218],[68.6271,23.3218]]],[[[68.6268,23.326],[68.6268,23.326]]],[[[68.5421,23.3415],[68.5421,23.3415]]],[[[68.5501,23.3415],[68.5501,23.3415]]],[[[68.5568,23.3418],[68.5568,23.3418]]],[[[68.506,23.3424],[68.5193,23.3415],[68.5285,23.3335],[68.5354,23.3235],[68.5193,23.3171],[68.5076,23.3204],[68.5068,23.3324],[68.506,23.3424]]],[[[68.5251,23.344],[68.5251,23.344]]],[[[68.5638,23.3449],[68.5638,23.3449]]],[[[68.6315,23.3518],[68.6315,23.3518]]],[[[68.4732,23.3568],[68.4732,23.3568]]],[[[68.5735,23.3604],[68.5735,23.3604]]],[[[68.5979,23.361],[68.5979,23.361]]],[[[68.589,23.3743],[68.5968,23.3651],[68.6046,23.3557],[68.6168,23.3546],[68.6176,23.3418],[68.6193,23.3296],[68.6099,23.3371],[68.6004,23.3446],[68.606,23.3335],[68.5949,23.3385],[68.5874,23.3482],[68.5771,23.3551],[68.571,23.366],[68.5818,23.3715],[68.589,23.3743]]],[[[68.5407,23.3776],[68.5407,23.3776]]],[[[68.5029,23.3835],[68.5029,23.3835]]],[[[68.5046,23.3846],[68.5046,23.3846]]],[[[68.5362,23.3854],[68.5362,23.3854]]],[[[68.5793,23.3854],[68.5874,23.3762],[68.5782,23.384],[68.5793,23.3854]]],[[[68.5351,23.3876],[68.534,23.3756],[68.5343,23.3876],[68.5351,23.3876]]],[[[68.554,23.404],[68.554,23.404]]],[[[68.5374,23.4049],[68.5489,23.401],[68.554,23.3899],[68.5579,23.3785],[68.5599,23.3663],[68.5543,23.3771],[68.5493,23.389],[68.5435,23.3996],[68.5329,23.3932],[68.5393,23.4035],[68.5374,23.4049]]],[[[68.461,23.4051],[68.461,23.4051]]],[[[68.5235,23.4046],[68.526,23.3926],[68.5229,23.4046],[68.5235,23.4046]]],[[[68.471,23.4057],[68.471,23.4057]]],[[[68.4299,23.4071],[68.4299,23.4071]]],[[[68.4632,23.409],[68.4632,23.409]]],[[[68.409,23.4093],[68.409,23.4093]]],[[[68.5576,23.4088],[68.5576,23.4088]]],[[[68.4146,23.4099],[68.424,23.4015],[68.4135,23.4076],[68.4146,23.4099]]],[[[68.4607,23.4126],[68.4607,23.4126]]],[[[68.5496,23.4137],[68.5496,23.4137]]],[[[68.4004,23.4212],[68.4004,23.4212]]],[[[68.4021,23.4232],[68.4021,23.4232]]],[[[68.3999,23.4285],[68.3999,23.4285]]],[[[68.5018,23.4321],[68.5018,23.4321]]],[[[68.5168,23.4329],[68.5168,23.4329]]],[[[68.5007,23.4363],[68.5007,23.4363]]],[[[68.5013,23.4438],[68.5013,23.4438]]],[[[68.5013,23.4535],[68.5013,23.4535]]],[[[68.5068,23.4565],[68.5168,23.4496],[68.526,23.4412],[68.5158,23.4479],[68.5207,23.4368],[68.5104,23.4304],[68.5046,23.4412],[68.5043,23.4535],[68.5068,23.4565]]],[[[68.4079,23.4579],[68.4079,23.4579]]],[[[68.499,23.476],[68.4996,23.4638],[68.4951,23.4754],[68.499,23.476]]],[[[68.4729,23.4804],[68.4843,23.476],[68.489,23.4649],[68.4946,23.4532],[68.4904,23.4387],[68.4896,23.4254],[68.4865,23.4118],[68.4776,23.4035],[68.466,23.4071],[68.459,23.4171],[68.4615,23.429],[68.466,23.4407],[68.4615,23.4524],[68.4729,23.4576],[68.4604,23.454],[68.4488,23.4501],[68.4404,23.441],[68.4301,23.4343],[68.4187,23.4401],[68.4285,23.4326],[68.4221,23.4224],[68.4135,23.4312],[68.4121,23.4435],[68.4238,23.4474],[68.4335,23.4396],[68.4365,23.4513],[68.4493,23.4576],[68.4504,23.4696],[68.4613,23.4754],[68.4724,23.4801],[68.4729,23.4804]]],[[[68.4985,23.489],[68.4954,23.4774],[68.4832,23.4774],[68.4912,23.4865],[68.4985,23.489]]],[[[68.5065,23.4926],[68.5065,23.4926]]],[[[68.511,23.4926],[68.511,23.4926]]],[[[68.4868,23.4954],[68.4868,23.4954]]],[[[68.4665,23.4979],[68.4729,23.4871],[68.4624,23.4801],[68.4651,23.4918],[68.4665,23.4979]]],[[[68.4374,23.5004],[68.4374,23.5004]]],[[[68.4807,23.5013],[68.4851,23.4888],[68.4796,23.4779],[68.4846,23.489],[68.4732,23.4932],[68.4807,23.5013]]],[[[68.4679,23.524],[68.4679,23.524]]],[[[68.4751,23.5288],[68.4751,23.5288]]],[[[68.4735,23.5371],[68.4735,23.5371]]],[[[68.4824,23.5504],[68.4824,23.5504]]],[[[68.4793,23.5554],[68.4785,23.5429],[68.4676,23.5374],[68.4568,23.5307],[68.4579,23.5429],[68.4688,23.5487],[68.4788,23.5554],[68.4793,23.5554]]],[[[68.2235,23.5863],[68.2235,23.5863]]],[[[68.2551,23.5901],[68.2551,23.5901]]],[[[68.2162,23.5912],[68.2162,23.5912]]],[[[68.4821,23.5968],[68.4846,23.5849],[68.4835,23.5729],[68.4807,23.561],[68.4688,23.5582],[68.461,23.549],[68.4501,23.5424],[68.4418,23.5329],[68.4351,23.5224],[68.4326,23.5077],[68.4307,23.5196],[68.431,23.5318],[68.4313,23.5438],[68.4346,23.5554],[68.4443,23.5637],[68.4549,23.5701],[68.4649,23.5768],[68.4662,23.5888],[68.4785,23.5901],[68.4821,23.5968]]],[[[68.4585,23.6004],[68.4674,23.5921],[68.4613,23.5815],[68.4521,23.5737],[68.4565,23.5849],[68.4532,23.5968],[68.4585,23.6004]]],[[[68.4821,23.6065],[68.4821,23.6065]]],[[[68.4563,23.6249],[68.4665,23.6185],[68.466,23.6054],[68.4538,23.6038],[68.4465,23.5932],[68.4407,23.6038],[68.4354,23.6146],[68.4482,23.6218],[68.4563,23.6249]]],[[[68.4846,23.6279],[68.4893,23.6143],[68.4799,23.6068],[68.4796,23.5938],[68.4676,23.5932],[68.4693,23.606],[68.4718,23.6179],[68.481,23.6257],[68.4846,23.6279]]],[[[68.4779,23.7224],[68.4779,23.7224]]],[[[68.4496,23.7323],[68.4496,23.7323]]],[[[68.4674,23.7399],[68.4779,23.734],[68.4671,23.7285],[68.4674,23.7399]]],[[[68.4868,23.746],[68.4868,23.746]]],[[[68.2165,23.7793],[68.2229,23.7685],[68.2188,23.7571],[68.2146,23.769],[68.2165,23.7793]]],[[[68.3493,23.8001],[68.3485,23.7879],[68.3424,23.7774],[68.3421,23.7899],[68.349,23.8001],[68.3493,23.8001]]],[[[68.3585,23.8051],[68.3688,23.7985],[68.3787,23.7913],[68.3907,23.7876],[68.4026,23.7854],[68.4118,23.7935],[68.4235,23.7962],[68.4254,23.7843],[68.421,23.7729],[68.4143,23.7618],[68.404,23.7554],[68.4168,23.761],[68.4154,23.7479],[68.4171,23.736],[68.4182,23.7235],[68.414,23.7121],[68.4079,23.6987],[68.4037,23.6874],[68.3993,23.676],[68.3957,23.6643],[68.3899,23.6537],[68.3815,23.6446],[68.3804,23.6568],[68.3857,23.6676],[68.3885,23.6793],[68.3846,23.6679],[68.3799,23.6568],[68.3749,23.6443],[68.3693,23.6335],[68.3587,23.6276],[68.3532,23.6168],[68.3512,23.6049],[68.3429,23.596],[68.3321,23.5904],[68.3182,23.589],[68.3063,23.5874],[68.2965,23.5799],[68.2846,23.5815],[68.2754,23.5896],[68.2824,23.5996],[68.2843,23.6118],[68.2735,23.6174],[68.2771,23.6293],[68.2896,23.6274],[68.3015,23.6299],[68.3121,23.6238],[68.3013,23.631],[68.2882,23.6287],[68.2765,23.6321],[68.2688,23.6224],[68.2696,23.6098],[68.2599,23.6024],[68.2474,23.6035],[68.2562,23.5946],[68.2449,23.5904],[68.2332,23.5871],[68.2213,23.5899],[68.224,23.6021],[68.2115,23.6024],[68.2018,23.5949],[68.1943,23.6043],[68.1871,23.6149],[68.1879,23.6271],[68.1949,23.6371],[68.2032,23.646],[68.2162,23.6429],[68.2288,23.6421],[68.2415,23.6424],[68.2551,23.6449],[68.2707,23.6462],[68.2843,23.649],[68.2996,23.6474],[68.3118,23.6501],[68.2993,23.6485],[68.2874,23.6501],[68.2751,23.6496],[68.2621,23.6468],[68.2476,23.6454],[68.2357,23.6429],[68.2485,23.6471],[68.2607,23.6479],[68.2712,23.6543],[68.2802,23.6626],[68.286,23.6732],[68.2965,23.6793],[68.3026,23.6899],[68.3104,23.6993],[68.3132,23.711],[68.3215,23.7199],[68.3329,23.7154],[68.336,23.7271],[68.3393,23.7426],[68.3476,23.7337],[68.3424,23.7446],[68.3368,23.7554],[68.3407,23.7668],[68.3465,23.7776],[68.3496,23.7907],[68.3524,23.8024],[68.3585,23.8051]]],[[[68.6051,23.8096],[68.6018,23.7979],[68.6051,23.8096]]],[[[68.5965,23.8126],[68.5965,23.8126]]],[[[68.3079,23.8237],[68.316,23.8143],[68.3221,23.8037],[68.3168,23.7929],[68.3143,23.781],[68.3149,23.7685],[68.3176,23.7568],[68.3207,23.7451],[68.3215,23.7329],[68.3074,23.7304],[68.2962,23.726],[68.2862,23.7337],[68.294,23.7429],[68.2871,23.7532],[68.2924,23.7424],[68.2849,23.7321],[68.2943,23.724],[68.2865,23.7146],[68.2768,23.7074],[68.2646,23.7076],[68.2576,23.7176],[68.2654,23.7268],[68.2637,23.7393],[68.269,23.7501],[68.2652,23.7615],[68.2685,23.7735],[68.2721,23.7863],[68.279,23.7968],[68.2907,23.7999],[68.2979,23.8101],[68.301,23.8218],[68.3079,23.8237]]],[[[68.4965,23.831],[68.5079,23.8263],[68.5174,23.8188],[68.5207,23.8068],[68.5154,23.796],[68.5026,23.794],[68.5126,23.7865],[68.5199,23.7768],[68.5201,23.7643],[68.5154,23.7532],[68.5035,23.7551],[68.491,23.7588],[68.5024,23.7546],[68.4999,23.7426],[68.4887,23.7374],[68.4874,23.7496],[68.4757,23.7532],[68.4676,23.7632],[68.4662,23.7754],[68.4654,23.7629],[68.471,23.7521],[68.4776,23.7418],[68.4654,23.7429],[68.4515,23.7418],[68.4396,23.7399],[68.4426,23.7524],[68.4493,23.764],[68.4563,23.774],[68.4546,23.786],[68.4499,23.7971],[68.4529,23.8088],[68.4601,23.8185],[68.4721,23.8199],[68.4829,23.8254],[68.4946,23.8307],[68.4965,23.831]]],[[[68.7071,23.8512],[68.7071,23.8512]]],[[[68.6993,23.8532],[68.6993,23.8532]]],[[[68.5332,23.8738],[68.5301,23.8621],[68.5332,23.8738]]],[[[68.3957,23.8782],[68.4065,23.8729],[68.4182,23.8699],[68.4257,23.8599],[68.4287,23.8482],[68.4376,23.8401],[68.4351,23.8279],[68.4279,23.8179],[68.421,23.8079],[68.409,23.8104],[68.4137,23.7993],[68.4018,23.7957],[68.3943,23.8054],[68.3907,23.8179],[68.391,23.8299],[68.3818,23.8379],[68.3896,23.8282],[68.3896,23.8162],[68.3929,23.8046],[68.4001,23.7949],[68.3876,23.7921],[68.3771,23.7999],[68.3696,23.8093],[68.3574,23.8107],[68.3457,23.8068],[68.3368,23.7987],[68.3313,23.7874],[68.3251,23.7979],[68.334,23.806],[68.3432,23.814],[68.3474,23.8257],[68.3429,23.8371],[68.3526,23.8443],[68.3618,23.8521],[68.3724,23.8579],[68.3757,23.8696],[68.3876,23.874],[68.3957,23.8782]]],[[[68.2482,23.8804],[68.2535,23.869],[68.2471,23.8587],[68.2376,23.851],[68.2271,23.8449],[68.2157,23.8488],[68.2149,23.861],[68.2237,23.8699],[68.2354,23.8746],[68.2482,23.8804]]],[[[68.4493,23.9385],[68.4587,23.9307],[68.451,23.9212],[68.4515,23.909],[68.4476,23.8976],[68.451,23.8851],[68.4432,23.8757],[68.4343,23.8676],[68.4224,23.8693],[68.4174,23.8804],[68.4199,23.8924],[68.4096,23.8862],[68.4176,23.8771],[68.4054,23.8754],[68.3938,23.8796],[68.3785,23.8763],[68.3726,23.8615],[68.3629,23.8543],[68.3535,23.8468],[68.3551,23.8593],[68.3568,23.8721],[68.3562,23.8843],[68.3654,23.8921],[68.3554,23.8849],[68.3504,23.8962],[68.3599,23.9043],[68.3729,23.9068],[68.3863,23.9063],[68.3979,23.9104],[68.4096,23.9149],[68.4201,23.921],[68.4268,23.931],[68.4382,23.9357],[68.4493,23.9385]]],[[[68.5354,23.946],[68.5415,23.9351],[68.5571,23.9318],[68.5649,23.9226],[68.5796,23.9235],[68.5771,23.9115],[68.5676,23.904],[68.5632,23.8926],[68.5554,23.8829],[68.5474,23.8738],[68.5371,23.8674],[68.5254,23.864],[68.5151,23.8571],[68.5057,23.8646],[68.4937,23.8668],[68.4882,23.8785],[68.4863,23.8904],[68.4974,23.8951],[68.5074,23.9021],[68.5188,23.8976],[68.5215,23.9093],[68.5304,23.9176],[68.5321,23.9301],[68.5254,23.9401],[68.5354,23.946]]],[[[68.5257,23.9495],[68.5257,23.9495]]],[[[68.4821,23.9926],[68.4924,23.986],[68.5021,23.9788],[68.4976,23.9674],[68.4968,23.9549],[68.5046,23.9454],[68.5165,23.9424],[68.5185,23.9243],[68.5101,23.9157],[68.501,23.9068],[68.4896,23.9024],[68.4818,23.8932],[68.4693,23.8943],[68.479,23.8871],[68.4754,23.8751],[68.4729,23.8629],[68.4613,23.859],[68.4507,23.8532],[68.4379,23.851],[68.4287,23.8593],[68.4393,23.8663],[68.446,23.8763],[68.4529,23.8862],[68.4526,23.8993],[68.4565,23.9107],[68.454,23.9229],[68.4629,23.9318],[68.4524,23.9379],[68.4393,23.9365],[68.4326,23.9468],[68.4374,23.9579],[68.449,23.961],[68.4443,23.9721],[68.4504,23.9826],[68.4593,23.9907],[68.4735,23.9924],[68.4821,23.9926]]],[[[68.4301,23.9954],[68.4365,23.9851],[68.4343,23.9682],[68.4296,23.9571],[68.4232,23.9468],[68.4193,23.9351],[68.411,23.926],[68.4001,23.9204],[68.389,23.9157],[68.3768,23.9154],[68.3635,23.9137],[68.3521,23.9093],[68.3446,23.8993],[68.3443,23.8868],[68.3485,23.8738],[68.3479,23.8615],[68.3432,23.8501],[68.3368,23.8399],[68.3371,23.8249],[68.3301,23.8151],[68.321,23.8071],[68.3163,23.8182],[68.3063,23.8251],[68.2951,23.8207],[68.2962,23.8071],[68.2854,23.8013],[68.274,23.7971],[68.2699,23.7857],[68.2663,23.7735],[68.2626,23.7607],[68.2646,23.7488],[68.261,23.7357],[68.2593,23.7235],[68.2554,23.7118],[68.2632,23.7026],[68.2665,23.691],[68.2585,23.6818],[68.2465,23.6796],[68.2351,23.6835],[68.2265,23.6921],[68.2182,23.701],[68.2076,23.7068],[68.2018,23.7174],[68.1946,23.7271],[68.1968,23.7393],[68.2032,23.7496],[68.2099,23.7596],[68.2218,23.7574],[68.2249,23.769],[68.2335,23.7776],[68.2215,23.7779],[68.2162,23.7932],[68.2115,23.8043],[68.2099,23.819],[68.2115,23.831],[68.2226,23.8357],[68.2346,23.836],[68.2399,23.8468],[68.2546,23.8457],[68.2593,23.8346],[68.2715,23.8354],[68.2829,23.8399],[68.2693,23.8379],[68.2588,23.844],[68.2496,23.8524],[68.2562,23.8626],[68.2652,23.8713],[68.2771,23.8682],[68.2885,23.8721],[68.2999,23.8671],[68.3099,23.874],[68.299,23.8687],[68.2882,23.8743],[68.2765,23.871],[68.2643,23.8754],[68.2621,23.8874],[68.2718,23.8951],[68.2774,23.9079],[68.2818,23.9193],[68.2937,23.9215],[68.3063,23.9188],[68.3179,23.9157],[68.3304,23.9157],[68.3399,23.924],[68.3457,23.9351],[68.346,23.9479],[68.3462,23.9604],[68.3538,23.9699],[68.3624,23.9788],[68.3735,23.9837],[68.3804,23.9735],[68.389,23.9649],[68.4007,23.9685],[68.4088,23.9774],[68.4171,23.9863],[68.4262,23.9946],[68.4301,23.9954]]],[[[72.1019,24.6433],[72.1165,24.6334],[72.1348,24.6338],[72.1507,24.6341],[72.161,24.6194],[72.1756,24.6127],[72.2014,24.6161],[72.2164,24.6202],[72.23,24.6329],[72.242,24.6233],[72.2542,24.6214],[72.2741,24.6221],[72.2937,24.6132],[72.3062,24.615],[72.3237,24.6089],[72.3402,24.623],[72.3538,24.6181],[72.3492,24.6023],[72.326,24.5869],[72.314,24.5854],[72.3046,24.5973],[72.2793,24.6],[72.251,24.5802],[72.2717,24.5502],[72.2851,24.5574],[72.2939,24.5449],[72.3324,24.5424],[72.3336,24.5558],[72.3486,24.5535],[72.3616,24.5433],[72.3739,24.5374],[72.3863,24.5005],[72.4211,24.5081],[72.436,24.5054],[72.4482,24.4933],[72.4386,24.4791],[72.4367,24.4605],[72.4462,24.4483],[72.4562,24.4381],[72.4613,24.4269],[72.4647,24.4071],[72.4874,24.4054],[72.501,24.4073],[72.51,24.4183],[72.5044,24.4309],[72.5006,24.4503],[72.5139,24.4646],[72.5421,24.5049],[72.5591,24.4946],[72.5742,24.4881],[72.5824,24.4775],[72.6041,24.4691],[72.6393,24.4615],[72.6586,24.4564],[72.6744,24.457],[72.693,24.4602],[72.6926,24.4414],[72.6935,24.4193],[72.7066,24.3913],[72.7175,24.3756],[72.7325,24.3613],[72.7487,24.3575],[72.7728,24.3607],[72.7933,24.3602],[72.8153,24.3582],[72.8292,24.365],[72.8537,24.366],[72.8681,24.3658],[72.8843,24.3608],[72.9006,24.3514],[72.91,24.3405],[72.9211,24.3272],[72.9338,24.3362],[72.946,24.3393],[72.9618,24.3488],[72.9775,24.3588],[72.9915,24.364],[72.9813,24.3801],[72.9661,24.383],[72.9725,24.4019],[72.9906,24.4209],[72.9832,24.4403],[72.9891,24.457],[72.998,24.468],[73.0068,24.4763],[73.0219,24.4651],[73.051,24.4653],[73.0671,24.4746],[73.0838,24.4902],[73.0989,24.4915],[73.0985,24.4726],[73.1072,24.4568],[73.1088,24.4324],[73.1062,24.4203],[73.093,24.4131],[73.0886,24.4001],[73.0983,24.3855],[73.1112,24.3868],[73.1186,24.3757],[73.1373,24.3644],[73.1546,24.3564],[73.17,24.3507],[73.1904,24.3558],[73.2007,24.3668],[73.211,24.3754],[73.2315,24.3647],[73.2164,24.3505],[73.2111,24.3342],[73.1979,24.3398],[73.1861,24.327],[73.1848,24.3091],[73.1733,24.3011],[73.1512,24.3108],[73.1439,24.2995],[73.1389,24.2801],[73.1161,24.2626],[73.1069,24.249],[73.1009,24.2377],[73.1112,24.2311],[73.1012,24.2233],[73.0872,24.2008],[73.0827,24.185],[73.091,24.1753],[73.1024,24.1652],[73.113,24.1578],[73.1142,24.1386],[73.1385,24.1281],[73.1555,24.1219],[73.1676,24.1163],[73.1869,24.1077],[73.2,24.1084],[73.2123,24.1041],[73.2238,24.0982],[73.2167,24.0853],[73.2091,24.0666],[73.2011,24.0574],[73.2006,24.0452],[73.2233,24.0324],[73.2351,24.0201],[73.2458,24.0107],[73.2639,24.0201],[73.2753,24.028],[73.291,24.0274],[73.3068,24.0515],[73.3185,24.0568],[73.3325,24.0737],[73.3319,24.104],[73.3428,24.1158],[73.3608,24.1141],[73.3735,24.1281],[73.3696,24.1125],[73.3696,24.088],[73.3853,24.0796],[73.3966,24.0725],[73.4138,24.0511],[73.4114,24.0348],[73.4093,24.0159],[73.4108,24.0026],[73.4051,23.9905],[73.4196,23.9827],[73.4191,23.9538],[73.4204,23.9364],[73.4201,23.9234],[73.4078,23.9161],[73.3865,23.9058],[73.377,23.8888],[73.3712,23.8759],[73.3621,23.8619],[73.3695,23.8386],[73.3727,23.8219],[73.3628,23.7978],[73.3677,23.7836],[73.3759,23.7667],[73.3898,23.7693],[73.4,23.784],[73.4135,23.7811],[73.4277,23.7664],[73.4508,23.7526],[73.4549,23.7397],[73.4729,23.7258],[73.4793,23.709],[73.5019,23.7066],[73.5104,23.697],[73.5112,23.6801],[73.5078,23.6626],[73.5005,23.6507],[73.5116,23.6451],[73.5014,23.6354],[73.5102,23.6207],[73.5267,23.6106],[73.5414,23.6227],[73.553,23.6313],[73.5707,23.6535],[73.6085,23.6543],[73.633,23.6385],[73.6504,23.6269],[73.65,23.6077],[73.6487,23.5907],[73.6498,23.5753],[73.6383,23.5625],[73.6371,23.548],[73.637,23.5311],[73.6522,23.5214],[73.6584,23.5041],[73.6449,23.4987],[73.6406,23.473],[73.6328,23.4524],[73.6532,23.4405],[73.6687,23.4519],[73.6819,23.4571],[73.6939,23.4589],[73.7096,23.4445],[73.7172,23.4188],[73.734,23.4249],[73.7514,23.4425],[73.7607,23.4568],[73.774,23.4459],[73.7831,23.4346],[73.8269,23.4468],[73.8365,23.4307],[73.8574,23.4048],[73.8668,23.3958],[73.8771,23.3783],[73.8912,23.3586],[73.8943,23.3371],[73.914,23.336],[73.9278,23.3379],[73.9426,23.3459],[73.9437,23.3663],[73.9569,23.3776],[73.971,23.3771],[73.9789,23.3678],[73.9845,23.3495],[73.9908,23.3376],[74.0038,23.3362],[74.0236,23.3329],[74.0301,23.3199],[74.0376,23.3057],[74.0497,23.3071],[74.0445,23.2961],[74.0765,23.2982],[74.0897,23.298],[74.1017,23.2957],[74.1111,23.2857],[74.1186,23.2754],[74.1338,23.2695],[74.1365,23.2448],[74.1387,23.2309],[74.1339,23.2152],[74.1247,23.2066],[74.1225,23.1916],[74.127,23.1789],[74.1457,23.1752],[74.1552,23.1578],[74.183,23.1522],[74.1895,23.1718],[74.2001,23.1837],[74.2293,23.184],[74.246,23.1883],[74.2524,23.1762],[74.2671,23.166],[74.2766,23.1398],[74.2849,23.1246],[74.282,23.1064],[74.2868,23.0917],[74.3039,23.0839],[74.3155,23.0721],[74.3253,23.0482],[74.3389,23.0358],[74.3507,23.0155],[74.3554,23.0031],[74.3655,22.9898],[74.3708,22.9772],[74.3571,22.9772],[74.3416,22.9647],[74.3479,22.9534],[74.36,22.9422],[74.3655,22.9296],[74.3777,22.9155],[74.3883,22.9071],[74.4004,22.8994],[74.4124,22.9127],[74.4238,22.9198],[74.4359,22.9205],[74.4515,22.924],[74.4628,22.9135],[74.4664,22.9008],[74.4687,22.8875],[74.4738,22.8748],[74.4789,22.8586],[74.4719,22.8327],[74.4649,22.8151],[74.4517,22.8109],[74.4392,22.8094],[74.4404,22.7933],[74.4353,22.7792],[74.4252,22.7602],[74.4171,22.7511],[74.4085,22.7371],[74.4008,22.7202],[74.4008,22.7068],[74.3969,22.6921],[74.3899,22.678],[74.3841,22.6604],[74.3842,22.6436],[74.3729,22.6365],[74.3522,22.6393],[74.3371,22.6407],[74.3223,22.6365],[74.3094,22.6393],[74.2946,22.6414],[74.2782,22.6477],[74.2654,22.6448],[74.2564,22.6357],[74.2537,22.623],[74.2437,22.6139],[74.2301,22.597],[74.2262,22.585],[74.2138,22.5674],[74.1994,22.5702],[74.1952,22.5569],[74.1843,22.5498],[74.1727,22.5449],[74.163,22.5371],[74.1568,22.5209],[74.1432,22.5188],[74.13,22.5216],[74.1221,22.5356],[74.1096,22.5384],[74.0933,22.5447],[74.0781,22.5516],[74.0563,22.5478],[74.0446,22.5421],[74.0408,22.5302],[74.0436,22.5168],[74.0347,22.5084],[74.0359,22.4964],[74.0499,22.5],[74.0588,22.5105],[74.074,22.5106],[74.0864,22.505],[74.0896,22.4889],[74.0788,22.4811],[74.0781,22.4656],[74.0905,22.4692],[74.1033,22.4678],[74.1057,22.4559],[74.1027,22.4397],[74.1105,22.4292],[74.123,22.4208],[74.1311,22.4363],[74.1373,22.4482],[74.1512,22.4567],[74.156,22.4455],[74.1611,22.4322],[74.1727,22.442],[74.1867,22.4442],[74.1843,22.4561],[74.1854,22.4694],[74.1979,22.4751],[74.2045,22.4611],[74.2046,22.447],[74.2116,22.4344],[74.2236,22.44],[74.2373,22.4393],[74.254,22.4331],[74.2641,22.4246],[74.27,22.4106],[74.2817,22.4001],[74.2942,22.3945],[74.2814,22.3938],[74.2685,22.3944],[74.2569,22.3902],[74.246,22.3832],[74.2309,22.3796],[74.2266,22.3649],[74.2166,22.3578],[74.2068,22.3676],[74.2061,22.3536],[74.1983,22.343],[74.1957,22.3254],[74.1759,22.3247],[74.1638,22.3268],[74.1436,22.3303],[74.1315,22.3379],[74.1291,22.3527],[74.1171,22.3576],[74.112,22.3716],[74.0999,22.373],[74.0899,22.3624],[74.077,22.3624],[74.0716,22.349],[74.0741,22.3364],[74.0683,22.3258],[74.0668,22.3111],[74.0579,22.2998],[74.0592,22.2857],[74.0689,22.2724],[74.0794,22.2633],[74.0807,22.25],[74.0916,22.2437],[74.0784,22.2374],[74.0758,22.2219],[74.0944,22.2212],[74.1076,22.2206],[74.1193,22.2164],[74.1225,22.1981],[74.1229,22.182],[74.1265,22.1665],[74.1331,22.1532],[74.1274,22.1377],[74.1313,22.1244],[74.1291,22.1083],[74.1326,22.0963],[74.1438,22.1013],[74.1562,22.1041],[74.1702,22.1013],[74.1788,22.0901],[74.1676,22.0824],[74.1618,22.0711],[74.1545,22.0578],[74.1378,22.0535],[74.1452,22.0437],[74.1321,22.0387],[74.1209,22.0303],[74.1089,22.0218],[74.0977,22.0155],[74.1003,22.0016],[74.1169,21.9986],[74.142,21.9912],[74.1538,21.9864],[74.1456,21.974],[74.1489,21.9607],[74.1382,21.9534],[74.1136,21.9447],[74.0987,21.9376],[74.0715,21.9296],[74.0564,21.9264],[74.0356,21.916],[74.023,21.906],[74.0117,21.9005],[73.9797,21.8875],[73.9608,21.876],[73.9492,21.8703],[73.9364,21.8631],[73.9219,21.8566],[73.9067,21.8536],[73.8796,21.8386],[73.8637,21.8367],[73.8415,21.8385],[73.8279,21.8349],[73.8162,21.8286],[73.8136,21.8101],[73.8276,21.8119],[73.8389,21.8002],[73.8441,21.7871],[73.8429,21.7721],[73.8312,21.7629],[73.8464,21.742],[73.8563,21.7346],[73.8712,21.7219],[73.885,21.7144],[73.894,21.7031],[73.8981,21.6673],[73.8913,21.6515],[73.8703,21.6388],[73.853,21.6359],[73.8385,21.6354],[73.8088,21.6357],[73.7909,21.6288],[73.8068,21.6024],[73.8232,21.6007],[73.8291,21.573],[73.8338,21.5535],[73.8402,21.5369],[73.845,21.5216],[73.854,21.5073],[73.8608,21.4958],[73.8768,21.5012],[73.8971,21.506],[73.91,21.5133],[73.9261,21.5196],[73.9394,21.5101],[73.9536,21.5158],[73.9628,21.5379],[73.9734,21.5314],[73.9822,21.5218],[73.9825,21.5357],[74.0053,21.5408],[74.0191,21.5505],[74.0417,21.5513],[74.0543,21.5522],[74.0653,21.5585],[74.0773,21.5593],[74.0891,21.5566],[74.1017,21.5574],[74.1145,21.5578],[74.1273,21.5565],[74.1391,21.5517],[74.1518,21.5511],[74.1613,21.5588],[74.1738,21.5615],[74.1863,21.5596],[74.1907,21.5482],[74.1983,21.5385],[74.2062,21.5293],[74.2159,21.5365],[74.2278,21.5383],[74.2341,21.5488],[74.2465,21.5456],[74.255,21.5365],[74.2674,21.5351],[74.275,21.5455],[74.284,21.5535],[74.2952,21.5591],[74.3057,21.5652],[74.3139,21.5559],[74.3152,21.5439],[74.3273,21.5411],[74.3334,21.5198],[74.3304,21.5067],[74.3262,21.4945],[74.3134,21.4896],[74.3059,21.4794],[74.2921,21.4776],[74.2782,21.4763],[74.265,21.4728],[74.2556,21.4633],[74.2433,21.4665],[74.2387,21.4784],[74.2253,21.4785],[74.2237,21.4662],[74.2128,21.46],[74.1994,21.4609],[74.1875,21.467],[74.1765,21.4615],[74.1632,21.4576],[74.1506,21.4539],[74.1408,21.4625],[74.127,21.4632],[74.1225,21.4507],[74.109,21.448],[74.0978,21.4547],[74.0859,21.4563],[74.0775,21.4668],[74.0718,21.4785],[74.0641,21.4684],[74.058,21.4574],[74.0543,21.4449],[74.0529,21.4318],[74.0485,21.4194],[74.0349,21.4198],[74.0213,21.417],[74.0095,21.4134],[73.9888,21.4045],[73.9774,21.395],[73.9619,21.3931],[73.9528,21.4024],[73.9556,21.39],[73.9553,21.3743],[73.9566,21.3616],[73.957,21.3445],[73.952,21.3306],[73.9513,21.315],[73.9485,21.2976],[73.9336,21.2853],[73.892,21.2624],[73.8717,21.2674],[73.8584,21.27],[73.8321,21.2675],[73.8365,21.2458],[73.8275,21.2331],[73.8201,21.2219],[73.8186,21.2086],[73.8213,21.1953],[73.8341,21.1972],[73.8305,21.1844],[73.8225,21.1719],[73.8075,21.1746],[73.7963,21.1817],[73.7898,21.1687],[73.7531,21.1682],[73.7408,21.1604],[73.746,21.1476],[73.7367,21.1383],[73.7224,21.1392],[73.7132,21.1505],[73.6982,21.1501],[73.6813,21.1521],[73.6715,21.1451],[73.6364,21.1327],[73.639,21.1473],[73.6197,21.1579],[73.6142,21.1725],[73.5982,21.1747],[73.5883,21.1679],[73.5888,21.1542],[73.6049,21.1551],[73.6142,21.147],[73.6291,21.1417],[73.6287,21.1201],[73.6455,21.123],[73.6577,21.121],[73.6599,21.1084],[73.6789,21.1093],[73.6934,21.101],[73.7032,21.109],[73.7106,21.119],[73.7148,21.1072],[73.7358,21.1032],[73.7526,21.1141],[73.7391,21.0948],[73.7422,21.0816],[73.7437,21.0642],[73.7476,21.04],[73.763,21.0386],[73.7756,21.0276],[73.7694,21.0145],[73.7847,21.0196],[73.8077,21.0226],[73.8121,21.0107],[73.8164,20.9961],[73.8377,20.9948],[73.8501,21.0014],[73.8727,20.9907],[73.8986,20.9822],[73.9112,20.9754],[73.9112,20.9624],[73.8969,20.9526],[73.895,20.9401],[73.904,20.9254],[73.9168,20.9151],[73.9244,20.9028],[73.931,20.8859],[73.9297,20.8689],[73.9316,20.8525],[73.9451,20.8401],[73.9476,20.8251],[73.9402,20.8089],[73.9381,20.7897],[73.9406,20.7689],[73.9475,20.7525],[73.936,20.7315],[73.9209,20.7235],[73.9088,20.7252],[73.8889,20.7311],[73.8773,20.7213],[73.8736,20.7077],[73.8636,20.6943],[73.8428,20.7021],[73.8287,20.6965],[73.8254,20.6736],[73.8415,20.6751],[73.8471,20.6564],[73.8431,20.6444],[73.8464,20.6235],[73.8339,20.6141],[73.8166,20.6094],[73.806,20.6015],[73.7927,20.6043],[73.7814,20.5951],[73.7691,20.5872],[73.7482,20.5674],[73.7377,20.574],[73.7243,20.5758],[73.7096,20.5745],[73.6924,20.5753],[73.6814,20.5677],[73.6658,20.5628],[73.6571,20.5722],[73.6433,20.5772],[73.6351,20.5917],[73.6304,20.606],[73.6259,20.6211],[73.6073,20.6363],[73.5912,20.6451],[73.5742,20.6511],[73.5537,20.6553],[73.5448,20.6692],[73.5304,20.6731],[73.52,20.6663],[73.5079,20.6586],[73.4955,20.6627],[73.4878,20.6721],[73.4972,20.681],[73.4934,20.6943],[73.4887,20.7066],[73.4826,20.7172],[73.4587,20.7143],[73.4473,20.7011],[73.4545,20.6861],[73.4436,20.678],[73.4399,20.6648],[73.4192,20.6605],[73.4036,20.6524],[73.4113,20.6386],[73.416,20.6262],[73.4308,20.6205],[73.4391,20.6013],[73.4548,20.5946],[73.4686,20.5888],[73.4808,20.5836],[73.4858,20.5641],[73.4818,20.5434],[73.5007,20.5402],[73.4847,20.5257],[73.4738,20.5153],[73.4741,20.5011],[73.4667,20.4883],[73.4559,20.4754],[73.4379,20.4457],[73.4308,20.4288],[73.4297,20.4144],[73.4163,20.4107],[73.4076,20.3963],[73.3955,20.398],[73.3903,20.3802],[73.4031,20.3818],[73.4217,20.3556],[73.4237,20.3418],[73.4253,20.3207],[73.4308,20.298],[73.4369,20.2821],[73.4246,20.2768],[73.4218,20.2636],[73.4223,20.2481],[73.4224,20.2318],[73.4279,20.2154],[73.4268,20.2016],[73.4092,20.2005],[73.3963,20.2016],[73.3837,20.2024],[73.3743,20.1927],[73.3648,20.201],[73.3676,20.2134],[73.3572,20.2025],[73.3364,20.2041],[73.3205,20.2043],[73.2982,20.1962],[73.2907,20.1774],[73.2932,20.1622],[73.2891,20.1496],[73.2685,20.1393],[73.2628,20.128],[73.2439,20.129],[73.2355,20.141],[73.2303,20.1282],[73.2163,20.122],[73.2007,20.1297],[73.1953,20.1509],[73.2178,20.1681],[73.2267,20.1764],[73.2194,20.1904],[73.2044,20.1983],[73.1913,20.1986],[73.1802,20.2086],[73.169,20.1997],[73.1536,20.2022],[73.1416,20.2019],[73.146,20.1874],[73.1524,20.1761],[73.1395,20.1731],[73.1261,20.1636],[73.113,20.1584],[73.1018,20.1641],[73.0935,20.1739],[73.0865,20.157],[73.0724,20.1635],[73.0742,20.1773],[73.0744,20.1925],[73.0642,20.2032],[73.0704,20.2215],[73.0819,20.2328],[73.1019,20.2289],[73.1133,20.2442],[73.1246,20.2567],[73.1368,20.2605],[73.1427,20.2753],[73.1543,20.2793],[73.1613,20.2918],[73.1691,20.2823],[73.1795,20.2899],[73.1771,20.3076],[73.1655,20.3159],[73.1524,20.3175],[73.1402,20.3147],[73.1291,20.3058],[73.1157,20.304],[73.1189,20.3262],[73.118,20.3429],[73.1114,20.3561],[73.0992,20.3399],[73.0909,20.3268],[73.0753,20.3296],[73.062,20.3257],[73.0477,20.3166],[73.0476,20.3045],[73.0459,20.2924],[73.0298,20.2923],[73.0247,20.3128],[73.0222,20.2971],[73.0105,20.2924],[72.9905,20.2921],[72.9895,20.2775],[72.9745,20.2718],[72.9575,20.2877],[72.946,20.2934],[72.9303,20.284],[72.9223,20.2744],[72.9408,20.2468],[72.9578,20.2412],[72.9696,20.2339],[72.9754,20.2192],[72.9608,20.214],[72.9418,20.2178],[72.9284,20.2234],[72.9109,20.2261],[72.8887,20.2258],[72.8745,20.2258],[72.8729,20.2125],[72.8551,20.2091],[72.8441,20.1978],[72.8355,20.1877],[72.8288,20.1566],[72.8353,20.1446],[72.8159,20.1533],[72.8021,20.1485],[72.8052,20.127],[72.7876,20.1301],[72.7745,20.1308],[72.7618,20.1315],[72.7483,20.1344],[72.7387,20.1424],[72.7407,20.1585],[72.7426,20.1712],[72.7429,20.1835],[72.746,20.1971],[72.7476,20.2093],[72.746,20.2218],[72.7438,20.234],[72.7421,20.246],[72.7496,20.2554],[72.7532,20.2674],[72.7546,20.2824],[72.7574,20.2943],[72.7682,20.2996],[72.7743,20.3118],[72.7746,20.3251],[72.7787,20.3368],[72.7862,20.3463],[72.801,20.3507],[72.8118,20.356],[72.8196,20.3657],[72.8313,20.3687],[72.8425,20.3992],[72.8511,20.4082],[72.8701,20.3912],[72.8695,20.404],[72.852,20.412],[72.8406,20.4177],[72.8382,20.4373],[72.8443,20.4484],[72.8624,20.4623],[72.8613,20.4757],[72.8667,20.4865],[72.8763,20.4946],[72.8851,20.5029],[72.8876,20.519],[72.8879,20.531],[72.8851,20.5462],[72.8896,20.5574],[72.896,20.5682],[72.8976,20.5871],[72.8949,20.599],[72.8915,20.6113],[72.8887,20.6232],[72.8876,20.6354],[72.8804,20.6451],[72.874,20.6554],[72.871,20.6693],[72.8676,20.6812],[72.8637,20.6932],[72.8599,20.7046],[72.8565,20.7165],[72.854,20.7287],[72.8518,20.741],[72.8626,20.7357],[72.8746,20.7346],[72.886,20.7385],[72.8757,20.7449],[72.8654,20.7515],[72.8607,20.7626],[72.8499,20.7679],[72.8412,20.7763],[72.836,20.7882],[72.8439,20.7974],[72.8346,20.8057],[72.826,20.8143],[72.8226,20.8263],[72.819,20.8379],[72.814,20.8493],[72.8093,20.8607],[72.804,20.8718],[72.799,20.8832],[72.7935,20.894],[72.7904,20.9132],[72.7868,20.9249],[72.7943,20.9357],[72.7838,20.9418],[72.7726,20.9368],[72.771,20.9244],[72.761,20.9312],[72.7549,20.9421],[72.7496,20.9538],[72.7451,20.9657],[72.7412,20.9776],[72.7368,20.9888],[72.7343,21.0013],[72.7315,21.0132],[72.7276,21.0254],[72.7237,21.0404],[72.7257,21.0526],[72.7379,21.0474],[72.7493,21.0513],[72.7613,21.0521],[72.7682,21.0626],[72.7562,21.0624],[72.7443,21.0651],[72.7326,21.0693],[72.7204,21.0721],[72.7076,21.0732],[72.704,21.0854],[72.7012,21.0974],[72.7054,21.1096],[72.7057,21.1218],[72.7096,21.1332],[72.7196,21.1407],[72.7087,21.146],[72.6979,21.1515],[72.6868,21.1565],[72.6732,21.1574],[72.6637,21.1496],[72.6599,21.1313],[72.6579,21.1193],[72.6604,21.1068],[72.6574,21.0943],[72.6543,21.0818],[72.6401,21.081],[72.629,21.0762],[72.6285,21.0885],[72.6265,21.1018],[72.6235,21.1138],[72.624,21.126],[72.6249,21.1382],[72.621,21.1496],[72.6207,21.1621],[72.6199,21.1743],[72.619,21.1863],[72.6185,21.1996],[72.6237,21.2107],[72.6185,21.2226],[72.6304,21.2243],[72.6413,21.2171],[72.6526,21.2232],[72.6404,21.2237],[72.6293,21.2288],[72.6174,21.2307],[72.606,21.2351],[72.6004,21.2465],[72.5979,21.2601],[72.5968,21.2721],[72.589,21.2815],[72.5888,21.2938],[72.5926,21.3054],[72.5968,21.3168],[72.6062,21.3249],[72.6126,21.3351],[72.6207,21.3443],[72.6246,21.356],[72.6349,21.3624],[72.6387,21.374],[72.646,21.364],[72.6413,21.3751],[72.6315,21.3665],[72.6229,21.3751],[72.6296,21.3854],[72.6379,21.3943],[72.6468,21.4024],[72.6532,21.4129],[72.6612,21.4221],[72.6712,21.429],[72.681,21.436],[72.6868,21.4468],[72.6907,21.4585],[72.6824,21.4493],[72.6693,21.4471],[72.659,21.4407],[72.6479,21.436],[72.6496,21.4482],[72.6518,21.4601],[72.6579,21.471],[72.6654,21.4807],[72.6674,21.4929],[72.6707,21.5049],[72.6793,21.5138],[72.681,21.5257],[72.6957,21.5274],[72.7076,21.5293],[72.719,21.5332],[72.7307,21.5362],[72.741,21.5426],[72.7357,21.5535],[72.7379,21.5413],[72.726,21.5379],[72.7129,21.5354],[72.701,21.5329],[72.689,21.5362],[72.6774,21.5393],[72.6668,21.5335],[72.6579,21.5254],[72.6496,21.5165],[72.6424,21.5068],[72.6371,21.496],[72.6254,21.4926],[72.6268,21.5046],[72.6201,21.5146],[72.6124,21.524],[72.6096,21.5357],[72.6035,21.5487],[72.6096,21.5596],[72.6043,21.5718],[72.6082,21.5832],[72.616,21.5926],[72.6221,21.6032],[72.6274,21.6143],[72.6385,21.6204],[72.6507,21.621],[72.6604,21.6282],[72.6726,21.6279],[72.6826,21.6346],[72.6926,21.6415],[72.6996,21.6513],[72.711,21.6471],[72.7204,21.6393],[72.7326,21.6401],[72.7446,21.6418],[72.7537,21.6499],[72.7663,21.6474],[72.7804,21.6454],[72.7926,21.6462],[72.804,21.6501],[72.8149,21.6554],[72.8249,21.6621],[72.8349,21.6688],[72.8226,21.6696],[72.8107,21.6654],[72.7982,21.6618],[72.786,21.6624],[72.774,21.6649],[72.7626,21.669],[72.7524,21.6757],[72.746,21.686],[72.734,21.6888],[72.7229,21.684],[72.7118,21.679],[72.6993,21.6804],[72.6865,21.6799],[72.6743,21.6818],[72.6621,21.681],[72.6501,21.6782],[72.6379,21.679],[72.6249,21.6799],[72.6129,21.6812],[72.6007,21.6812],[72.5901,21.6754],[72.5774,21.6704],[72.566,21.6649],[72.5537,21.659],[72.5418,21.6613],[72.5338,21.6704],[72.5254,21.679],[72.521,21.6904],[72.5088,21.6896],[72.5218,21.6915],[72.5096,21.7007],[72.5179,21.7104],[72.5257,21.7196],[72.5315,21.7304],[72.5404,21.7393],[72.5429,21.7546],[72.5462,21.7663],[72.5496,21.7779],[72.5518,21.7901],[72.5563,21.8015],[72.5632,21.8115],[72.5671,21.8229],[72.5587,21.8315],[72.5485,21.8379],[72.5382,21.8446],[72.5263,21.8482],[72.519,21.8582],[72.5185,21.874],[72.5149,21.886],[72.509,21.8968],[72.5054,21.909],[72.5062,21.9215],[72.5032,21.9335],[72.5024,21.9485],[72.5035,21.9621],[72.5046,21.9746],[72.5062,21.9868],[72.5088,21.9996],[72.5121,22.0115],[72.5157,22.0232],[72.519,22.0354],[72.5212,22.0474],[72.5232,22.0599],[72.5257,22.0726],[72.5287,22.0851],[72.5321,22.0968],[72.5351,22.1087],[72.5387,22.121],[72.5424,22.1335],[72.5462,22.1454],[72.5504,22.1568],[72.5557,22.1679],[72.5624,22.1779],[72.5693,22.1879],[72.5779,22.1965],[72.5871,22.2043],[72.5974,22.211],[72.6096,22.2154],[72.6254,22.2176],[72.6396,22.2179],[72.6521,22.2154],[72.6626,22.209],[72.6726,22.2021],[72.6837,22.1971],[72.6932,22.1896],[72.7054,22.1837],[72.7174,22.184],[72.729,22.1807],[72.7404,22.1757],[72.754,22.1732],[72.7632,22.181],[72.7707,22.1904],[72.7779,22.2001],[72.7824,22.2126],[72.7896,22.2224],[72.7957,22.2329],[72.8037,22.2421],[72.816,22.2479],[72.8262,22.2413],[72.8382,22.2382],[72.8499,22.2351],[72.8604,22.2288],[72.8721,22.2235],[72.8838,22.2274],[72.8957,22.2318],[72.9054,22.239],[72.9132,22.2482],[72.9187,22.2593],[72.9187,22.2726],[72.9107,22.2626],[72.9043,22.2524],[72.8938,22.2457],[72.8726,22.2424],[72.8624,22.249],[72.8574,22.2604],[72.8551,22.2726],[72.8438,22.2824],[72.8332,22.2765],[72.8226,22.2707],[72.8118,22.2654],[72.8015,22.2588],[72.7913,22.2524],[72.7821,22.2446],[72.7715,22.2385],[72.7607,22.2324],[72.7474,22.2321],[72.7351,22.234],[72.7221,22.2354],[72.709,22.2365],[72.6963,22.2368],[72.6851,22.2415],[72.6765,22.2501],[72.6679,22.2585],[72.6601,22.2677],[72.6557,22.279],[72.6438,22.2824],[72.6315,22.2846],[72.6199,22.2815],[72.6076,22.279],[72.5965,22.2738],[72.5871,22.266],[72.5776,22.2582],[72.5665,22.2535],[72.554,22.2551],[72.546,22.2457],[72.5332,22.2463],[72.5399,22.2563],[72.5362,22.2685],[72.5465,22.2754],[72.5346,22.2771],[72.526,22.2685],[72.5237,22.2557],[72.5232,22.2437],[72.5143,22.2354],[72.5051,22.2276],[72.499,22.2168],[72.4915,22.2074],[72.4824,22.1987],[72.4804,22.211],[72.4849,22.2226],[72.4918,22.2335],[72.4785,22.2343],[72.4904,22.2377],[72.4782,22.2401],[72.4682,22.2468],[72.461,22.2565],[72.4551,22.2674],[72.4485,22.2776],[72.444,22.2888],[72.4368,22.2985],[72.4254,22.304],[72.4132,22.3074],[72.401,22.3079],[72.3887,22.3104],[72.3946,22.321],[72.4032,22.3296],[72.4082,22.341],[72.4124,22.3535],[72.4057,22.3638],[72.3973,22.3724],[72.3899,22.3821],[72.3762,22.3851],[72.366,22.3787],[72.3771,22.3735],[72.3879,22.3679],[72.3962,22.359],[72.4032,22.349],[72.3913,22.3443],[72.381,22.3379],[72.3746,22.3271],[72.3726,22.3151],[72.3779,22.3043],[72.3929,22.2987],[72.411,22.2993],[72.4157,22.2874],[72.4163,22.2751],[72.414,22.2624],[72.4132,22.2504],[72.4149,22.2371],[72.4118,22.2251],[72.4076,22.2138],[72.4013,22.2035],[72.3929,22.2121],[72.3824,22.2182],[72.3768,22.229],[72.3788,22.241],[72.3818,22.2527],[72.3743,22.2621],[72.3624,22.2671],[72.3643,22.2551],[72.371,22.2451],[72.3654,22.2343],[72.3601,22.2224],[72.3612,22.2101],[72.3676,22.1999],[72.379,22.196],[72.3874,22.1874],[72.3893,22.1754],[72.386,22.1632],[72.3779,22.154],[72.3749,22.1665],[72.3649,22.1732],[72.3632,22.1863],[72.3518,22.1821],[72.3546,22.1701],[72.3546,22.1576],[72.3504,22.1451],[72.3504,22.1329],[72.3412,22.1246],[72.3412,22.1368],[72.3304,22.1424],[72.3193,22.1474],[72.3163,22.1593],[72.319,22.171],[72.3165,22.1832],[72.3065,22.1901],[72.2985,22.1993],[72.2993,22.1871],[72.3107,22.1826],[72.3126,22.1707],[72.3104,22.1574],[72.3104,22.1446],[72.3174,22.1346],[72.3221,22.1235],[72.314,22.1146],[72.314,22.1026],[72.3112,22.0907],[72.3076,22.0785],[72.3057,22.0651],[72.3024,22.0535],[72.2988,22.0413],[72.296,22.0293],[72.2932,22.0174],[72.2896,22.0057],[72.2862,21.9901],[72.2838,21.9782],[72.2799,21.9643],[72.279,21.9471],[72.2776,21.9346],[72.2663,21.939],[72.2632,21.9526],[72.2604,21.9682],[72.2615,21.981],[72.2518,21.9896],[72.2535,22.0021],[72.2593,22.0129],[72.2574,22.0254],[72.2468,22.0313],[72.2426,22.044],[72.2482,22.0549],[72.2593,22.0599],[72.2704,22.0646],[72.2807,22.071],[72.2924,22.0674],[72.3037,22.0715],[72.2952,22.0807],[72.3024,22.091],[72.3018,22.1038],[72.2893,22.1012],[72.2813,22.0921],[72.271,22.0999],[72.2754,22.0876],[72.2696,22.0768],[72.2599,22.0696],[72.2487,22.0638],[72.2376,22.0588],[72.231,22.0487],[72.2307,22.0357],[72.2335,22.0237],[72.2221,22.0193],[72.2124,22.0107],[72.2024,22.0174],[72.1904,22.0215],[72.1835,22.0321],[72.1751,22.0407],[72.181,22.0301],[72.1824,22.0174],[72.1951,22.0163],[72.1999,22.0051],[72.211,21.9996],[72.2221,22.0046],[72.2301,21.9946],[72.2262,21.9832],[72.2224,21.9715],[72.2215,21.9571],[72.2096,21.9546],[72.1993,21.9482],[72.1874,21.944],[72.1793,21.9529],[72.1668,21.9582],[72.1588,21.9674],[72.1524,21.9776],[72.1579,21.9665],[72.1504,21.9571],[72.1632,21.9563],[72.1738,21.9504],[72.1824,21.9418],[72.1937,21.9374],[72.2054,21.9415],[72.2179,21.9485],[72.226,21.9393],[72.2307,21.9268],[72.2396,21.9185],[72.2471,21.9085],[72.2529,21.8979],[72.2568,21.8862],[72.2576,21.8738],[72.2551,21.8593],[72.2565,21.8468],[72.2588,21.8326],[72.2593,21.8163],[72.2588,21.804],[72.2596,21.7901],[72.2618,21.7782],[72.2654,21.7665],[72.2701,21.7554],[72.2674,21.7437],[72.2582,21.7521],[72.2526,21.7629],[72.2493,21.7749],[72.2485,21.7876],[72.2387,21.7949],[72.2262,21.7976],[72.2162,21.8043],[72.2115,21.8157],[72.2032,21.8249],[72.1893,21.8282],[72.201,21.8246],[72.2093,21.8146],[72.214,21.8035],[72.224,21.7965],[72.2354,21.7918],[72.2424,21.781],[72.2443,21.7671],[72.2471,21.7554],[72.2513,21.7429],[72.256,21.7318],[72.2613,21.721],[72.2679,21.7104],[72.2735,21.6993],[72.2801,21.6876],[72.2851,21.6765],[72.2862,21.6637],[72.2946,21.6549],[72.3018,21.6451],[72.3057,21.6318],[72.3024,21.6199],[72.2943,21.611],[72.2871,21.6012],[72.2807,21.591],[72.2735,21.5813],[72.2685,21.5699],[72.2651,21.5582],[72.2651,21.5415],[72.2618,21.5296],[72.2585,21.5179],[72.2546,21.5057],[72.2513,21.494],[72.2462,21.4826],[72.2415,21.4715],[72.2349,21.4601],[72.229,21.4496],[72.2232,21.4387],[72.2149,21.4299],[72.2068,21.421],[72.1985,21.4121],[72.1885,21.4054],[72.1793,21.3976],[72.171,21.3888],[72.1668,21.3765],[72.1582,21.3679],[72.1507,21.3582],[72.1426,21.3493],[72.134,21.3407],[72.1265,21.3312],[72.1196,21.321],[72.1135,21.3104],[72.1104,21.2987],[72.1107,21.2865],[72.1021,21.2779],[72.0946,21.2874],[72.089,21.2985],[72.0776,21.3024],[72.0762,21.2904],[72.086,21.2824],[72.0971,21.2774],[72.0974,21.2646],[72.0896,21.2554],[72.0821,21.2457],[72.0868,21.2346],[72.0949,21.2251],[72.1068,21.2213],[72.1143,21.2118],[72.1146,21.1982],[72.1029,21.1954],[72.0901,21.191],[72.0796,21.1849],[72.0687,21.1793],[72.0568,21.1746],[72.0504,21.1643],[72.0387,21.1615],[72.0279,21.1551],[72.0168,21.1499],[72.0099,21.1396],[71.9979,21.1415],[71.9996,21.1535],[72.0085,21.1624],[72.0168,21.1712],[72.0238,21.181],[72.0124,21.1857],[72.0037,21.1754],[71.9974,21.1649],[71.9876,21.1579],[71.9918,21.1451],[71.9818,21.1376],[71.9743,21.1282],[71.9649,21.1207],[71.9526,21.119],[71.9407,21.1162],[71.9285,21.1146],[71.916,21.1121],[71.904,21.1093],[71.8926,21.104],[71.8851,21.0946],[71.8746,21.0885],[71.8626,21.086],[71.8524,21.0796],[71.8393,21.0751],[71.8285,21.0696],[71.8165,21.0696],[71.8057,21.0638],[71.7971,21.0551],[71.8035,21.0449],[71.794,21.0374],[71.7804,21.039],[71.7715,21.0287],[71.7621,21.021],[71.7501,21.0201],[71.7382,21.0182],[71.7263,21.0212],[71.714,21.0199],[71.7038,21.0135],[71.6924,21.0088],[71.681,21.0032],[71.6687,20.999],[71.6557,20.9982],[71.6446,20.9935],[71.6371,20.9835],[71.6332,20.9721],[71.621,20.9676],[71.6085,20.9665],[71.5965,20.966],[71.586,20.9601],[71.5746,20.9543],[71.5632,20.9496],[71.5479,20.9496],[71.536,20.9451],[71.524,20.9468],[71.5121,20.9451],[71.5082,20.9335],[71.5157,20.924],[71.5054,20.916],[71.4932,20.9179],[71.4843,20.9076],[71.479,20.8968],[71.4713,20.8874],[71.4599,20.881],[71.4479,20.8804],[71.4407,20.8707],[71.4282,20.8674],[71.4157,20.8679],[71.4037,20.8679],[71.3907,20.8665],[71.3821,20.8751],[71.3824,20.8629],[71.3737,20.8546],[71.3615,20.8521],[71.3487,20.8502],[71.336,20.8485],[71.3226,20.8463],[71.3115,20.841],[71.301,20.8351],[71.2901,20.829],[71.2782,20.8265],[71.2668,20.8215],[71.2562,20.8154],[71.2443,20.8118],[71.2337,20.8054],[71.2199,20.8038],[71.2079,20.8004],[71.2032,20.7893],[71.1896,20.786],[71.1774,20.7838],[71.1643,20.7821],[71.1535,20.7763],[71.1482,20.7651],[71.1379,20.7568],[71.1257,20.7554],[71.1118,20.7607],[71.0987,20.7574],[71.086,20.7562],[71.0771,20.7476],[71.0743,20.7357],[71.0621,20.736],[71.051,20.7313],[71.0401,20.7365],[71.0276,20.7388],[71.0151,20.7399],[71.0032,20.7368],[70.9926,20.7307],[70.9982,20.7415],[70.9868,20.7454],[70.9757,20.7407],[70.9632,20.7418],[70.9626,20.7294],[70.9485,20.7337],[70.934,20.736],[70.9209,20.7289],[70.9049,20.7265],[70.893,20.713],[70.8737,20.7098],[70.8771,20.7215],[70.8879,20.7299],[70.8996,20.7326],[70.9118,20.7357],[70.8996,20.7349],[70.886,20.7335],[70.8757,20.7271],[70.8671,20.736],[70.8646,20.7493],[70.8436,20.7604],[70.8637,20.7637],[70.8629,20.7818],[70.8674,20.795],[70.883,20.7928],[70.896,20.8044],[70.8962,20.8248],[70.8833,20.8353],[70.8503,20.8315],[70.8379,20.8366],[70.829,20.8489],[70.817,20.8512],[70.8405,20.8578],[70.8652,20.8654],[70.8843,20.8732],[70.8971,20.8822],[70.9028,20.8972],[70.8924,20.93],[70.887,20.9452],[70.8802,20.9554],[70.8621,20.9608],[70.8494,20.9668],[70.8328,20.9685],[70.8215,20.9597],[70.8079,20.9644],[70.7935,20.9594],[70.7793,20.967],[70.768,20.962],[70.7555,20.9738],[70.7465,20.989],[70.7338,20.9884],[70.7404,20.9768],[70.7307,20.9601],[70.7219,20.9442],[70.7176,20.916],[70.7027,20.895],[70.6942,20.883],[70.6845,20.851],[70.6774,20.8352],[70.6763,20.8188],[70.682,20.8011],[70.683,20.7841],[70.6769,20.7715],[70.6701,20.761],[70.6576,20.759],[70.6451,20.7632],[70.6338,20.7696],[70.6218,20.771],[70.6104,20.7754],[70.5987,20.7782],[70.5865,20.7812],[70.5776,20.7893],[70.566,20.7935],[70.5565,20.801],[70.5446,20.8029],[70.5332,20.8079],[70.5212,20.8124],[70.5115,20.8199],[70.4999,20.824],[70.4887,20.8293],[70.4796,20.8374],[70.4674,20.839],[70.4571,20.8454],[70.446,20.8507],[70.4351,20.856],[70.4254,20.8632],[70.4171,20.8721],[70.4179,20.8849],[70.406,20.8832],[70.3971,20.8913],[70.3863,20.8968],[70.3746,20.9018],[70.3626,20.9026],[70.3526,20.9093],[70.3474,20.9204],[70.3354,20.921],[70.3246,20.9263],[70.3154,20.9343],[70.3054,20.941],[70.2949,20.9471],[70.2851,20.9543],[70.2749,20.9621],[70.2646,20.9687],[70.2551,20.9762],[70.2471,20.9854],[70.244,20.9971],[70.2318,20.9982],[70.221,21.0037],[70.2113,21.0118],[70.2018,21.0196],[70.1926,21.0274],[70.1829,21.0346],[70.174,21.0435],[70.1635,21.0501],[70.1551,21.0588],[70.1465,21.0674],[70.1385,21.0765],[70.1285,21.0837],[70.1193,21.0915],[70.1101,21.0993],[70.0993,21.1049],[70.0912,21.114],[70.0821,21.1221],[70.0735,21.131],[70.0649,21.1396],[70.0563,21.1485],[70.0468,21.1562],[70.0396,21.166],[70.0321,21.1757],[70.0229,21.1837],[70.0137,21.1921],[70.0057,21.2013],[69.9968,21.2096],[69.989,21.2188],[69.9807,21.2276],[69.9726,21.2365],[69.9646,21.2457],[69.9565,21.2549],[69.9485,21.264],[69.9407,21.2732],[69.9326,21.2821],[69.924,21.2907],[69.9163,21.3001],[69.9085,21.3093],[69.9004,21.3182],[69.8924,21.3276],[69.8846,21.3368],[69.8765,21.3457],[69.8685,21.3551],[69.8604,21.3643],[69.8524,21.3735],[69.8443,21.3826],[69.8365,21.3918],[69.8285,21.401],[69.8204,21.4099],[69.8124,21.4193],[69.8043,21.4282],[69.7962,21.4371],[69.7879,21.446],[69.7796,21.4549],[69.7915,21.4515],[69.8032,21.4551],[69.7913,21.4532],[69.7796,21.4587],[69.7701,21.4662],[69.7618,21.4751],[69.7537,21.484],[69.7454,21.4929],[69.7371,21.5018],[69.7296,21.5112],[69.7213,21.5199],[69.7129,21.5285],[69.721,21.5376],[69.7279,21.5479],[69.7312,21.5596],[69.7432,21.5621],[69.7474,21.5735],[69.7585,21.579],[69.7637,21.5901],[69.7554,21.599],[69.751,21.6104],[69.7468,21.6221],[69.7446,21.6343],[69.7368,21.6435],[69.729,21.634],[69.7179,21.639],[69.7074,21.6451],[69.6957,21.6421],[69.6832,21.6365],[69.6924,21.6285],[69.699,21.6182],[69.7096,21.611],[69.7171,21.6012],[69.7043,21.6018],[69.6954,21.5929],[69.7007,21.6038],[69.6926,21.6129],[69.6826,21.6196],[69.6712,21.6249],[69.659,21.6262],[69.6485,21.6329],[69.6387,21.6399],[69.6462,21.6304],[69.6565,21.624],[69.6676,21.619],[69.6765,21.6107],[69.6821,21.5996],[69.6921,21.5929],[69.7046,21.5896],[69.7135,21.5815],[69.7224,21.5732],[69.7188,21.561],[69.7174,21.549],[69.7101,21.5393],[69.6988,21.5435],[69.6885,21.5501],[69.6801,21.5588],[69.6712,21.5671],[69.6626,21.5757],[69.6543,21.5846],[69.6462,21.5935],[69.6376,21.6021],[69.6293,21.611],[69.6207,21.6196],[69.6115,21.6282],[69.6026,21.6365],[69.5899,21.6374],[69.5918,21.6254],[69.5871,21.6365],[69.5768,21.6435],[69.5676,21.6513],[69.5582,21.6588],[69.549,21.6668],[69.5399,21.6749],[69.5307,21.6829],[69.5218,21.691],[69.5129,21.6993],[69.5037,21.7076],[69.4951,21.716],[69.4874,21.7254],[69.4785,21.7337],[69.4693,21.7415],[69.4585,21.7476],[69.4488,21.7549],[69.4393,21.7626],[69.4299,21.7701],[69.4212,21.7785],[69.4126,21.7871],[69.4029,21.7949],[69.3943,21.8035],[69.3868,21.8129],[69.3793,21.8224],[69.3704,21.8307],[69.3596,21.8365],[69.3487,21.8418],[69.3393,21.8493],[69.3293,21.8565],[69.3204,21.8646],[69.3112,21.8724],[69.3018,21.8799],[69.2926,21.8879],[69.2829,21.8954],[69.2743,21.904],[69.2651,21.9118],[69.2562,21.9201],[69.2482,21.9293],[69.239,21.9371],[69.2301,21.9454],[69.2215,21.954],[69.2129,21.9626],[69.2051,21.9721],[69.1979,21.9818],[69.1879,21.9885],[69.1799,21.9976],[69.1715,22.0063],[69.1635,22.0154],[69.1557,22.0249],[69.1468,22.0332],[69.1382,22.0418],[69.1301,22.0507],[69.1212,22.0596],[69.1132,22.0688],[69.1051,22.0779],[69.0979,22.0876],[69.0901,22.0968],[69.0815,22.1052],[69.0724,22.1132],[69.0638,22.1218],[69.0546,22.1296],[69.0468,22.1388],[69.0393,22.1482],[69.031,22.1571],[69.0238,22.1668],[69.0151,22.1751],[69.0062,22.1832],[68.9985,22.1926],[68.9904,22.2015],[68.9824,22.2107],[68.9757,22.2207],[68.9693,22.2313],[68.9593,22.2382],[68.9529,22.2485],[68.9568,22.2601],[68.9512,22.2715],[68.9451,22.2824],[68.9407,22.294],[68.9368,22.306],[68.9385,22.3185],[68.9415,22.3304],[68.9532,22.3332],[68.956,22.3451],[68.9582,22.359],[68.9596,22.3712],[68.9665,22.3813],[68.971,22.3929],[68.9776,22.4032],[68.9843,22.4132],[68.9935,22.421],[69.001,22.4304],[69.0088,22.4399],[69.0185,22.4471],[69.0296,22.4526],[69.0404,22.4579],[69.0515,22.4635],[69.0618,22.4699],[69.0688,22.4799],[69.0804,22.4768],[69.0776,22.4651],[69.074,22.4535],[69.0629,22.4487],[69.0535,22.441],[69.0437,22.4326],[69.049,22.4218],[69.0549,22.4112],[69.0626,22.4018],[69.0726,22.3946],[69.0849,22.3929],[69.0974,22.3979],[69.1015,22.4093],[69.1132,22.406],[69.124,22.4002],[69.136,22.4026],[69.1485,22.4026],[69.156,22.4121],[69.1679,22.414],[69.1754,22.4235],[69.1888,22.4215],[69.1932,22.4099],[69.2035,22.4037],[69.2001,22.3918],[69.1893,22.3863],[69.1804,22.3782],[69.1771,22.366],[69.1768,22.354],[69.1682,22.3454],[69.169,22.3326],[69.1637,22.3218],[69.1585,22.3107],[69.1648,22.3004],[69.1729,22.2915],[69.1818,22.2832],[69.1913,22.2757],[69.2007,22.2682],[69.2118,22.2626],[69.2235,22.2582],[69.2365,22.2588],[69.2479,22.2629],[69.2615,22.269],[69.2735,22.271],[69.2868,22.274],[69.2935,22.284],[69.3063,22.2876],[69.3185,22.2907],[69.3257,22.3004],[69.3357,22.3071],[69.3363,22.3196],[69.3454,22.3282],[69.3571,22.3243],[69.3668,22.3165],[69.379,22.3218],[69.3968,22.321],[69.4093,22.3162],[69.4226,22.3165],[69.434,22.3215],[69.4424,22.3304],[69.4538,22.3351],[69.4651,22.3304],[69.4768,22.3337],[69.4882,22.3382],[69.489,22.3518],[69.4957,22.3621],[69.506,22.3685],[69.5163,22.3749],[69.5232,22.3849],[69.5163,22.3951],[69.5168,22.4074],[69.5107,22.4179],[69.5024,22.4268],[69.5146,22.4257],[69.5268,22.4237],[69.5354,22.4149],[69.5446,22.4068],[69.5529,22.3979],[69.5563,22.384],[69.5507,22.3732],[69.5599,22.364],[69.5721,22.3657],[69.5849,22.3615],[69.5832,22.3496],[69.5788,22.3382],[69.574,22.3265],[69.5796,22.3374],[69.5857,22.3479],[69.5976,22.3496],[69.606,22.341],[69.6079,22.3288],[69.6143,22.339],[69.6176,22.351],[69.6176,22.3638],[69.6296,22.3632],[69.6413,22.3587],[69.6546,22.359],[69.6568,22.3718],[69.6596,22.3835],[69.6674,22.3929],[69.6793,22.3946],[69.6935,22.3949],[69.6976,22.409],[69.6924,22.4199],[69.6988,22.4301],[69.6974,22.4424],[69.6801,22.4432],[69.6901,22.4501],[69.7001,22.4568],[69.7121,22.4585],[69.7226,22.4646],[69.7301,22.474],[69.7376,22.4646],[69.7407,22.4529],[69.7396,22.4401],[69.746,22.4299],[69.7568,22.4357],[69.7663,22.4279],[69.7749,22.4188],[69.7843,22.411],[69.7946,22.4035],[69.8068,22.4046],[69.8138,22.4146],[69.8199,22.4254],[69.824,22.4368],[69.826,22.4487],[69.8146,22.4535],[69.8032,22.4576],[69.8149,22.4546],[69.8271,22.4579],[69.8346,22.4676],[69.8393,22.4787],[69.841,22.4912],[69.8401,22.4771],[69.8382,22.4649],[69.8454,22.4549],[69.8562,22.4496],[69.8701,22.4465],[69.8807,22.4524],[69.8893,22.461],[69.8996,22.4674],[69.9101,22.4599],[69.911,22.4724],[69.9121,22.4851],[69.9187,22.4957],[69.9257,22.5057],[69.936,22.5126],[69.9471,22.5079],[69.9563,22.5001],[69.9504,22.5112],[69.9465,22.5235],[69.956,22.5315],[69.9665,22.5385],[69.9788,22.5404],[69.9907,22.5454],[70.0029,22.546],[70.0149,22.5471],[70.0268,22.551],[70.0221,22.5396],[70.0304,22.5518],[70.0401,22.559],[70.0515,22.5535],[70.0629,22.5493],[70.0754,22.5496],[70.0874,22.5449],[70.1012,22.5471],[70.1149,22.5471],[70.1274,22.5476],[70.1393,22.5496],[70.1537,22.5529],[70.1657,22.5538],[70.1743,22.5624],[70.1801,22.5738],[70.1874,22.5837],[70.194,22.5949],[70.2007,22.6049],[70.1974,22.6168],[70.2085,22.6218],[70.2179,22.6293],[70.2162,22.6415],[70.2279,22.6451],[70.229,22.6574],[70.241,22.6624],[70.2454,22.6746],[70.249,22.6876],[70.2407,22.6963],[70.2421,22.7085],[70.2543,22.706],[70.254,22.7185],[70.2546,22.7307],[70.264,22.7382],[70.2746,22.7324],[70.2832,22.7413],[70.2924,22.7493],[70.3004,22.7585],[70.3004,22.7707],[70.3054,22.7818],[70.3101,22.7929],[70.321,22.7982],[70.324,22.8101],[70.3318,22.8196],[70.3388,22.8304],[70.3388,22.8426],[70.3451,22.8532],[70.3515,22.8638],[70.3579,22.874],[70.3651,22.8838],[70.3724,22.8935],[70.3796,22.9032],[70.3896,22.9101],[70.4007,22.9151],[70.4118,22.9199],[70.4196,22.9296],[70.4265,22.9401],[70.4287,22.9529],[70.4357,22.9629],[70.4415,22.9735],[70.4496,22.9824],[70.4579,22.9913],[70.4643,23.0015],[70.471,23.0118],[70.4757,23.0232],[70.4801,23.0346],[70.4849,23.0457],[70.489,23.0574],[70.4924,23.0724],[70.4804,23.0718],[70.4688,23.0685],[70.4546,23.0662],[70.4426,23.0643],[70.4318,23.0585],[70.4226,23.0504],[70.4143,23.0415],[70.4054,23.0332],[70.3962,23.0254],[70.3957,23.0132],[70.3929,23.0015],[70.3949,22.9874],[70.3946,22.9735],[70.3926,22.9615],[70.3871,22.9487],[70.3771,22.9418],[70.366,22.9368],[70.3546,22.9329],[70.3421,22.931],[70.3296,22.9346],[70.3168,22.939],[70.3068,22.946],[70.2946,22.9465],[70.2826,22.9479],[70.2721,22.954],[70.2635,22.9626],[70.2543,22.9704],[70.2438,22.9765],[70.2318,22.9782],[70.2293,22.9662],[70.2188,22.9726],[70.2085,22.9788],[70.2018,22.9888],[70.194,22.9985],[70.1988,22.9871],[70.2057,22.9771],[70.216,22.9707],[70.2246,22.9615],[70.2146,22.9546],[70.2024,22.951],[70.1899,22.9501],[70.1774,22.951],[70.1665,22.9457],[70.1543,22.9471],[70.1432,22.9518],[70.1338,22.9596],[70.1218,22.9615],[70.124,22.9735],[70.1318,22.9829],[70.1304,22.9949],[70.1379,23.0043],[70.1446,23.0143],[70.1524,23.0235],[70.1426,23.0163],[70.1363,23.006],[70.1282,22.9971],[70.124,22.9851],[70.1157,22.976],[70.111,22.9649],[70.1176,22.9546],[70.1265,22.9465],[70.1151,22.9513],[70.1051,22.9446],[70.0951,22.9513],[70.0987,22.9396],[70.109,22.946],[70.1212,22.9449],[70.1346,22.9435],[70.1385,22.9318],[70.1296,22.9235],[70.1182,22.9171],[70.1082,22.9104],[70.0888,22.9076],[70.0762,22.906],[70.0638,22.904],[70.0518,22.9029],[70.039,22.8979],[70.0265,22.8996],[70.0135,22.901],[70.0012,22.8999],[69.9879,22.8999],[69.974,22.8974],[69.9618,22.8951],[69.9479,22.8929],[69.9362,22.8901],[69.9285,22.8807],[69.9185,22.874],[69.9082,22.8676],[69.8954,22.8654],[69.8846,22.8707],[69.8712,22.8718],[69.859,22.8701],[69.8621,22.8585],[69.8538,22.8682],[69.8424,22.8643],[69.8313,22.8596],[69.8201,22.854],[69.8074,22.8524],[69.796,22.8485],[69.786,22.8415],[69.7757,22.8351],[69.7671,22.8265],[69.756,22.8218],[69.7485,22.8124],[69.7451,22.8007],[69.7432,22.7882],[69.734,22.779],[69.7276,22.7688],[69.7199,22.7593],[69.7154,22.7457],[69.7076,22.736],[69.6971,22.7421],[69.6862,22.7476],[69.6762,22.7551],[69.6637,22.756],[69.6657,22.771],[69.661,22.7599],[69.6493,22.7626],[69.6404,22.7707],[69.6374,22.7832],[69.6338,22.7954],[69.636,22.7829],[69.6385,22.771],[69.6285,22.764],[69.6162,22.7674],[69.6054,22.7613],[69.5918,22.7615],[69.5804,22.7654],[69.5687,22.7701],[69.5593,22.7776],[69.5521,22.7882],[69.5401,22.7862],[69.5279,22.7885],[69.516,22.7907],[69.5041,22.7876],[69.4918,22.7874],[69.4837,22.7776],[69.4724,22.7735],[69.4613,22.7785],[69.4493,22.7799],[69.4387,22.7862],[69.4282,22.7924],[69.4182,22.7996],[69.4074,22.8054],[69.3965,22.8107],[69.3849,22.8143],[69.3735,22.8182],[69.3621,22.8221],[69.3485,22.8207],[69.3371,22.8257],[69.326,22.8304],[69.314,22.8326],[69.3007,22.8324],[69.289,22.8282],[69.2765,22.826],[69.2643,22.8254],[69.2529,22.8293],[69.2407,22.8321],[69.2299,22.8376],[69.2135,22.8371],[69.2018,22.8399],[69.1899,22.8418],[69.1793,22.8479],[69.1696,22.8551],[69.159,22.861],[69.1471,22.8662],[69.136,22.871],[69.1254,22.8768],[69.1157,22.8843],[69.1057,22.8915],[69.0957,22.8985],[69.0854,22.9049],[69.0749,22.911],[69.0632,22.9174],[69.0524,22.9235],[69.0415,22.9301],[69.0307,22.9354],[69.0196,22.9415],[69.0082,22.9471],[68.9971,22.9521],[68.986,22.9571],[68.9751,22.9624],[68.9649,22.9701],[68.9538,22.9748],[68.9429,22.9807],[68.9329,22.9874],[68.9218,22.9946],[68.911,23.0001],[68.9021,23.0082],[68.8907,23.0124],[68.8801,23.0182],[68.8701,23.0249],[68.8596,23.031],[68.8487,23.0368],[68.8379,23.0424],[68.8279,23.0493],[68.8179,23.056],[68.8065,23.0613],[68.7957,23.0674],[68.7849,23.0729],[68.7726,23.0765],[68.761,23.0796],[68.7518,23.0874],[68.7435,23.0963],[68.7337,23.1035],[68.7237,23.1104],[68.714,23.1176],[68.704,23.1243],[68.6937,23.1307],[68.6837,23.1374],[68.6726,23.1424],[68.6621,23.1485],[68.6524,23.1557],[68.6438,23.1643],[68.6338,23.171],[68.6454,23.1677],[68.6524,23.1579],[68.6632,23.1513],[68.6726,23.1438],[68.6649,23.1532],[68.6546,23.1596],[68.6488,23.1707],[68.6407,23.1796],[68.6296,23.1854],[68.6199,23.1926],[68.6104,23.2001],[68.6007,23.2074],[68.5912,23.2151],[68.584,23.2249],[68.5876,23.2365],[68.599,23.2404],[68.601,23.2285],[68.6096,23.2185],[68.6229,23.2168],[68.6349,23.2193],[68.6232,23.2235],[68.6126,23.2293],[68.6051,23.2388],[68.6179,23.2426],[68.6299,23.244],[68.6426,23.2457],[68.6474,23.2571],[68.659,23.2612],[68.6687,23.2699],[68.6563,23.2721],[68.6446,23.2685],[68.6354,23.2763],[68.6307,23.2874],[68.6396,23.2957],[68.6526,23.2946],[68.6643,23.2974],[68.6782,23.2999],[68.691,23.304],[68.7046,23.3054],[68.714,23.2971],[68.726,23.296],[68.7326,23.3062],[68.7446,23.3051],[68.7521,23.3146],[68.756,23.326],[68.7507,23.3149],[68.7407,23.3082],[68.7301,23.3021],[68.7179,23.2979],[68.7121,23.3085],[68.6988,23.3138],[68.6876,23.3085],[68.6757,23.3054],[68.6637,23.3032],[68.6604,23.319],[68.6579,23.3071],[68.6474,23.3132],[68.6357,23.3165],[68.6357,23.3288],[68.626,23.336],[68.6365,23.3429],[68.6279,23.3515],[68.6171,23.3574],[68.6118,23.3682],[68.6032,23.3771],[68.604,23.3651],[68.5943,23.3724],[68.586,23.3815],[68.5751,23.3876],[68.5799,23.3765],[68.5676,23.3782],[68.559,23.3868],[68.564,23.3985],[68.5624,23.4112],[68.551,23.4154],[68.541,23.4226],[68.5332,23.4318],[68.5307,23.444],[68.5257,23.4554],[68.5215,23.4668],[68.5188,23.4551],[68.5079,23.4604],[68.5104,23.4724],[68.5001,23.479],[68.5021,23.4913],[68.5126,23.4854],[68.5026,23.4937],[68.504,23.5057],[68.4921,23.5004],[68.4971,23.5115],[68.4954,23.5238],[68.4901,23.5351],[68.486,23.5465],[68.4946,23.5551],[68.4932,23.569],[68.4879,23.5799],[68.4868,23.5929],[68.4921,23.604],[68.4912,23.616],[68.489,23.6279],[68.4929,23.6393],[68.4968,23.6529],[68.5076,23.6588],[68.5193,23.6532],[68.5315,23.6593],[68.5204,23.6543],[68.5185,23.6668],[68.5263,23.6763],[68.5263,23.6885],[68.5382,23.6907],[68.5471,23.6993],[68.5521,23.7104],[68.5599,23.7196],[68.5713,23.7246],[68.5832,23.7293],[68.5954,23.7301],[68.6012,23.7457],[68.6124,23.7504],[68.624,23.7543],[68.6326,23.7629],[68.6387,23.7738],[68.6457,23.7838],[68.6518,23.7943],[68.6599,23.8032],[68.6699,23.8099],[68.6804,23.816],[68.6946,23.8226],[68.7076,23.8249],[68.7201,23.8265],[68.7312,23.8312],[68.7418,23.8371],[68.7301,23.8337],[68.7371,23.8438],[68.7254,23.8468],[68.7324,23.8568],[68.744,23.8604],[68.7518,23.8699],[68.7404,23.8651],[68.729,23.8607],[68.7171,23.8582],[68.7049,23.8582],[68.6929,23.8607],[68.6779,23.8618],[68.6663,23.8585],[68.6593,23.8485],[68.6471,23.8454],[68.6387,23.8365],[68.6254,23.8357],[68.6135,23.8379],[68.6018,23.841],[68.5901,23.8376],[68.5815,23.829],[68.574,23.8196],[68.569,23.8082],[68.5638,23.7968],[68.556,23.7874],[68.549,23.7776],[68.5421,23.7676],[68.5354,23.7576],[68.5263,23.7663],[68.5224,23.7782],[68.5165,23.7904],[68.5243,23.7996],[68.5349,23.806],[68.5229,23.8079],[68.5201,23.8196],[68.5313,23.8276],[68.5421,23.8329],[68.551,23.8412],[68.5554,23.8526],[68.5638,23.8612],[68.5685,23.8732],[68.5768,23.8824],[68.5882,23.8874],[68.5987,23.8935],[68.6082,23.901],[68.6226,23.9013],[68.634,23.8974],[68.6446,23.9032],[68.6532,23.9118],[68.6626,23.9204],[68.6518,23.9149],[68.6429,23.9068],[68.6312,23.904],[68.6196,23.9071],[68.6199,23.9207],[68.6121,23.9299],[68.6021,23.9376],[68.5904,23.9412],[68.5879,23.929],[68.5724,23.9243],[68.5596,23.9238],[68.5526,23.9338],[68.5415,23.9388],[68.5401,23.9524],[68.5465,23.9626],[68.6863,23.9624],[68.7215,23.9622],[68.7492,23.962],[68.7509,24],[68.7596,24.0358],[68.7614,24.1],[68.7618,24.1612],[68.7622,24.191],[68.7631,24.2066],[68.7642,24.236],[68.7641,24.2841],[68.7727,24.2941],[68.7923,24.3],[68.8052,24.3032],[68.8264,24.3084],[68.8317,24.2956],[68.8359,24.2499],[68.8403,24.2282],[68.8477,24.2084],[68.864,24.2052],[68.8753,24.1992],[68.8875,24.1959],[68.9041,24.2092],[68.9128,24.2411],[68.9182,24.2531],[68.9336,24.2686],[68.9472,24.2766],[68.9573,24.2614],[68.9706,24.2375],[68.9815,24.2285],[68.997,24.226],[69.0137,24.2291],[69.0395,24.2421],[69.0701,24.2602],[69.0854,24.2683],[69.1055,24.2661],[69.1183,24.2624],[69.137,24.2533],[69.1483,24.2491],[69.1729,24.2414],[69.19,24.2357],[69.2223,24.2475],[69.2364,24.2518],[69.2677,24.2637],[69.2926,24.2739],[69.3103,24.2767],[69.3308,24.274],[69.3619,24.2662],[69.3822,24.266],[69.3951,24.2687],[69.4116,24.2739],[69.4316,24.2737],[69.4487,24.2694],[69.4682,24.2644],[69.4842,24.2574],[69.498,24.2555],[69.5282,24.259],[69.5519,24.2646],[69.5797,24.2704],[69.6007,24.2778],[69.6129,24.2676],[69.6696,24.2166],[69.6812,24.2051],[69.6931,24.1979],[69.7087,24.1889],[69.7165,24.1796],[69.7284,24.1749],[69.7413,24.1741],[69.7666,24.1717],[69.8253,24.1675],[69.858,24.1664],[69.8703,24.1647],[69.8988,24.1652],[69.9123,24.1642],[69.9787,24.1651],[70,24.1664],[70.0186,24.1698],[70.032,24.1731],[70.0489,24.1835],[70.0593,24.1928],[70.0773,24.2156],[70.0883,24.2352],[70.104,24.2697],[70.1101,24.2849],[70.144,24.298],[70.1909,24.3082],[70.2308,24.3165],[70.2475,24.3212],[70.2707,24.3299],[70.2969,24.3399],[70.3256,24.3474],[70.3576,24.352],[70.3703,24.3535],[70.4596,24.387],[70.4831,24.3908],[70.5316,24.41],[70.5601,24.4186],[70.5749,24.4203],[70.5932,24.4117],[70.6065,24.4036],[70.6084,24.3916],[70.6027,24.3781],[70.5966,24.3676],[70.5864,24.3531],[70.5745,24.3465],[70.5768,24.3274],[70.5812,24.316],[70.5735,24.2982],[70.5878,24.2854],[70.5774,24.2739],[70.5722,24.2592],[70.5843,24.2441],[70.5971,24.2401],[70.6138,24.2394],[70.6336,24.2327],[70.6553,24.2251],[70.6898,24.2233],[70.7258,24.2209],[70.7638,24.2208],[70.791,24.222],[70.8058,24.2227],[70.8337,24.2329],[70.8462,24.243],[70.8656,24.2508],[70.8829,24.2536],[70.9011,24.2627],[70.8891,24.2689],[70.8843,24.2809],[70.8878,24.2936],[70.8997,24.3011],[70.9103,24.3068],[70.9212,24.3148],[70.9329,24.3262],[70.9445,24.334],[70.9565,24.3434],[70.9741,24.3483],[70.9874,24.3558],[70.9984,24.3606],[71.0093,24.3496],[71.0254,24.3451],[71.0472,24.3473],[71.0609,24.3539],[71.0754,24.3684],[71.0869,24.3804],[71.0996,24.3851],[71.1215,24.3907],[71.1318,24.4018],[71.1341,24.4138],[71.1242,24.4277],[71.1101,24.4317],[71.0931,24.4359],[71.0756,24.4336],[71.0286,24.4334],[71.0135,24.4386],[71.0075,24.4666],[71.0117,24.4915],[71.0153,24.5228],[70.9983,24.5413],[71.0034,24.5665],[70.9986,24.5847],[71.0006,24.5992],[71.0102,24.6156],[71.0205,24.6305],[71.0345,24.6351],[71.0461,24.6388],[71.0608,24.6464],[71.073,24.654],[71.085,24.6614],[71.0994,24.674],[71.1133,24.6736],[71.1467,24.658],[71.1716,24.6489],[71.1971,24.6429],[71.2379,24.6285],[71.253,24.6236],[71.2871,24.6127],[71.3075,24.6199],[71.3178,24.6359],[71.3428,24.6482],[71.3567,24.6541],[71.362,24.6416],[71.3677,24.6273],[71.3807,24.6214],[71.3945,24.627],[71.407,24.6347],[71.4223,24.6381],[71.4324,24.6462],[71.4453,24.654],[71.4589,24.6613],[71.4742,24.6632],[71.4883,24.6739],[71.5035,24.6738],[71.5162,24.6763],[71.537,24.6789],[71.5514,24.6706],[71.5684,24.6735],[71.5831,24.6765],[71.5925,24.6656],[71.6049,24.6655],[71.6166,24.6707],[71.6271,24.6619],[71.6406,24.6561],[71.6484,24.6464],[71.6616,24.6333],[71.686,24.6398],[71.7163,24.6543],[71.7373,24.6534],[71.7583,24.6603],[71.7845,24.6689],[71.799,24.6705],[71.8129,24.6609],[71.8174,24.6459],[71.8126,24.6325],[71.8155,24.6183],[71.8386,24.6164],[71.8555,24.6061],[71.8647,24.6196],[71.8626,24.6495],[71.865,24.6629],[71.8765,24.6752],[71.891,24.6701],[71.9042,24.669],[71.9201,24.6674],[71.9241,24.6545],[71.928,24.6338],[71.9395,24.6276],[71.9508,24.6326],[71.9622,24.6385],[71.9791,24.647],[71.9908,24.6514],[71.9899,24.667],[72.0011,24.683],[72.0316,24.6918],[72.0525,24.7058],[72.0796,24.7003],[72.0923,24.6748],[72.0855,24.6587],[72.1019,24.6433]]]]}},{"type":"Feature","properties":{"name":"Haryana","id":"haryana"},"geometry":{"type":"Polygon","coordinates":[[[76.8372,30.8789],[76.8524,30.8707],[76.8696,30.8782],[76.8866,30.8883],[76.9022,30.8972],[76.9158,30.8693],[76.9266,30.8544],[76.9275,30.8374],[76.9428,30.8292],[76.9538,30.8112],[76.9686,30.808],[76.9791,30.7988],[76.9848,30.8105],[76.9958,30.8167],[76.9997,30.8049],[77,30.789],[76.991,30.7807],[76.9988,30.7692],[77.0047,30.7574],[77.0094,30.7457],[77.024,30.7416],[77.0337,30.7554],[77.0471,30.7487],[77.0617,30.7461],[77.0768,30.7448],[77.0911,30.7362],[77.1023,30.7308],[77.1174,30.7179],[77.1251,30.7071],[77.1404,30.6976],[77.1518,30.6905],[77.1539,30.6769],[77.1526,30.6588],[77.1604,30.6424],[77.1586,30.6138],[77.1575,30.5996],[77.1469,30.589],[77.1327,30.5785],[77.1206,30.5712],[77.1165,30.5574],[77.1311,30.5415],[77.1455,30.5378],[77.1637,30.5341],[77.1853,30.5259],[77.1959,30.5118],[77.1996,30.4991],[77.199,30.4845],[77.2119,30.4819],[77.2268,30.4886],[77.2419,30.4854],[77.2566,30.4814],[77.2636,30.4667],[77.2824,30.4619],[77.3007,30.4566],[77.3168,30.4576],[77.3327,30.4642],[77.3461,30.4619],[77.3535,30.4486],[77.3697,30.4458],[77.3819,30.4393],[77.3941,30.4343],[77.3955,30.4209],[77.4076,30.4279],[77.4262,30.4411],[77.4356,30.451],[77.4457,30.4657],[77.4563,30.4582],[77.4543,30.4461],[77.442,30.4299],[77.4257,30.42],[77.4159,30.4128],[77.4304,30.4075],[77.443,30.4046],[77.461,30.4054],[77.4775,30.4133],[77.4913,30.4174],[77.4929,30.433],[77.5012,30.4437],[77.5144,30.4394],[77.5258,30.4171],[77.5356,30.4091],[77.5429,30.3972],[77.5579,30.3904],[77.5749,30.3845],[77.5901,30.3773],[77.5828,30.3584],[77.5746,30.347],[77.5701,30.3316],[77.5739,30.3189],[77.5636,30.3061],[77.5453,30.2941],[77.5322,30.2869],[77.5225,30.2662],[77.5055,30.2422],[77.496,30.2336],[77.4885,30.2187],[77.48,30.2022],[77.4733,30.1886],[77.4602,30.1838],[77.4515,30.1736],[77.4403,30.1692],[77.4235,30.1685],[77.4153,30.1567],[77.4149,30.1435],[77.4126,30.1277],[77.398,30.1187],[77.4101,30.1111],[77.3967,30.0958],[77.3803,30.093],[77.357,30.0842],[77.3372,30.0682],[77.3248,30.0618],[77.3029,30.0606],[77.2861,30.0575],[77.2763,30.0505],[77.2731,30.034],[77.2676,30.0221],[77.2619,30.0073],[77.2551,29.996],[77.2355,29.9812],[77.2319,29.9663],[77.2237,29.9548],[77.2111,29.9407],[77.2026,29.9311],[77.1891,29.922],[77.1802,29.9062],[77.1849,29.8949],[77.1823,29.8816],[77.1801,29.8691],[77.1676,29.8464],[77.169,29.8296],[77.1556,29.8168],[77.1517,29.8035],[77.1422,29.7876],[77.132,29.779],[77.1183,29.7756],[77.1179,29.7604],[77.113,29.7486],[77.1226,29.736],[77.1402,29.7173],[77.1426,29.7016],[77.1255,29.6969],[77.1192,29.6858],[77.1311,29.6663],[77.1218,29.6535],[77.1097,29.6472],[77.1049,29.6356],[77.1005,29.6223],[77.0922,29.6087],[77.0868,29.5965],[77.102,29.577],[77.1097,29.553],[77.0953,29.5476],[77.0862,29.5395],[77.0976,29.512],[77.1145,29.5032],[77.1233,29.4861],[77.1154,29.4754],[77.1143,29.4619],[77.1241,29.4529],[77.1377,29.4466],[77.1358,29.4322],[77.1249,29.4222],[77.1291,29.4025],[77.1401,29.3947],[77.1311,29.3807],[77.1169,29.3767],[77.1188,29.362],[77.12,29.3498],[77.1464,29.3451],[77.1539,29.3355],[77.1536,29.3223],[77.1423,29.3015],[77.1376,29.2875],[77.1295,29.2728],[77.1425,29.2516],[77.1428,29.2378],[77.1272,29.2281],[77.1326,29.2131],[77.1381,29.2011],[77.14,29.1821],[77.1324,29.1718],[77.1266,29.154],[77.1386,29.1348],[77.1244,29.1135],[77.1318,29.0946],[77.1416,29.0868],[77.1572,29.0775],[77.1623,29.0654],[77.1616,29.0524],[77.1765,29.0365],[77.1916,29.0213],[77.2038,29.0167],[77.214,29.0067],[77.2079,28.9911],[77.191,28.9617],[77.1908,28.9469],[77.2044,28.94],[77.1968,28.9209],[77.216,28.9114],[77.2053,28.8946],[77.1818,28.8898],[77.1832,28.8718],[77.1646,28.8606],[77.1507,28.8484],[77.1392,28.8417],[77.1351,28.8585],[77.1097,28.8661],[77.0834,28.8746],[77.0759,28.8845],[77.0657,28.873],[77.0498,28.8732],[77.0377,28.8528],[77.0315,28.8368],[77.0188,28.8371],[77.0066,28.8353],[76.9897,28.8392],[76.9737,28.8258],[76.9608,28.8317],[76.9558,28.82],[76.9423,28.8207],[76.9374,28.8092],[76.9431,28.7951],[76.944,28.7785],[76.9382,28.7596],[76.9474,28.7511],[76.9507,28.7365],[76.9413,28.717],[76.951,28.7098],[76.95,28.6941],[76.9473,28.6772],[76.9297,28.6744],[76.9175,28.6573],[76.9339,28.6376],[76.9237,28.6287],[76.9103,28.6378],[76.8973,28.6328],[76.8779,28.6376],[76.8609,28.6025],[76.8502,28.5901],[76.835,28.5914],[76.8376,28.557],[76.8567,28.5478],[76.8763,28.5284],[76.8738,28.5144],[76.8868,28.5112],[76.8975,28.5178],[76.9227,28.5193],[76.9446,28.5136],[76.9685,28.5276],[76.9903,28.5198],[77.0055,28.5144],[77.005,28.5287],[76.9959,28.5369],[77.0157,28.5333],[77.0331,28.5283],[77.0417,28.519],[77.057,28.5139],[77.0675,28.5207],[77.086,28.5109],[77.1035,28.4975],[77.1033,28.4831],[77.1027,28.4704],[77.1087,28.4574],[77.1183,28.4424],[77.1314,28.4387],[77.1519,28.4283],[77.1658,28.4085],[77.1795,28.4124],[77.1952,28.4125],[77.2153,28.4157],[77.2406,28.4289],[77.2443,28.4417],[77.2399,28.4536],[77.2264,28.4603],[77.2324,28.4758],[77.2427,28.4846],[77.2601,28.4884],[77.2711,28.497],[77.2858,28.4963],[77.3009,28.4901],[77.3149,28.4946],[77.3267,28.5035],[77.3377,28.509],[77.3605,28.4979],[77.3641,28.4857],[77.376,28.4762],[77.3882,28.4728],[77.4,28.4667],[77.4083,28.4556],[77.4258,28.4545],[77.436,28.4316],[77.4515,28.4249],[77.4687,28.4175],[77.4739,28.4038],[77.4859,28.3797],[77.4942,28.3583],[77.4852,28.3502],[77.4664,28.3412],[77.4736,28.3279],[77.4958,28.307],[77.4948,28.2926],[77.4927,28.2806],[77.4723,28.2812],[77.4673,28.2697],[77.4871,28.2618],[77.5021,28.2578],[77.525,28.2534],[77.5388,28.2544],[77.5356,28.2405],[77.5156,28.2298],[77.5216,28.2174],[77.5191,28.2018],[77.4976,28.213],[77.4906,28.1931],[77.5015,28.1872],[77.5208,28.1917],[77.5379,28.1909],[77.5318,28.1703],[77.5116,28.1649],[77.4989,28.163],[77.4953,28.1458],[77.4996,28.1274],[77.4914,28.1127],[77.4923,28.098],[77.4828,28.1079],[77.4689,28.086],[77.4768,28.0733],[77.4829,28.0607],[77.4776,28.0491],[77.4897,28.0393],[77.5018,28.0274],[77.5094,28.0177],[77.5201,28.0065],[77.5352,27.9933],[77.5267,27.984],[77.5134,27.9774],[77.515,27.9655],[77.529,27.9662],[77.5361,27.9493],[77.5192,27.9319],[77.5059,27.9361],[77.4923,27.9318],[77.4847,27.9439],[77.4687,27.9329],[77.4709,27.9206],[77.4725,27.9012],[77.4585,27.8853],[77.4458,27.8784],[77.4303,27.8888],[77.4142,27.8965],[77.4041,27.8866],[77.4051,27.8717],[77.4137,27.8626],[77.3928,27.8589],[77.3739,27.8637],[77.3526,27.8564],[77.3393,27.8596],[77.3292,27.852],[77.3241,27.8409],[77.3129,27.8301],[77.2992,27.8314],[77.2906,27.8197],[77.2793,27.812],[77.2625,27.8161],[77.257,27.8053],[77.2479,27.7938],[77.2346,27.7858],[77.2269,27.7961],[77.2068,27.8011],[77.2021,27.8126],[77.1938,27.8219],[77.1866,27.8105],[77.1889,27.7984],[77.1756,27.7872],[77.1622,27.7906],[77.1692,27.8006],[77.1807,27.8087],[77.1611,27.8132],[77.1535,27.8024],[77.1473,27.7867],[77.1354,27.784],[77.1252,27.7769],[77.12,27.7895],[77.1075,27.7867],[77.0936,27.7897],[77.0802,27.8004],[77.0685,27.8116],[77.0563,27.8115],[77.0451,27.817],[77.0304,27.8114],[77.024,27.7982],[77.0198,27.7803],[77.0394,27.7749],[77.0501,27.761],[77.0618,27.7657],[77.0712,27.7519],[77.0794,27.7402],[77.0657,27.7324],[77.0532,27.7279],[77.0427,27.7359],[77.032,27.7484],[77.0168,27.7478],[77.005,27.7391],[76.9914,27.7364],[76.9828,27.7185],[76.9791,27.7062],[76.9761,27.6929],[76.9731,27.6804],[76.9703,27.6655],[76.9515,27.6663],[76.9384,27.6737],[76.9268,27.6654],[76.9138,27.6596],[76.9005,27.6634],[76.8932,27.6769],[76.8947,27.6897],[76.8831,27.6955],[76.9003,27.6946],[76.9146,27.7008],[76.9083,27.7121],[76.8954,27.7185],[76.8833,27.7244],[76.8879,27.7372],[76.8914,27.7612],[76.8936,27.7793],[76.8987,27.7911],[76.9066,27.8077],[76.9004,27.8211],[76.9038,27.8327],[76.9219,27.8318],[76.9281,27.844],[76.9283,27.8671],[76.9261,27.8884],[76.9382,27.896],[76.9388,27.919],[76.9213,27.9211],[76.9191,27.9408],[76.9195,27.9528],[76.9228,27.9658],[76.9249,27.9784],[76.9186,27.9976],[76.9266,28.0125],[76.9307,28.0305],[76.9336,28.0481],[76.938,28.0596],[76.9466,28.0713],[76.9511,28.0961],[76.9555,28.1117],[76.9558,28.1237],[76.9618,28.144],[76.9417,28.1487],[76.9275,28.1589],[76.912,28.1719],[76.8991,28.1793],[76.8901,28.1878],[76.8998,28.2048],[76.8867,28.2105],[76.8662,28.2115],[76.8636,28.2246],[76.8505,28.2267],[76.8334,28.2248],[76.8238,28.2147],[76.8058,28.2159],[76.8056,28.2004],[76.7931,28.1983],[76.7923,28.1829],[76.7961,28.1705],[76.7915,28.1572],[76.7729,28.1514],[76.7551,28.1466],[76.7391,28.129],[76.72,28.1315],[76.7054,28.1277],[76.6988,28.1157],[76.6856,28.1069],[76.6639,28.0979],[76.6512,28.0968],[76.647,28.0851],[76.6479,28.0677],[76.6516,28.0555],[76.6534,28.0399],[76.6615,28.0293],[76.6546,28.0156],[76.6369,28.0107],[76.616,28.0113],[76.6039,28.0108],[76.5918,28.0037],[76.5773,27.9949],[76.5675,27.9836],[76.5534,27.975],[76.5382,27.9705],[76.5319,27.9857],[76.5364,28.0047],[76.5386,28.0167],[76.5385,28.0391],[76.5259,28.0454],[76.5114,28.0354],[76.4985,28.0402],[76.4831,28.0463],[76.4617,28.0446],[76.454,28.0551],[76.4713,28.0611],[76.4838,28.0583],[76.4977,28.0647],[76.4859,28.0751],[76.4699,28.0863],[76.4534,28.0878],[76.4539,28.1059],[76.4662,28.113],[76.4773,28.106],[76.4978,28.1066],[76.4981,28.1225],[76.4857,28.1281],[76.4732,28.1357],[76.4723,28.1496],[76.456,28.1514],[76.4371,28.1522],[76.4122,28.1475],[76.397,28.1478],[76.384,28.1399],[76.3598,28.1434],[76.356,28.1598],[76.3426,28.1739],[76.326,28.1774],[76.3087,28.1834],[76.2889,28.1827],[76.2768,28.1728],[76.293,28.1653],[76.3016,28.151],[76.3173,28.1531],[76.331,28.139],[76.3432,28.1328],[76.3556,28.1285],[76.3435,28.1132],[76.3319,28.1067],[76.3142,28.1121],[76.3013,28.1062],[76.3134,28.0947],[76.3288,28.0878],[76.3373,28.0731],[76.3505,28.0758],[76.3459,28.0458],[76.3368,28.0297],[76.3237,28.0238],[76.2972,28.026],[76.2881,28.042],[76.282,28.0589],[76.2718,28.0664],[76.2511,28.0709],[76.2334,28.0564],[76.2083,28.0556],[76.1928,28.0598],[76.1773,28.0593],[76.1832,28.043],[76.1934,28.0352],[76.2042,28.0422],[76.2138,28.0317],[76.2004,28.0257],[76.1839,28.0235],[76.1694,28.0169],[76.1587,28.0046],[76.1539,27.9925],[76.161,27.9801],[76.1742,27.9752],[76.1763,27.9611],[76.1764,27.9483],[76.1704,27.9333],[76.1661,27.921],[76.1752,27.9071],[76.191,27.9027],[76.2001,27.8923],[76.1903,27.8816],[76.1914,27.8694],[76.199,27.8597],[76.2059,27.848],[76.2233,27.8409],[76.2138,27.8326],[76.2005,27.8289],[76.1862,27.819],[76.1729,27.8075],[76.1628,27.8148],[76.1427,27.8278],[76.1278,27.8332],[76.1285,27.8469],[76.1126,27.8586],[76.0958,27.8648],[76.0848,27.8564],[76.06,27.8572],[76.0496,27.8479],[76.0384,27.8525],[76.0208,27.8575],[76.0093,27.8626],[75.9966,27.8602],[75.9843,27.8629],[75.9631,27.8647],[75.9735,27.8775],[75.9752,27.8931],[75.9774,27.9093],[75.9559,27.9195],[75.9417,27.9191],[75.9288,27.9168],[75.9236,27.9331],[75.9385,27.9511],[75.9446,27.9401],[75.9632,27.937],[75.9732,27.958],[75.9818,27.9783],[75.9657,27.9866],[75.9553,27.9942],[75.9645,28.0027],[75.9799,28.0015],[75.9905,28.0102],[75.9792,28.0155],[75.97,28.0309],[75.9805,28.0387],[76.0101,28.0367],[76.01,28.0499],[76.0223,28.0623],[76.0331,28.0687],[76.0312,28.0839],[76.0156,28.0889],[76.0124,28.0764],[76.0019,28.0607],[75.9846,28.0507],[75.9876,28.0706],[75.9771,28.0842],[75.959,28.0841],[75.9361,28.0935],[75.9425,28.1056],[75.9575,28.1156],[75.9771,28.1272],[75.9911,28.1282],[75.9947,28.1506],[76.006,28.1566],[76.0277,28.1727],[76.0607,28.17],[76.0654,28.1556],[76.0749,28.142],[76.0879,28.1435],[76.0929,28.1552],[76.0804,28.1681],[76.0716,28.1792],[76.0693,28.1943],[76.0567,28.2012],[76.0438,28.2055],[76.0523,28.2144],[76.0363,28.2271],[76.0258,28.2359],[76.0112,28.2418],[76.0074,28.2532],[76.0187,28.281],[75.9912,28.2952],[75.9793,28.3063],[75.9676,28.3241],[75.9547,28.3185],[75.9514,28.3335],[75.9274,28.3451],[75.925,28.3647],[75.9047,28.3761],[75.8969,28.39],[75.8835,28.392],[75.8412,28.3973],[75.8282,28.4091],[75.8026,28.4142],[75.7876,28.4044],[75.7703,28.4076],[75.7654,28.4208],[75.7768,28.4305],[75.7851,28.4392],[75.7782,28.4576],[75.7471,28.4694],[75.735,28.4726],[75.7365,28.4872],[75.724,28.4913],[75.7007,28.4953],[75.6711,28.5169],[75.6655,28.5333],[75.6536,28.5406],[75.6367,28.5475],[75.6253,28.5585],[75.619,28.5887],[75.618,28.6022],[75.585,28.6064],[75.577,28.6167],[75.5557,28.6146],[75.549,28.6431],[75.5407,28.6553],[75.5398,28.676],[75.5355,28.6884],[75.5315,28.7173],[75.5309,28.7328],[75.5289,28.7503],[75.5161,28.7722],[75.505,28.7828],[75.5039,28.7967],[75.5031,28.8093],[75.5134,28.8366],[75.5027,28.846],[75.488,28.8596],[75.4884,28.8983],[75.4671,28.9263],[75.4976,28.9415],[75.5029,28.9615],[75.5165,28.9754],[75.5153,28.9911],[75.5111,29.0033],[75.5051,29.0152],[75.4836,29.0189],[75.4587,29.0202],[75.4347,29.0165],[75.4406,29.0415],[75.4298,29.0562],[75.3903,29.0682],[75.3822,29.0836],[75.3813,29.1026],[75.3913,29.1193],[75.3851,29.1342],[75.3612,29.1426],[75.369,29.17],[75.3886,29.1707],[75.4007,29.1889],[75.3999,29.2015],[75.3965,29.2134],[75.3861,29.2212],[75.3937,29.2342],[75.3997,29.2468],[75.3957,29.2619],[75.3795,29.2639],[75.358,29.2546],[75.3472,29.2301],[75.3345,29.2288],[75.3149,29.236],[75.3232,29.2518],[75.3254,29.2783],[75.3193,29.2934],[75.2997,29.282],[75.2794,29.2768],[75.2717,29.2544],[75.2495,29.2565],[75.2352,29.2519],[75.2235,29.235],[75.1953,29.2442],[75.1885,29.2586],[75.18,29.2686],[75.164,29.2644],[75.1475,29.2458],[75.1247,29.245],[75.1082,29.2268],[75.0925,29.2291],[75.0781,29.2325],[75.0627,29.2389],[75.0606,29.2533],[75.0509,29.2637],[75.0399,29.2871],[75.0239,29.2915],[75.0059,29.2838],[74.991,29.2717],[74.9769,29.2811],[74.96,29.2802],[74.9475,29.2882],[74.9401,29.3048],[74.9506,29.3185],[74.9461,29.3328],[74.9271,29.3646],[74.9102,29.3712],[74.8991,29.3782],[74.8885,29.3867],[74.8706,29.3851],[74.8639,29.3964],[74.8495,29.4028],[74.8351,29.4015],[74.8095,29.3985],[74.7988,29.3847],[74.7858,29.3705],[74.7759,29.3602],[74.7566,29.356],[74.7317,29.3538],[74.7169,29.3664],[74.6887,29.3652],[74.676,29.3682],[74.6585,29.37],[74.6437,29.3544],[74.6441,29.3353],[74.606,29.3276],[74.6,29.3543],[74.5905,29.3707],[74.5798,29.3787],[74.5691,29.3973],[74.5644,29.4108],[74.5522,29.4224],[74.5313,29.425],[74.5291,29.4495],[74.5346,29.465],[74.5504,29.4645],[74.5717,29.4623],[74.5855,29.469],[74.5916,29.4799],[74.5927,29.4921],[74.6007,29.5035],[74.6117,29.52],[74.5995,29.5369],[74.5818,29.5477],[74.5717,29.5556],[74.5706,29.5685],[74.5703,29.5859],[74.5747,29.6144],[74.5754,29.6273],[74.586,29.6353],[74.5785,29.6548],[74.5851,29.675],[74.5939,29.6914],[74.599,29.7062],[74.6035,29.7214],[74.6016,29.7407],[74.6054,29.7529],[74.5925,29.7667],[74.5782,29.767],[74.5714,29.7532],[74.5493,29.7548],[74.5319,29.7493],[74.5116,29.7407],[74.4968,29.7418],[74.4832,29.744],[74.4691,29.7582],[74.4653,29.7875],[74.4706,29.802],[74.4806,29.8153],[74.4917,29.8265],[74.5059,29.8326],[74.5325,29.8393],[74.5475,29.8569],[74.5518,29.8735],[74.5435,29.8887],[74.5337,29.9026],[74.5109,29.9043],[74.5128,29.93],[74.5191,29.9433],[74.549,29.9332],[74.5618,29.9293],[74.5808,29.9183],[74.622,29.9078],[74.6396,29.9039],[74.6399,29.9225],[74.6489,29.9309],[74.6657,29.9417],[74.681,29.9492],[74.6832,29.9611],[74.6955,29.9715],[74.724,29.9619],[74.7372,29.969],[74.7507,29.9712],[74.7674,29.9727],[74.7842,29.9804],[74.7944,29.9896],[74.809,29.9905],[74.8197,29.9795],[74.829,29.9695],[74.8496,29.9591],[74.8657,29.9589],[74.8774,29.9626],[74.8898,29.959],[74.8931,29.9473],[74.9157,29.9492],[74.9286,29.9292],[74.9357,29.9154],[74.9432,29.9025],[74.9579,29.8977],[74.9699,29.8899],[74.9899,29.8565],[75.0057,29.8676],[75.0235,29.8729],[75.0375,29.8818],[75.0518,29.8749],[75.0655,29.879],[75.07,29.8934],[75.0777,29.9123],[75.0898,29.9117],[75.1027,29.897],[75.1031,29.8768],[75.0847,29.8586],[75.0857,29.8448],[75.099,29.8414],[75.1071,29.8265],[75.0933,29.8193],[75.0902,29.8067],[75.1023,29.8026],[75.1249,29.8056],[75.1314,29.7849],[75.1417,29.777],[75.1541,29.781],[75.1489,29.7961],[75.1554,29.8198],[75.167,29.825],[75.176,29.8351],[75.1886,29.8346],[75.2009,29.83],[75.1978,29.8134],[75.198,29.7962],[75.2124,29.7865],[75.2167,29.7715],[75.2273,29.7561],[75.2214,29.7331],[75.2062,29.7353],[75.1937,29.7252],[75.1872,29.7119],[75.1924,29.6995],[75.1953,29.6878],[75.1799,29.6783],[75.1678,29.6733],[75.1578,29.6627],[75.1685,29.6542],[75.1724,29.6386],[75.1847,29.6225],[75.1994,29.6227],[75.2212,29.6066],[75.2194,29.5925],[75.2112,29.5824],[75.2218,29.5703],[75.2282,29.5586],[75.2235,29.5462],[75.2381,29.5515],[75.2545,29.5542],[75.2675,29.5593],[75.2906,29.5618],[75.303,29.5791],[75.302,29.592],[75.2803,29.6033],[75.2879,29.6198],[75.3011,29.6271],[75.3117,29.6488],[75.3162,29.6608],[75.3226,29.6724],[75.3415,29.6621],[75.3338,29.6881],[75.3527,29.7045],[75.3619,29.7129],[75.3788,29.7113],[75.3822,29.7271],[75.3909,29.7386],[75.3972,29.761],[75.41,29.7753],[75.4272,29.7779],[75.4438,29.7862],[75.4355,29.7988],[75.4443,29.8078],[75.4984,29.7778],[75.5117,29.76],[75.524,29.7672],[75.5442,29.7718],[75.5564,29.7658],[75.5631,29.7442],[75.5927,29.7492],[75.6132,29.7465],[75.6235,29.7669],[75.6409,29.7711],[75.6564,29.7761],[75.6783,29.7571],[75.6974,29.7552],[75.7059,29.8086],[75.726,29.8115],[75.7484,29.8121],[75.7606,29.8187],[75.7716,29.8254],[75.7832,29.8153],[75.7961,29.8071],[75.82,29.8154],[75.8293,29.8007],[75.8412,29.7808],[75.8546,29.7697],[75.8638,29.7523],[75.8793,29.7471],[75.8907,29.7532],[75.9031,29.7463],[75.9139,29.7388],[75.9289,29.7337],[75.9424,29.7343],[75.9575,29.7321],[75.9705,29.7321],[75.9893,29.7423],[76.0038,29.7509],[76.0176,29.7561],[76.0317,29.7509],[76.0584,29.7731],[76.0743,29.7812],[76.0756,29.797],[76.0861,29.8099],[76.1032,29.8084],[76.1164,29.7964],[76.1272,29.8054],[76.1393,29.8168],[76.1531,29.8163],[76.1667,29.8183],[76.1858,29.8312],[76.1942,29.845],[76.2096,29.8427],[76.2158,29.8547],[76.2285,29.8545],[76.238,29.8655],[76.2325,29.8813],[76.2169,29.8839],[76.1974,29.884],[76.1846,29.8886],[76.1836,29.9157],[76.1715,29.9232],[76.1696,29.9366],[76.1789,29.9463],[76.1909,29.9445],[76.2039,29.9441],[76.1947,29.9657],[76.1975,29.9798],[76.193,29.9966],[76.1898,30.0084],[76.1958,30.0201],[76.2095,30.0227],[76.2011,30.0337],[76.2056,30.0463],[76.2133,30.0563],[76.2204,30.0667],[76.2275,30.0771],[76.2352,30.0872],[76.2446,30.0961],[76.255,30.1046],[76.2424,30.1082],[76.2287,30.1093],[76.2171,30.1161],[76.2079,30.125],[76.1963,30.1313],[76.2101,30.1336],[76.2071,30.1455],[76.2024,30.1567],[76.214,30.153],[76.2234,30.1434],[76.2338,30.1356],[76.243,30.1275],[76.2655,30.1177],[76.2798,30.1137],[76.2931,30.1186],[76.3128,30.1085],[76.3284,30.1095],[76.3489,30.1277],[76.3357,30.1393],[76.3259,30.1492],[76.3431,30.1534],[76.3582,30.1333],[76.3747,30.1237],[76.39,30.1275],[76.3846,30.1458],[76.3995,30.1552],[76.3886,30.1741],[76.3867,30.187],[76.3988,30.199],[76.42,30.1979],[76.4286,30.1798],[76.4264,30.1676],[76.4249,30.1546],[76.4314,30.1407],[76.4465,30.1371],[76.4445,30.1229],[76.4491,30.1048],[76.4616,30.099],[76.4835,30.0996],[76.4952,30.0924],[76.5011,30.0766],[76.5255,30.0809],[76.5549,30.0988],[76.5677,30.0951],[76.5788,30.0878],[76.5768,30.0751],[76.5895,30.0793],[76.6029,30.0813],[76.6124,30.0902],[76.6252,30.1018],[76.6266,30.114],[76.6287,30.1302],[76.6231,30.1447],[76.6227,30.1703],[76.6393,30.1852],[76.6389,30.2059],[76.6168,30.2111],[76.6043,30.2152],[76.6119,30.2256],[76.5994,30.2403],[76.5903,30.2541],[76.5759,30.2559],[76.5477,30.2344],[76.5325,30.2271],[76.5422,30.2364],[76.5469,30.2495],[76.5476,30.2649],[76.5809,30.2699],[76.6045,30.2723],[76.6197,30.2878],[76.6513,30.2993],[76.6731,30.3128],[76.6746,30.326],[76.6885,30.326],[76.7003,30.3299],[76.7152,30.3329],[76.7239,30.3444],[76.7346,30.3539],[76.7304,30.3674],[76.7114,30.3651],[76.7181,30.3771],[76.7049,30.3808],[76.7001,30.3936],[76.7129,30.3982],[76.7265,30.405],[76.7252,30.4204],[76.7379,30.4249],[76.7544,30.4328],[76.7667,30.436],[76.7708,30.4183],[76.7973,30.4151],[76.8231,30.4225],[76.8325,30.4339],[76.8397,30.4207],[76.8647,30.4088],[76.8662,30.3948],[76.8802,30.3862],[76.8757,30.3695],[76.8872,30.3584],[76.9035,30.3675],[76.917,30.3828],[76.9303,30.3926],[76.9195,30.403],[76.9052,30.4047],[76.9037,30.4182],[76.8899,30.4367],[76.8907,30.4511],[76.898,30.4678],[76.8898,30.4793],[76.9011,30.4888],[76.9124,30.4937],[76.9183,30.5072],[76.9201,30.5247],[76.9072,30.5299],[76.8878,30.5382],[76.9022,30.551],[76.8989,30.564],[76.9039,30.5752],[76.8986,30.5884],[76.9134,30.5997],[76.9015,30.6084],[76.8945,30.6233],[76.8806,30.6331],[76.868,30.6416],[76.859,30.6516],[76.8631,30.6715],[76.8498,30.6649],[76.8399,30.6568],[76.8301,30.6649],[76.8188,30.6606],[76.8184,30.673],[76.8198,30.6858],[76.8283,30.7059],[76.8344,30.7244],[76.8227,30.7401],[76.8282,30.7638],[76.8468,30.7925],[76.8335,30.8046],[76.8321,30.8254],[76.8189,30.8371],[76.8066,30.8403],[76.7849,30.8613],[76.7733,30.8712],[76.7625,30.8934],[76.7699,30.9064],[76.7988,30.9246],[76.8102,30.9304],[76.8098,30.9068],[76.8158,30.896],[76.8372,30.8789]]]}},{"type":"Feature","properties":{"name":"Himachal Pradesh","id":"himachal-pradesh"},"geometry":{"type":"Polygon","coordinates":[[[76.8028,33.2367],[76.8139,33.2474],[76.8272,33.2467],[76.8179,33.2311],[76.8111,33.2155],[76.8186,33.2056],[76.8033,33.1939],[76.8004,33.1778],[76.8014,33.1615],[76.8095,33.1486],[76.823,33.1413],[76.8374,33.1264],[76.8444,33.1123],[76.8604,33.1164],[76.8772,33.1142],[76.8848,33.0974],[76.8909,33.0846],[76.8969,33.071],[76.9102,33.0502],[76.9146,33.0388],[76.9241,33.029],[76.9483,33.0185],[76.9621,33.0139],[76.9808,33.0015],[76.9915,32.9929],[77.0112,32.9932],[77.0244,32.997],[77.0524,32.9909],[77.0659,32.9855],[77.0749,32.9734],[77.0971,32.9776],[77.1124,32.9841],[77.1275,32.9838],[77.1359,32.9744],[77.1353,32.9609],[77.1461,32.9428],[77.1507,32.9202],[77.1637,32.9251],[77.1818,32.9155],[77.2045,32.9064],[77.218,32.8973],[77.2293,32.8868],[77.2363,32.8723],[77.2476,32.8649],[77.2583,32.8764],[77.2701,32.8664],[77.2813,32.8557],[77.298,32.854],[77.3125,32.8463],[77.3165,32.8298],[77.3279,32.8199],[77.3405,32.8205],[77.3565,32.8253],[77.3596,32.8382],[77.3598,32.8516],[77.3631,32.8635],[77.3794,32.8808],[77.3954,32.8873],[77.4101,32.8782],[77.4257,32.8837],[77.4322,32.8704],[77.4483,32.8617],[77.4732,32.8788],[77.4846,32.8865],[77.5062,32.8831],[77.5196,32.8874],[77.5353,32.9023],[77.5447,32.9117],[77.5696,32.9217],[77.5797,32.9317],[77.5839,32.9438],[77.6061,32.9424],[77.6234,32.9445],[77.6385,32.9561],[77.6533,32.9594],[77.6631,32.9759],[77.6709,32.9863],[77.6795,32.9778],[77.695,32.9778],[77.7037,32.9661],[77.7231,32.9644],[77.7341,32.9503],[77.7472,32.9422],[77.7596,32.9274],[77.778,32.9158],[77.7902,32.9054],[77.787,32.8917],[77.7727,32.8909],[77.766,32.8803],[77.7614,32.8648],[77.7758,32.8547],[77.7877,32.8498],[77.8082,32.836],[77.8251,32.8399],[77.8476,32.8284],[77.8613,32.8162],[77.869,32.8004],[77.8722,32.7863],[77.8809,32.7754],[77.8995,32.7753],[77.9123,32.7672],[77.9172,32.7519],[77.9118,32.7365],[77.9094,32.7214],[77.9057,32.7036],[77.911,32.6882],[77.9202,32.6795],[77.9262,32.6668],[77.9323,32.6562],[77.9465,32.6427],[77.9542,32.626],[77.9622,32.6138],[77.975,32.5964],[77.9826,32.5865],[78.0174,32.587],[78.0358,32.5919],[78.0415,32.6053],[78.0344,32.6157],[78.0324,32.6284],[78.059,32.6246],[78.0729,32.6444],[78.0885,32.6598],[78.107,32.6497],[78.1215,32.6423],[78.1307,32.6601],[78.1444,32.6766],[78.1584,32.6791],[78.1705,32.6772],[78.184,32.6639],[78.2016,32.6652],[78.225,32.6756],[78.2366,32.6947],[78.2591,32.7029],[78.2727,32.7029],[78.2849,32.7068],[78.2957,32.7128],[78.2981,32.7248],[78.2877,32.7378],[78.3139,32.749],[78.3447,32.7634],[78.3643,32.763],[78.3707,32.7458],[78.3712,32.7337],[78.3778,32.7193],[78.3676,32.6995],[78.3637,32.6855],[78.3632,32.672],[78.3709,32.6382],[78.3888,32.6232],[78.3771,32.6149],[78.3406,32.5931],[78.3318,32.5849],[78.318,32.5802],[78.3024,32.5787],[78.2992,32.5293],[78.2785,32.5079],[78.3062,32.4777],[78.3564,32.5127],[78.3767,32.5261],[78.3944,32.5285],[78.4014,32.5182],[78.415,32.511],[78.4317,32.5103],[78.4406,32.5005],[78.4487,32.4901],[78.4416,32.4777],[78.4358,32.4661],[78.4415,32.4547],[78.4547,32.4506],[78.4661,32.4452],[78.473,32.4329],[78.4837,32.425],[78.5026,32.4262],[78.5145,32.4219],[78.505,32.4029],[78.4959,32.3908],[78.494,32.3773],[78.485,32.3677],[78.468,32.358],[78.4613,32.343],[78.4647,32.3206],[78.467,32.2919],[78.4643,32.2778],[78.4565,32.2678],[78.4484,32.2582],[78.4394,32.2483],[78.4591,32.2454],[78.4776,32.2439],[78.5015,32.2457],[78.5139,32.2494],[78.5357,32.2498],[78.5622,32.2373],[78.5739,32.2313],[78.5929,32.2187],[78.5911,32.2039],[78.5942,32.1885],[78.5895,32.174],[78.578,32.1655],[78.5883,32.1474],[78.5942,32.1357],[78.5963,32.1234],[78.6102,32.1178],[78.6286,32.115],[78.6479,32.1071],[78.6511,32.0933],[78.6574,32.0813],[78.6744,32.0693],[78.6848,32.0586],[78.6901,32.0457],[78.7052,32.0337],[78.7169,32.0252],[78.7259,32.0163],[78.7371,32.0041],[78.7506,32.0036],[78.7684,31.9999],[78.7611,31.9638],[78.7561,31.9503],[78.7503,31.9347],[78.7403,31.92],[78.7324,31.9096],[78.7284,31.89],[78.724,31.8752],[78.7234,31.847],[78.7205,31.8353],[78.7038,31.8268],[78.6947,31.8172],[78.6912,31.7969],[78.6943,31.7838],[78.7018,31.7736],[78.7138,31.7674],[78.724,31.7601],[78.7151,31.7503],[78.7141,31.738],[78.7231,31.7254],[78.7286,31.7024],[78.7352,31.6915],[78.7475,31.6851],[78.7648,31.6862],[78.7796,31.6898],[78.7807,31.6756],[78.7842,31.6613],[78.7924,31.6522],[78.8089,31.6399],[78.8199,31.6338],[78.8283,31.6251],[78.8276,31.6072],[78.8189,31.5975],[78.8103,31.5884],[78.7973,31.5762],[78.7848,31.5714],[78.7681,31.5657],[78.7576,31.5536],[78.7466,31.5477],[78.7301,31.5443],[78.7192,31.5368],[78.7087,31.524],[78.7151,31.5077],[78.716,31.4872],[78.729,31.4871],[78.7442,31.4903],[78.7546,31.4807],[78.7656,31.4724],[78.7791,31.463],[78.7925,31.4554],[78.796,31.4396],[78.7925,31.4179],[78.7819,31.4119],[78.7764,31.4012],[78.7945,31.3965],[78.808,31.3923],[78.821,31.3842],[78.8301,31.3755],[78.8376,31.3644],[78.8401,31.3506],[78.8317,31.3389],[78.8387,31.3284],[78.8494,31.321],[78.8604,31.3091],[78.8701,31.2914],[78.8783,31.2729],[78.8896,31.2652],[78.9069,31.2592],[78.9099,31.2339],[78.9196,31.2231],[78.9351,31.2224],[78.9359,31.2057],[78.9449,31.1969],[78.9609,31.1864],[78.9747,31.1781],[78.9777,31.1548],[78.9848,31.1409],[78.9967,31.1176],[78.9657,31.1154],[78.9524,31.1084],[78.9375,31.1053],[78.9205,31.1076],[78.9078,31.1163],[78.8994,31.1076],[78.8842,31.1042],[78.8714,31.1073],[78.852,31.1262],[78.8378,31.1307],[78.8247,31.1436],[78.8159,31.1539],[78.8117,31.1694],[78.8005,31.1783],[78.8011,31.1939],[78.795,31.205],[78.7709,31.1973],[78.7576,31.1947],[78.7204,31.197],[78.7075,31.195],[78.6761,31.2032],[78.6598,31.2033],[78.6477,31.1947],[78.638,31.2084],[78.6345,31.2219],[78.6171,31.2252],[78.6006,31.2359],[78.5839,31.2343],[78.5666,31.2337],[78.5563,31.2274],[78.5371,31.2067],[78.5141,31.2039],[78.4866,31.2042],[78.4701,31.2038],[78.4666,31.2209],[78.4441,31.2442],[78.4317,31.2496],[78.4195,31.2599],[78.4051,31.2487],[78.3913,31.253],[78.3862,31.2696],[78.3814,31.2815],[78.3693,31.2879],[78.3563,31.2909],[78.3425,31.289],[78.3266,31.2882],[78.3063,31.2862],[78.2955,31.2729],[78.2782,31.2667],[78.2581,31.2604],[78.2497,31.2506],[78.2375,31.2439],[78.2184,31.2387],[78.204,31.2341],[78.1928,31.2229],[78.1765,31.23],[78.1631,31.2315],[78.1478,31.2316],[78.1371,31.2224],[78.1192,31.214],[78.1098,31.2057],[78.0924,31.1928],[78.0801,31.1907],[78.0592,31.1924],[78.0397,31.1875],[78.0269,31.1802],[78.0162,31.1715],[78.0165,31.1585],[77.9926,31.167],[77.979,31.1664],[77.9548,31.1788],[77.9412,31.1712],[77.9147,31.1566],[77.9022,31.1588],[77.8875,31.1547],[77.8804,31.1374],[77.8787,31.1247],[77.8579,31.1162],[77.8501,31.1042],[77.8428,31.0813],[77.831,31.077],[77.8195,31.0649],[77.8069,31.0623],[77.8107,31.0436],[77.8188,31.0323],[77.8188,31.0158],[77.8247,31.0052],[77.8101,31.0052],[77.8062,30.9881],[77.7987,30.9761],[77.8016,30.9636],[77.8164,30.962],[77.8075,30.9537],[77.7876,30.9657],[77.7709,30.9757],[77.7539,30.9768],[77.742,30.9676],[77.7333,30.9495],[77.7392,30.9367],[77.7456,30.9223],[77.7582,30.9204],[77.7716,30.9242],[77.7887,30.9263],[77.7974,30.9167],[77.7946,30.9035],[77.7854,30.8934],[77.7836,30.8787],[77.7889,30.865],[77.7736,30.861],[77.7628,30.8682],[77.7582,30.8805],[77.7445,30.8812],[77.7417,30.8642],[77.7334,30.8542],[77.7409,30.8402],[77.7404,30.8277],[77.7309,30.8194],[77.7194,30.8083],[77.7154,30.7942],[77.7045,30.779],[77.6927,30.7714],[77.693,30.7579],[77.6977,30.745],[77.7116,30.7421],[77.7225,30.7334],[77.7307,30.7245],[77.7373,30.7135],[77.7357,30.7016],[77.7334,30.6858],[77.7479,30.6781],[77.7588,30.6724],[77.7695,30.6642],[77.7683,30.6515],[77.775,30.6411],[77.7713,30.6285],[77.782,30.6194],[77.7671,30.6182],[77.7572,30.6048],[77.7425,30.6072],[77.7313,30.6015],[77.7436,30.5898],[77.7519,30.5746],[77.7618,30.563],[77.7746,30.5589],[77.7864,30.5614],[77.7983,30.5641],[77.8069,30.5543],[77.8122,30.538],[77.805,30.5248],[77.8006,30.5132],[77.7882,30.5061],[77.7676,30.5044],[77.755,30.4983],[77.7366,30.4873],[77.7214,30.4778],[77.7047,30.4734],[77.6901,30.4629],[77.6791,30.4517],[77.6616,30.4488],[77.6467,30.4525],[77.6357,30.4443],[77.6167,30.4362],[77.6038,30.4374],[77.5904,30.4338],[77.5746,30.4265],[77.5629,30.4171],[77.5631,30.4045],[77.5729,30.3931],[77.5579,30.3904],[77.5429,30.3972],[77.5356,30.4091],[77.5258,30.4171],[77.518,30.4309],[77.5098,30.4488],[77.4929,30.433],[77.4913,30.4174],[77.4775,30.4133],[77.461,30.4054],[77.443,30.4046],[77.4304,30.4075],[77.4164,30.4084],[77.4257,30.42],[77.4397,30.4244],[77.4533,30.4404],[77.4563,30.4582],[77.4457,30.4657],[77.4356,30.451],[77.4262,30.4411],[77.4076,30.4279],[77.3955,30.4209],[77.3941,30.4343],[77.3819,30.4393],[77.3697,30.4458],[77.3568,30.4421],[77.3497,30.4573],[77.3394,30.4636],[77.3263,30.4632],[77.3107,30.4536],[77.2937,30.4591],[77.2746,30.464],[77.2619,30.471],[77.2518,30.4844],[77.2335,30.4875],[77.2189,30.486],[77.2026,30.4803],[77.1996,30.4991],[77.1959,30.5118],[77.1853,30.5259],[77.1695,30.5329],[77.152,30.5369],[77.1376,30.5386],[77.1223,30.5482],[77.1137,30.5624],[77.1238,30.5727],[77.1398,30.5832],[77.1512,30.5928],[77.1586,30.6031],[77.1599,30.6315],[77.1562,30.6479],[77.1552,30.6681],[77.1507,30.6812],[77.1474,30.6935],[77.1338,30.7022],[77.1222,30.7122],[77.1096,30.7227],[77.1006,30.7324],[77.0863,30.7399],[77.0697,30.747],[77.055,30.7467],[77.038,30.7531],[77.0283,30.7434],[77.0131,30.7422],[77.0047,30.7525],[77.0045,30.7663],[76.9912,30.7735],[76.9949,30.7851],[77.0004,30.7976],[76.9985,30.8097],[76.9865,30.8132],[76.9791,30.7988],[76.9686,30.808],[76.9538,30.8112],[76.9476,30.8232],[76.9337,30.832],[76.9278,30.8481],[76.9158,30.8693],[76.9071,30.891],[76.8866,30.8883],[76.8696,30.8782],[76.8524,30.8707],[76.8372,30.8789],[76.8227,30.8881],[76.8098,30.9068],[76.8144,30.9213],[76.7988,30.9246],[76.7699,30.9064],[76.7538,30.9178],[76.7486,30.9292],[76.726,30.9393],[76.7126,30.9634],[76.6984,30.9689],[76.6682,30.9699],[76.6531,30.9818],[76.6333,30.9907],[76.6209,30.9983],[76.6101,31.0042],[76.6136,31.022],[76.6052,31.0335],[76.599,31.0536],[76.6095,31.0607],[76.6049,31.0784],[76.6118,31.0964],[76.6257,31.1102],[76.6156,31.1216],[76.5974,31.1262],[76.5987,31.1512],[76.5894,31.1648],[76.5904,31.1829],[76.6007,31.191],[76.6122,31.2026],[76.6354,31.213],[76.6245,31.221],[76.5868,31.2161],[76.576,31.2258],[76.5847,31.2396],[76.6016,31.2509],[76.5705,31.2801],[76.5522,31.2649],[76.535,31.2554],[76.5348,31.2723],[76.5181,31.2623],[76.5166,31.2774],[76.5034,31.2779],[76.4886,31.2734],[76.4832,31.2843],[76.4751,31.299],[76.4667,31.3102],[76.451,31.2962],[76.4311,31.2828],[76.4358,31.2946],[76.4483,31.306],[76.4374,31.3174],[76.428,31.3252],[76.4182,31.3373],[76.4088,31.3537],[76.3992,31.3655],[76.3911,31.3786],[76.3792,31.3912],[76.3904,31.3973],[76.3816,31.4106],[76.3753,31.4222],[76.3631,31.4414],[76.3568,31.4296],[76.3591,31.4156],[76.3469,31.4057],[76.3346,31.4037],[76.3158,31.4024],[76.3188,31.3882],[76.3296,31.3795],[76.3313,31.3591],[76.3301,31.3453],[76.3178,31.3522],[76.2999,31.3438],[76.3023,31.3264],[76.2904,31.3156],[76.2774,31.3099],[76.2612,31.3058],[76.2441,31.3137],[76.2232,31.3131],[76.2064,31.3053],[76.1857,31.3047],[76.1728,31.3067],[76.1661,31.3262],[76.1663,31.3415],[76.1477,31.3481],[76.135,31.3618],[76.1341,31.3826],[76.1471,31.3919],[76.1567,31.4045],[76.1471,31.4188],[76.1435,31.4323],[76.1282,31.4438],[76.1213,31.461],[76.1147,31.4735],[76.1082,31.4951],[76.0946,31.5142],[76.089,31.5276],[76.0768,31.546],[76.066,31.5605],[76.0515,31.5818],[76.0432,31.592],[76.04,31.6085],[76.0232,31.6155],[76.0027,31.6466],[76.0047,31.663],[75.9974,31.676],[75.9856,31.6854],[75.9758,31.6953],[75.9726,31.7152],[75.966,31.7335],[75.9597,31.7443],[75.9519,31.763],[75.9451,31.7813],[75.9358,31.7897],[75.9272,31.8051],[75.9218,31.8172],[75.9361,31.8183],[75.9488,31.8231],[75.9603,31.8185],[75.9558,31.8324],[75.9497,31.8481],[75.9384,31.8679],[75.9314,31.8838],[75.9127,31.9166],[75.9028,31.9279],[75.896,31.9403],[75.8777,31.962],[75.8662,31.9688],[75.8513,31.9725],[75.8364,31.9816],[75.814,31.9834],[75.7951,31.9886],[75.7843,31.9943],[75.7664,32.0076],[75.7538,32.0199],[75.74,32.0345],[75.7232,32.0362],[75.7105,32.036],[75.7004,32.0436],[75.6923,32.0595],[75.6731,32.0669],[75.6494,32.0772],[75.6253,32.0727],[75.6096,32.0695],[75.5788,32.0817],[75.6106,32.0996],[75.6312,32.1195],[75.6479,32.1377],[75.6618,32.1647],[75.6562,32.1766],[75.6202,32.1852],[75.6201,32.2202],[75.6225,32.2347],[75.6341,32.2447],[75.6524,32.2554],[75.6758,32.264],[75.7049,32.2672],[75.7364,32.2738],[75.7518,32.2842],[75.7619,32.2961],[75.7831,32.3222],[75.7937,32.3324],[75.8139,32.3506],[75.8374,32.373],[75.8663,32.3946],[75.9111,32.4092],[75.9259,32.4118],[75.9346,32.4248],[75.9244,32.439],[75.9155,32.4487],[75.8954,32.4619],[75.8871,32.472],[75.8688,32.4887],[75.8553,32.4996],[75.8514,32.5213],[75.8564,32.5377],[75.8703,32.5588],[75.8755,32.5709],[75.8863,32.5919],[75.9046,32.6152],[75.9236,32.6437],[75.9241,32.6582],[75.9148,32.6659],[75.8989,32.6806],[75.8991,32.7002],[75.9098,32.7209],[75.914,32.742],[75.9125,32.7571],[75.9001,32.7699],[75.8857,32.7955],[75.8738,32.8137],[75.8552,32.8261],[75.8374,32.8368],[75.8211,32.8428],[75.8083,32.8532],[75.7954,32.8693],[75.7898,32.8814],[75.7874,32.8933],[75.7984,32.9022],[75.7983,32.9194],[75.808,32.9298],[75.8214,32.9335],[75.8339,32.9346],[75.8501,32.9312],[75.8671,32.9302],[75.8809,32.9248],[75.9001,32.9157],[75.9136,32.9062],[75.9232,32.8981],[75.9338,32.8843],[75.9458,32.8851],[75.9832,32.9004],[75.9975,32.9094],[76.0135,32.9159],[76.0237,32.9316],[76.0426,32.9402],[76.0545,32.951],[76.0659,32.958],[76.0783,32.9661],[76.0912,32.9928],[76.0937,33.0048],[76.1073,33.0079],[76.1205,33.0104],[76.1439,33.0165],[76.1883,33.0276],[76.2162,33.0286],[76.2295,33.0303],[76.2552,33.0523],[76.2675,33.0861],[76.2758,33.098],[76.288,33.1132],[76.3069,33.1272],[76.3356,33.1463],[76.3521,33.1548],[76.3662,33.168],[76.3799,33.1765],[76.3917,33.1867],[76.4077,33.1884],[76.4218,33.1818],[76.4418,33.1805],[76.4556,33.1833],[76.4691,33.1799],[76.4888,33.1902],[76.5058,33.1958],[76.5202,33.2004],[76.5342,33.1993],[76.5475,33.2095],[76.563,33.2062],[76.5767,33.2058],[76.584,33.1931],[76.5973,33.188],[76.5996,33.1738],[76.6126,33.166],[76.627,33.1625],[76.6407,33.1647],[76.6511,33.1718],[76.6695,33.1733],[76.6853,33.174],[76.6967,33.1815],[76.7142,33.1774],[76.7299,33.1794],[76.7344,33.1931],[76.7456,33.2043],[76.7561,33.2198],[76.7624,33.2395],[76.7553,33.2495],[76.7783,33.2557],[76.7969,33.2412],[76.8028,33.2367]]]}},{"type":"Feature","properties":{"name":"Jammu & Kashmir","id":"jammu-kashmir"},"geometry":{"type":"Polygon","coordinates":[[[77.8996,35.4279],[77.9199,35.4343],[77.9438,35.463],[77.9513,35.4736],[77.9617,35.4801],[77.9906,35.4871],[78.01,35.4892],[78.0454,35.4911],[78.0638,35.4917],[78.0794,35.4922],[78.0943,35.4893],[78.107,35.4804],[78.1077,35.4646],[78.0973,35.4556],[78.0796,35.4482],[78.0317,35.4231],[78.0212,35.4169],[77.9971,35.3941],[77.9903,35.379],[77.99,35.3636],[77.9919,35.3485],[78.0015,35.298],[78.0137,35.2642],[78.0177,35.2498],[78.0318,35.2202],[78.0428,35.2023],[78.0522,35.1911],[78.069,35.176],[78.1161,35.1454],[78.1242,35.1354],[78.1243,35.1219],[78.1171,35.1116],[78.0977,35.0979],[78.0843,35.0908],[78.0949,35.0569],[78.1148,35.0148],[78.1211,35],[78.1303,34.9783],[78.1673,34.9121],[78.1752,34.9028],[78.1846,34.8815],[78.1883,34.8628],[78.2073,34.7661],[78.2187,34.7396],[78.2316,34.7168],[78.248,34.6951],[78.2657,34.6794],[78.2844,34.6674],[78.3003,34.6619],[78.3173,34.6593],[78.3872,34.6516],[78.4046,34.6439],[78.4069,34.621],[78.4181,34.6054],[78.4355,34.6029],[78.4592,34.6028],[78.4822,34.6033],[78.5115,34.6091],[78.5371,34.6142],[78.5582,34.6147],[78.5821,34.6031],[78.6111,34.5831],[78.621,34.5743],[78.6376,34.5523],[78.6525,34.5382],[78.6806,34.5156],[78.6963,34.5076],[78.7166,34.501],[78.7301,34.4967],[78.7494,34.477],[78.763,34.4605],[78.7885,34.4414],[78.7994,34.4333],[78.825,34.4141],[78.8373,34.407],[78.8757,34.3947],[78.8916,34.3896],[78.915,34.3788],[78.9274,34.3716],[78.9399,34.3621],[78.9607,34.3461],[78.9767,34.3339],[78.9892,34.3193],[78.9942,34.3025],[78.9934,34.2887],[78.985,34.2678],[78.975,34.2429],[78.9562,34.2178],[78.9421,34.2048],[78.9104,34.1805],[78.8944,34.17],[78.879,34.1613],[78.8588,34.1518],[78.8153,34.1326],[78.7743,34.1145],[78.7607,34.1114],[78.7292,34.0957],[78.7133,34.0815],[78.7061,34.0586],[78.7318,34.0425],[78.7595,34.0363],[78.7683,34.0257],[78.7636,34.0015],[78.7429,33.9873],[78.7284,33.9773],[78.7158,33.9645],[78.7162,33.9489],[78.7149,33.9334],[78.7172,33.8905],[78.7257,33.8711],[78.7418,33.8402],[78.7613,33.8173],[78.7751,33.8013],[78.7805,33.7892],[78.784,33.7704],[78.7753,33.7464],[78.7624,33.7307],[78.7373,33.7089],[78.7093,33.6796],[78.7094,33.6605],[78.7273,33.6228],[78.7422,33.5974],[78.7581,33.5714],[78.7707,33.552],[78.7839,33.5326],[78.8039,33.5068],[78.8186,33.4891],[78.8704,33.4397],[78.8954,33.4203],[78.9213,33.3987],[78.9411,33.3901],[78.9548,33.3742],[78.9727,33.3673],[78.9887,33.3474],[78.9987,33.3402],[79.0195,33.3308],[79.0338,33.3136],[79.0477,33.3061],[79.0666,33.2959],[79.0731,33.2836],[79.0661,33.2645],[79.0672,33.2498],[79.0715,33.2382],[79.093,33.2205],[79.1133,33.2113],[79.1277,33.2047],[79.1414,33.2001],[79.157,33.1979],[79.1805,33.1946],[79.2062,33.194],[79.3152,33.1888],[79.3558,33.1895],[79.3773,33.1899],[79.3936,33.1889],[79.4098,33.1788],[79.4168,33.1667],[79.4155,33.1477],[79.4108,33.1357],[79.3985,33.1147],[79.3906,33.1027],[79.3736,33.0734],[79.3676,33.0616],[79.3549,33.0306],[79.3519,33.0177],[79.35,32.9962],[79.3525,32.979],[79.3621,32.9621],[79.3811,32.9396],[79.391,32.9304],[79.4187,32.9114],[79.4321,32.9051],[79.4419,32.8947],[79.4544,32.8804],[79.4645,32.8167],[79.4712,32.8028],[79.4844,32.7897],[79.4963,32.7841],[79.5152,32.7753],[79.5267,32.7676],[79.5405,32.7487],[79.5454,32.7359],[79.5554,32.7096],[79.5612,32.684],[79.5643,32.6708],[79.5578,32.6306],[79.5498,32.6144],[79.524,32.5959],[79.5088,32.5915],[79.4885,32.5928],[79.4641,32.5927],[79.448,32.5861],[79.4363,32.5799],[79.4038,32.5577],[79.3622,32.5376],[79.347,32.5266],[79.3203,32.4913],[79.3049,32.4865],[79.2701,32.5178],[79.2584,32.5234],[79.235,32.519],[79.2231,32.516],[79.2069,32.5118],[79.1833,32.501],[79.1651,32.4919],[79.1489,32.4838],[79.1289,32.4664],[79.1217,32.4561],[79.1198,32.4383],[79.1219,32.4232],[79.1118,32.3993],[79.1091,32.3832],[79.1045,32.3717],[79.0919,32.369],[79.0766,32.379],[79.0642,32.3852],[79.0492,32.3834],[79.025,32.367],[78.9938,32.3643],[78.9825,32.3458],[78.924,32.3633],[78.9023,32.3814],[78.888,32.3924],[78.8746,32.4146],[78.8569,32.4189],[78.836,32.4253],[78.8212,32.4363],[78.7979,32.4632],[78.7812,32.4753],[78.7754,32.4906],[78.7756,32.5164],[78.7726,32.5443],[78.7668,32.5555],[78.7637,32.5678],[78.7765,32.5882],[78.7793,32.6022],[78.7758,32.6156],[78.7706,32.6355],[78.7681,32.663],[78.7646,32.6761],[78.7459,32.6961],[78.717,32.6807],[78.6643,32.6565],[78.6544,32.6492],[78.6323,32.6111],[78.6033,32.6044],[78.587,32.6085],[78.5593,32.6123],[78.5452,32.6123],[78.5311,32.608],[78.5089,32.5947],[78.4959,32.5827],[78.4856,32.5732],[78.4727,32.5779],[78.4527,32.5795],[78.4379,32.5678],[78.4122,32.5561],[78.4043,32.5387],[78.4052,32.5252],[78.4165,32.5151],[78.4014,32.5182],[78.3944,32.5285],[78.3824,32.5297],[78.3564,32.5127],[78.3104,32.4759],[78.2785,32.5079],[78.295,32.5225],[78.2966,32.5775],[78.318,32.5802],[78.3318,32.5849],[78.3406,32.5931],[78.3771,32.6149],[78.3888,32.6232],[78.3759,32.6296],[78.3632,32.672],[78.3637,32.6855],[78.3676,32.6995],[78.3778,32.7193],[78.3712,32.7337],[78.3707,32.7458],[78.3728,32.7602],[78.3447,32.7634],[78.3139,32.749],[78.2877,32.7378],[78.2981,32.7248],[78.2957,32.7128],[78.2849,32.7068],[78.2727,32.7029],[78.2591,32.7029],[78.2366,32.6947],[78.225,32.6756],[78.2129,32.6692],[78.195,32.6673],[78.1795,32.6704],[78.1584,32.6791],[78.1444,32.6766],[78.1307,32.6601],[78.1215,32.6423],[78.107,32.6497],[78.0993,32.66],[78.079,32.6528],[78.0675,32.6256],[78.0441,32.6288],[78.0339,32.6356],[78.0344,32.6157],[78.0415,32.6053],[78.0358,32.5919],[78.0174,32.587],[77.9871,32.5882],[77.975,32.5964],[77.9678,32.608],[77.9595,32.6207],[77.9551,32.6348],[77.9389,32.648],[77.9272,32.6626],[77.9202,32.6795],[77.911,32.6882],[77.9024,32.6984],[77.9063,32.7123],[77.912,32.7258],[77.9143,32.7418],[77.9179,32.7569],[77.9089,32.7721],[77.8909,32.7745],[77.8763,32.78],[77.867,32.7903],[77.8645,32.8065],[77.855,32.8212],[77.8314,32.835],[77.8188,32.8385],[77.799,32.8458],[77.7809,32.8541],[77.7677,32.8585],[77.766,32.8803],[77.7727,32.8909],[77.787,32.8917],[77.7902,32.9054],[77.778,32.9158],[77.7596,32.9274],[77.751,32.936],[77.739,32.9473],[77.7273,32.9576],[77.7125,32.9718],[77.6999,32.969],[77.6909,32.9794],[77.678,32.9807],[77.6652,32.986],[77.66,32.969],[77.6499,32.9583],[77.6234,32.9445],[77.6107,32.9423],[77.5934,32.9415],[77.5815,32.9392],[77.5696,32.9217],[77.5538,32.9131],[77.5353,32.9023],[77.527,32.8923],[77.5113,32.8854],[77.4943,32.8815],[77.4732,32.8788],[77.4552,32.8617],[77.4362,32.8659],[77.4257,32.8837],[77.4101,32.8782],[77.3992,32.8839],[77.3794,32.8808],[77.3712,32.8674],[77.3597,32.8596],[77.3627,32.8466],[77.3565,32.8253],[77.3405,32.8205],[77.3279,32.8199],[77.3165,32.8298],[77.3125,32.8463],[77.298,32.854],[77.2813,32.8557],[77.2701,32.8664],[77.2583,32.8764],[77.2476,32.8649],[77.2363,32.8723],[77.2248,32.88],[77.2283,32.8956],[77.2045,32.9064],[77.189,32.9101],[77.1739,32.9311],[77.1616,32.9211],[77.1462,32.914],[77.1469,32.9344],[77.1461,32.9564],[77.1355,32.9647],[77.1364,32.9805],[77.1201,32.9827],[77.1032,32.9872],[77.0842,32.9737],[77.0717,32.9762],[77.0585,32.9861],[77.0353,32.9997],[77.0199,32.9917],[76.9985,32.9896],[76.9869,32.9959],[76.9665,33.0072],[76.9568,33.0167],[76.9327,33.0285],[76.9175,33.0337],[76.9102,33.0502],[76.9001,33.0641],[76.8964,33.0758],[76.895,33.0914],[76.8774,33.1072],[76.8687,33.1202],[76.8526,33.1115],[76.8392,33.1153],[76.8281,33.1317],[76.8173,33.142],[76.8035,33.1557],[76.7993,33.1695],[76.8052,33.1823],[76.8186,33.2056],[76.8111,33.2155],[76.8179,33.2311],[76.8289,33.2425],[76.8173,33.2485],[76.8063,33.2362],[76.7854,33.2536],[76.7636,33.2543],[76.7576,33.2431],[76.7599,33.2247],[76.7506,33.2101],[76.7421,33.1975],[76.7306,33.1853],[76.7142,33.1774],[76.6967,33.1815],[76.6853,33.174],[76.6695,33.1733],[76.6511,33.1718],[76.6407,33.1647],[76.627,33.1625],[76.6126,33.166],[76.5996,33.1738],[76.5973,33.188],[76.584,33.1931],[76.5819,33.2069],[76.5676,33.2071],[76.5475,33.2095],[76.5342,33.1993],[76.5202,33.2004],[76.5058,33.1958],[76.4888,33.1902],[76.4691,33.1799],[76.4556,33.1833],[76.4418,33.1805],[76.4298,33.1828],[76.4077,33.1884],[76.3917,33.1867],[76.3799,33.1765],[76.3662,33.168],[76.3589,33.1575],[76.3356,33.1463],[76.3155,33.1302],[76.2919,33.1202],[76.275,33.104],[76.2675,33.0861],[76.2552,33.0523],[76.2373,33.0326],[76.2162,33.0286],[76.1883,33.0276],[76.1522,33.0229],[76.1282,33.0101],[76.116,33.0086],[76.0937,33.0048],[76.0912,32.9928],[76.0857,32.975],[76.07,32.9622],[76.0545,32.951],[76.0426,32.9402],[76.0281,32.9374],[76.0212,32.9244],[76.0046,32.914],[75.9874,32.9006],[75.9458,32.8851],[75.9338,32.8843],[75.9232,32.8981],[75.9136,32.9062],[75.9001,32.9157],[75.8809,32.9248],[75.8671,32.9302],[75.8501,32.9312],[75.8339,32.9346],[75.8214,32.9335],[75.808,32.9298],[75.7983,32.9194],[75.8,32.9039],[75.7899,32.894],[75.7898,32.8814],[75.7946,32.8702],[75.8055,32.8561],[75.8158,32.8471],[75.8275,32.8404],[75.8552,32.8261],[75.8738,32.8137],[75.8857,32.7955],[75.9001,32.7699],[75.9125,32.7571],[75.914,32.742],[75.9098,32.7209],[75.9049,32.7094],[75.8966,32.6911],[75.9054,32.6722],[75.9241,32.6582],[75.9236,32.6437],[75.9078,32.6191],[75.8863,32.5919],[75.8725,32.5762],[75.8565,32.5584],[75.8378,32.5376],[75.8306,32.5245],[75.825,32.5092],[75.8157,32.4992],[75.8043,32.4871],[75.7901,32.4788],[75.7725,32.4751],[75.753,32.4752],[75.7353,32.4547],[75.7252,32.4383],[75.7153,32.4238],[75.6982,32.4095],[75.685,32.4006],[75.6627,32.3935],[75.6481,32.3888],[75.5926,32.3817],[75.567,32.3718],[75.5452,32.3608],[75.5292,32.3489],[75.5158,32.298],[75.5056,32.2813],[75.49,32.288],[75.4921,32.3028],[75.4799,32.3103],[75.4678,32.3176],[75.4735,32.3392],[75.4564,32.3335],[75.4326,32.3267],[75.415,32.3243],[75.3975,32.3263],[75.3785,32.3288],[75.3592,32.3349],[75.3453,32.3392],[75.3318,32.3447],[75.3223,32.3373],[75.3115,32.3448],[75.2891,32.3576],[75.2803,32.3673],[75.2668,32.3737],[75.2533,32.38],[75.2372,32.3958],[75.2238,32.4],[75.2002,32.4023],[75.1927,32.4181],[75.1795,32.4254],[75.1604,32.4165],[75.1476,32.4134],[75.1279,32.4212],[75.1209,32.4415],[75.1098,32.454],[75.0982,32.4659],[75.0826,32.48],[75.0627,32.4821],[75.0366,32.4921],[75.0214,32.4854],[75.0117,32.4762],[75.0015,32.4633],[74.9879,32.4496],[74.9731,32.4479],[74.9489,32.4541],[74.9336,32.4676],[74.8997,32.4661],[74.8852,32.4784],[74.8615,32.4895],[74.8462,32.4944],[74.8186,32.4961],[74.7989,32.4841],[74.7614,32.4822],[74.7482,32.4792],[74.7211,32.4817],[74.6984,32.4849],[74.6867,32.4931],[74.6792,32.5154],[74.683,32.5296],[74.662,32.5515],[74.6524,32.5602],[74.648,32.5719],[74.6433,32.596],[74.6422,32.611],[74.6492,32.6259],[74.6584,32.6374],[74.6692,32.6459],[74.6762,32.658],[74.6693,32.6751],[74.6542,32.6925],[74.6501,32.7184],[74.6619,32.7548],[74.6675,32.7666],[74.6778,32.7816],[74.6877,32.7961],[74.6946,32.8095],[74.7004,32.827],[74.697,32.8397],[74.6808,32.8382],[74.6615,32.828],[74.642,32.8229],[74.6372,32.8108],[74.6415,32.7919],[74.6328,32.7777],[74.6142,32.7577],[74.5941,32.7568],[74.5792,32.7533],[74.5671,32.7552],[74.5431,32.7454],[74.5315,32.7407],[74.5027,32.7599],[74.4797,32.7727],[74.4661,32.7814],[74.4575,32.8016],[74.4506,32.8168],[74.4432,32.8288],[74.4301,32.8447],[74.4264,32.8578],[74.4293,32.8795],[74.4251,32.8931],[74.4139,32.9039],[74.3887,32.9084],[74.3683,32.9085],[74.3477,32.9082],[74.3272,32.9133],[74.3161,32.9302],[74.3207,32.9414],[74.3349,32.9548],[74.3464,32.9655],[74.3532,32.9831],[74.3517,33.0131],[74.3379,33.0259],[74.3079,33.0305],[74.2832,33.0432],[74.255,33.0488],[74.242,33.0473],[74.2204,33.0448],[74.2052,33.0433],[74.1906,33.0767],[74.1762,33.1072],[74.157,33.1259],[74.1449,33.1353],[74.1117,33.1644],[74.0999,33.1725],[74.0828,33.1807],[74.0564,33.1866],[74.0337,33.1881],[74.0182,33.1932],[74.0113,33.2188],[74.011,33.2385],[74.014,33.2509],[74.0244,33.2625],[74.0365,33.2647],[74.065,33.2599],[74.0789,33.2602],[74.0907,33.2636],[74.103,33.2705],[74.1158,33.2811],[74.1669,33.3441],[74.1851,33.3835],[74.1801,33.4021],[74.1793,33.4257],[74.1829,33.442],[74.1871,33.4555],[74.185,33.4677],[74.1781,33.4817],[74.1646,33.4956],[74.1426,33.5183],[74.1234,33.5432],[74.097,33.5692],[74.0745,33.5685],[74.0539,33.5651],[74.0284,33.5747],[74.0147,33.5984],[74,33.6237],[73.9757,33.6936],[73.9563,33.7203],[73.9665,33.7403],[74,33.7526],[74.024,33.772],[74.0383,33.7951],[74.049,33.8088],[74.0657,33.8201],[74.09,33.8263],[74.1298,33.8276],[74.1433,33.8301],[74.1701,33.8399],[74.1923,33.8514],[74.2076,33.8594],[74.2197,33.8672],[74.2456,33.895],[74.2611,33.9248],[74.2636,33.9426],[74.2633,33.9552],[74.2627,33.9743],[74.2487,34.0138],[74.2372,34.0255],[74.2256,34.0334],[74.2147,34.0386],[74.1964,34.0401],[74.1814,34.0396],[74.1614,34.0389],[74.1492,34.043],[74.1324,34.0527],[74.115,34.0538],[74.1005,34.0456],[74.087,34.0378],[74.0611,34.0347],[74.0441,34.0297],[74.0061,34.0224],[73.909,34.0325],[73.8898,34.0424],[73.8843,34.0614],[73.8857,34.0751],[73.9044,34.0969],[73.9041,34.1222],[73.9171,34.1421],[73.9448,34.1702],[73.9766,34.2118],[73.982,34.2391],[73.9762,34.2648],[73.941,34.3017],[73.9199,34.3423],[73.8994,34.3598],[73.8794,34.3542],[73.8418,34.3383],[73.8074,34.3567],[73.7734,34.3498],[73.7632,34.3596],[73.777,34.4163],[73.7897,34.427],[73.8073,34.4419],[73.8548,34.4734],[73.8987,34.4958],[73.8867,34.515],[73.8953,34.5467],[73.9481,34.5731],[73.9416,34.592],[73.9273,34.6459],[73.9416,34.6772],[73.9602,34.6967],[73.9861,34.7042],[74,34.7082],[74.0129,34.7099],[74.0336,34.6936],[74.0491,34.685],[74.0813,34.692],[74.0931,34.6945],[74.1168,34.6912],[74.1327,34.6902],[74.149,34.6953],[74.1747,34.7174],[74.203,34.7366],[74.2257,34.7475],[74.239,34.7521],[74.2699,34.7627],[74.2868,34.7742],[74.3028,34.7975],[74.3151,34.8003],[74.3309,34.7925],[74.3462,34.7904],[74.3675,34.8026],[74.474,34.7906],[74.5066,34.7755],[74.5381,34.7762],[74.5615,34.7744],[74.5772,34.7695],[74.6124,34.7464],[74.6315,34.738],[74.648,34.7226],[74.6581,34.7106],[74.6713,34.7007],[74.703,34.6931],[74.7281,34.6886],[74.7631,34.6843],[74.7866,34.6827],[74.8356,34.6776],[74.8539,34.6782],[74.8898,34.6839],[74.9105,34.6832],[74.9278,34.6783],[74.9467,34.6664],[74.9978,34.6511],[75.0187,34.6415],[75.0418,34.6414],[75.0545,34.6466],[75.0847,34.6554],[75.1056,34.6557],[75.1423,34.6624],[75.1647,34.6604],[75.1773,34.6575],[75.2067,34.6463],[75.2358,34.6483],[75.2497,34.6473],[75.2661,34.6395],[75.2581,34.6176],[75.2792,34.6017],[75.3352,34.5721],[75.3505,34.5622],[75.3778,34.5524],[75.395,34.5488],[75.414,34.5473],[75.4646,34.5434],[75.4785,34.5393],[75.5061,34.5373],[75.5212,34.5396],[75.5518,34.5381],[75.5646,34.5387],[75.5789,34.5394],[75.5919,34.5401],[75.6156,34.5385],[75.6441,34.5335],[75.6923,34.5215],[75.7138,34.5184],[75.7292,34.5162],[75.7492,34.5158],[75.7688,34.5221],[75.793,34.5339],[75.8105,34.5482],[75.8206,34.5589],[75.8411,34.5731],[75.8815,34.5907],[75.9119,34.6011],[75.9322,34.6244],[75.9463,34.6312],[75.9672,34.6336],[75.9833,34.6294],[76.0004,34.6358],[76.0144,34.6536],[76.0254,34.6641],[76.0365,34.6703],[76.055,34.676],[76.0744,34.6763],[76.0858,34.6715],[76.1219,34.6467],[76.1391,34.6425],[76.1579,34.6434],[76.1928,34.6553],[76.2274,34.6721],[76.26,34.6844],[76.2751,34.6936],[76.2899,34.7123],[76.3015,34.7244],[76.3161,34.7316],[76.3287,34.7331],[76.3507,34.7347],[76.3859,34.736],[76.4095,34.7522],[76.4276,34.7624],[76.4692,34.7917],[76.4897,34.7924],[76.5141,34.7838],[76.5453,34.7656],[76.5618,34.7583],[76.58,34.7555],[76.618,34.7561],[76.6525,34.7566],[76.6716,34.7574],[76.6872,34.7632],[76.6967,34.7791],[76.7062,34.8013],[76.7273,34.8209],[76.7378,34.8307],[76.7447,34.8447],[76.7434,34.8649],[76.7389,34.9019],[76.7434,34.9181],[76.7624,34.933],[76.7993,34.9358],[76.8255,34.9417],[76.8482,34.958],[76.8632,34.9708],[76.8835,34.9703],[76.8985,34.9643],[76.9503,34.9409],[76.9704,34.9356],[76.9887,34.9352],[77.0101,34.9563],[77.0113,34.9727],[77.0107,35],[77.0103,35.0162],[77.0138,35.0351],[77.0269,35.0408],[77.0368,35.0324],[77.0684,35.0241],[77.0814,35.0263],[77.1098,35.0393],[77.1568,35.0547],[77.1756,35.0668],[77.1948,35.0792],[77.2808,35.1383],[77.2952,35.1456],[77.3794,35.1979],[77.4188,35.2201],[77.4425,35.2344],[77.4854,35.2665],[77.5396,35.2978],[77.585,35.3239],[77.6506,35.3671],[77.6609,35.3752],[77.7355,35.4338],[77.7604,35.4512],[77.7747,35.4602],[77.8147,35.4852],[77.8239,35.5013],[77.8408,35.5011],[77.8502,35.4917],[77.8627,35.4586],[77.8794,35.4362],[77.8996,35.4279]]]}},{"type":"Feature","properties":{"name":"Jharkhand","id":"jharkhand"},"geometry":{"type":"Polygon","coordinates":[[[87.5999,25.3147],[87.6136,25.3155],[87.6262,25.3157],[87.6518,25.3072],[87.6842,25.3101],[87.6914,25.2986],[87.6891,25.2849],[87.701,25.2778],[87.7069,25.2598],[87.7211,25.2534],[87.7628,25.2493],[87.7833,25.2462],[87.7875,25.2286],[87.7852,25.2091],[87.7805,25.1853],[87.7728,25.1596],[87.7712,25.1387],[87.7698,25.1147],[87.7727,25.0991],[87.7799,25.0874],[87.7929,25.0757],[87.8202,25.0615],[87.8349,25.057],[87.855,25.0462],[87.877,25.028],[87.8929,25.0089],[87.9024,24.9995],[87.9065,24.9858],[87.9185,24.9729],[87.9303,24.9618],[87.9462,24.9489],[87.9563,24.9414],[87.9665,24.9296],[87.9704,24.9161],[87.9723,24.9034],[87.9722,24.8914],[87.9612,24.8791],[87.9446,24.8727],[87.9287,24.8659],[87.9112,24.8559],[87.897,24.8544],[87.8972,24.8417],[87.8939,24.8292],[87.8817,24.8204],[87.8692,24.8234],[87.8727,24.8076],[87.8767,24.7937],[87.8665,24.7824],[87.86,24.772],[87.8502,24.7613],[87.8389,24.7654],[87.8369,24.7773],[87.8257,24.7693],[87.816,24.7596],[87.8397,24.7382],[87.8523,24.7349],[87.8674,24.7294],[87.8778,24.7391],[87.8855,24.7293],[87.9008,24.7216],[87.8975,24.7065],[87.8966,24.6907],[87.8863,24.6781],[87.8951,24.6685],[87.9065,24.6644],[87.9089,24.6513],[87.9077,24.6368],[87.8969,24.6304],[87.8846,24.6266],[87.8989,24.6257],[87.9016,24.6126],[87.8883,24.6113],[87.877,24.6163],[87.8861,24.6051],[87.8987,24.6081],[87.9076,24.5994],[87.9068,24.5874],[87.8961,24.5806],[87.8873,24.5627],[87.8686,24.5613],[87.8563,24.5546],[87.8411,24.5544],[87.827,24.5582],[87.8202,24.5684],[87.809,24.5762],[87.7951,24.5797],[87.7797,24.5821],[87.7679,24.576],[87.7857,24.5686],[87.7962,24.5624],[87.8048,24.5492],[87.7975,24.5387],[87.7976,24.5246],[87.7997,24.5117],[87.794,24.5003],[87.8039,24.5072],[87.8111,24.4964],[87.8224,24.4923],[87.8104,24.4804],[87.8178,24.4685],[87.8161,24.4553],[87.8025,24.4501],[87.796,24.4394],[87.7923,24.4269],[87.7848,24.4145],[87.7986,24.4112],[87.81,24.4066],[87.7982,24.3997],[87.7976,24.3861],[87.7877,24.3717],[87.7824,24.3602],[87.7726,24.3494],[87.7645,24.3386],[87.7642,24.3252],[87.7604,24.313],[87.7482,24.3015],[87.7362,24.292],[87.724,24.2875],[87.7103,24.2921],[87.7062,24.2781],[87.7045,24.2638],[87.693,24.2574],[87.6831,24.2486],[87.6707,24.2443],[87.659,24.2384],[87.6493,24.2466],[87.6357,24.2425],[87.643,24.2301],[87.6384,24.2161],[87.6528,24.2062],[87.6661,24.2061],[87.6746,24.1952],[87.6889,24.1851],[87.6967,24.1753],[87.6936,24.1592],[87.6844,24.1492],[87.6678,24.1514],[87.6505,24.1545],[87.6363,24.1574],[87.6217,24.1639],[87.6042,24.164],[87.5904,24.1601],[87.5767,24.1589],[87.586,24.1475],[87.5979,24.138],[87.6076,24.1289],[87.5954,24.1249],[87.5817,24.1234],[87.5778,24.1104],[87.5695,24.101],[87.5764,24.0871],[87.5634,24.0845],[87.5483,24.0855],[87.5345,24.0914],[87.5269,24.1038],[87.5169,24.111],[87.5029,24.1128],[87.4969,24.0993],[87.4889,24.0882],[87.5022,24.0833],[87.4932,24.0747],[87.4942,24.0627],[87.4954,24.05],[87.5078,24.0457],[87.5067,24.032],[87.4965,24.0232],[87.4864,24.016],[87.4735,24.0114],[87.4593,24.013],[87.4463,24.0143],[87.4338,24.0083],[87.4468,24.0084],[87.4549,23.9969],[87.4598,23.9848],[87.4455,23.9815],[87.4293,23.9819],[87.4186,23.9894],[87.4003,23.9939],[87.3898,24.002],[87.3769,24.0032],[87.3648,24.0068],[87.3533,24.0023],[87.3373,23.995],[87.324,23.9971],[87.3158,24.0071],[87.3242,24.0175],[87.3355,24.0239],[87.32,24.0314],[87.3037,24.0294],[87.2896,24.0303],[87.2743,24.0318],[87.2578,24.0355],[87.2436,24.0421],[87.2335,24.0327],[87.2354,24.0175],[87.2406,24.0057],[87.2482,23.9963],[87.2608,24.0029],[87.2669,23.9878],[87.2595,23.9699],[87.2781,23.9576],[87.2918,23.9557],[87.2919,23.9388],[87.2878,23.9259],[87.2945,23.8986],[87.2855,23.8836],[87.2704,23.8729],[87.2609,23.8922],[87.2592,23.9042],[87.2443,23.9004],[87.2431,23.8849],[87.2449,23.8684],[87.2474,23.8513],[87.2552,23.8393],[87.2457,23.8281],[87.2338,23.8253],[87.2198,23.8272],[87.2241,23.8427],[87.2351,23.8482],[87.2225,23.8576],[87.2128,23.8503],[87.1994,23.8475],[87.1886,23.8408],[87.1954,23.8509],[87.1806,23.8515],[87.1691,23.8578],[87.1567,23.8649],[87.1408,23.8651],[87.1279,23.8624],[87.1377,23.8458],[87.1458,23.8366],[87.154,23.8257],[87.1664,23.8196],[87.1559,23.8037],[87.1435,23.7964],[87.1242,23.795],[87.1103,23.7991],[87.0957,23.8095],[87.0766,23.8091],[87.0642,23.8135],[87.0344,23.8368],[87.0224,23.8405],[87.0021,23.8525],[86.9801,23.8564],[86.9669,23.8653],[86.9558,23.8496],[86.9432,23.8429],[86.9281,23.85],[86.9242,23.8659],[86.9069,23.8795],[86.8914,23.8764],[86.8801,23.8665],[86.8802,23.8422],[86.8847,23.8305],[86.8823,23.8145],[86.8733,23.8272],[86.8712,23.8442],[86.857,23.8395],[86.8444,23.8219],[86.8259,23.8132],[86.8138,23.8122],[86.8079,23.8246],[86.7974,23.8319],[86.801,23.8133],[86.7977,23.7977],[86.8084,23.7883],[86.8167,23.7761],[86.8198,23.7611],[86.8161,23.7448],[86.8045,23.7399],[86.7984,23.7163],[86.7909,23.6985],[86.7727,23.6819],[86.7585,23.6785],[86.7381,23.6776],[86.7317,23.6938],[86.711,23.6972],[86.6938,23.6945],[86.6687,23.6861],[86.6488,23.6829],[86.6333,23.6757],[86.6158,23.6716],[86.5916,23.6712],[86.5831,23.6588],[86.5652,23.6463],[86.552,23.6401],[86.5374,23.6346],[86.5237,23.6284],[86.5017,23.6316],[86.4813,23.635],[86.4664,23.6296],[86.4449,23.6315],[86.4396,23.6167],[86.4273,23.6103],[86.4136,23.6013],[86.4062,23.588],[86.3894,23.5888],[86.3822,23.5789],[86.3749,23.5685],[86.3648,23.5571],[86.358,23.5431],[86.3597,23.5307],[86.367,23.5189],[86.3571,23.5103],[86.3537,23.4964],[86.3706,23.4903],[86.3555,23.4816],[86.3522,23.4682],[86.3379,23.4611],[86.3314,23.4472],[86.3212,23.4545],[86.3065,23.4482],[86.3058,23.4362],[86.3133,23.4261],[86.3,23.4201],[86.2824,23.4275],[86.2807,23.4396],[86.2672,23.44],[86.2524,23.4375],[86.2531,23.4249],[86.2399,23.4226],[86.2247,23.4357],[86.2274,23.4496],[86.2387,23.4697],[86.2253,23.4699],[86.2241,23.4573],[86.2097,23.4592],[86.1954,23.4635],[86.181,23.4669],[86.1723,23.4785],[86.153,23.477],[86.1452,23.494],[86.1551,23.5042],[86.1546,23.5191],[86.1429,23.5273],[86.1497,23.5412],[86.1485,23.5555],[86.1448,23.5678],[86.1317,23.5662],[86.1194,23.5739],[86.1049,23.572],[86.088,23.5676],[86.0728,23.5682],[86.0653,23.5807],[86.0513,23.5789],[86.0374,23.5835],[86.0251,23.5723],[86.011,23.5612],[86.0211,23.5455],[86.0251,23.5317],[86.0316,23.521],[86.0328,23.5048],[86.0486,23.5026],[86.0414,23.4902],[86.0291,23.4872],[86.0155,23.4852],[86.0014,23.4788],[85.9757,23.4707],[85.9572,23.4619],[85.9439,23.4546],[85.9175,23.4624],[85.9064,23.4718],[85.8913,23.476],[85.8776,23.4759],[85.866,23.4702],[85.8621,23.455],[85.8598,23.4416],[85.8609,23.4282],[85.8629,23.41],[85.8785,23.408],[85.8848,23.3873],[85.8943,23.3797],[85.875,23.3683],[85.8728,23.3553],[85.8716,23.3302],[85.8683,23.3159],[85.8615,23.3033],[85.8524,23.2945],[85.8417,23.2843],[85.8264,23.2631],[85.8307,23.2432],[85.8318,23.2178],[85.8337,23.2019],[85.8439,23.1941],[85.8575,23.1944],[85.8772,23.173],[85.8773,23.1587],[85.8892,23.1518],[85.9067,23.1421],[85.915,23.1295],[85.9363,23.1297],[85.9479,23.134],[85.9593,23.1398],[85.9819,23.1459],[85.9956,23.1444],[86.0097,23.145],[86.0248,23.1432],[86.0369,23.1436],[86.0484,23.1292],[86.0442,23.1119],[86.0593,23.1056],[86.081,23.1043],[86.0918,23.0908],[86.1048,23.0889],[86.1274,23.0891],[86.138,23.0805],[86.1346,23.0629],[86.146,23.0557],[86.15,23.0409],[86.1623,23.0338],[86.1725,23.0231],[86.1784,23.0117],[86.2009,23.0151],[86.2038,22.9979],[86.217,22.9916],[86.231,22.9921],[86.2451,22.9955],[86.2613,22.9955],[86.2697,23.0044],[86.2848,23.0109],[86.2975,23.0133],[86.3059,23.0025],[86.3259,22.9924],[86.3413,22.9933],[86.36,22.9967],[86.3804,22.9907],[86.3873,22.9767],[86.4003,22.9831],[86.4163,22.9948],[86.4317,22.9903],[86.4452,22.9851],[86.4631,22.9852],[86.4794,22.9888],[86.4974,22.9899],[86.504,22.978],[86.5122,22.9663],[86.5227,22.9722],[86.5342,22.9814],[86.5377,22.9658],[86.5266,22.9609],[86.5234,22.9487],[86.5076,22.9454],[86.4958,22.9413],[86.4845,22.9343],[86.4734,22.9441],[86.458,22.9388],[86.4371,22.9273],[86.4324,22.9158],[86.4485,22.9019],[86.4623,22.899],[86.451,22.883],[86.4467,22.8694],[86.4328,22.8605],[86.4313,22.8464],[86.4339,22.8286],[86.4216,22.8088],[86.418,22.7898],[86.4162,22.7765],[86.4289,22.7684],[86.4398,22.7627],[86.454,22.7596],[86.466,22.7465],[86.479,22.7224],[86.4965,22.7155],[86.5066,22.7015],[86.51,22.7161],[86.5337,22.7166],[86.5463,22.7153],[86.574,22.6946],[86.5912,22.6886],[86.6029,22.6798],[86.6179,22.6734],[86.6304,22.6625],[86.6355,22.6472],[86.6368,22.6308],[86.6324,22.61],[86.6343,22.5973],[86.6483,22.5916],[86.6517,22.5758],[86.6728,22.5724],[86.706,22.5804],[86.7277,22.5746],[86.756,22.5743],[86.7634,22.5646],[86.7635,22.5525],[86.7763,22.547],[86.7862,22.5374],[86.7828,22.5244],[86.7918,22.5134],[86.7986,22.4988],[86.798,22.484],[86.7892,22.4745],[86.7757,22.4773],[86.7607,22.4789],[86.7483,22.4787],[86.749,22.4603],[86.7574,22.4464],[86.7623,22.4252],[86.7787,22.4215],[86.8053,22.4165],[86.8184,22.4123],[86.8309,22.4064],[86.8439,22.3961],[86.8405,22.3842],[86.8409,22.369],[86.8289,22.3415],[86.8285,22.3295],[86.8369,22.3168],[86.863,22.3038],[86.8808,22.2964],[86.8885,22.2814],[86.8856,22.2689],[86.8857,22.2521],[86.8731,22.2545],[86.8584,22.2544],[86.8413,22.2571],[86.8284,22.2592],[86.8163,22.2493],[86.8119,22.2639],[86.81,22.2495],[86.7996,22.241],[86.8006,22.2619],[86.7907,22.2532],[86.7928,22.2387],[86.8099,22.238],[86.8001,22.2136],[86.7859,22.2141],[86.7868,22.2293],[86.7728,22.2303],[86.7752,22.2146],[86.7551,22.208],[86.7411,22.2108],[86.7253,22.2135],[86.7115,22.2177],[86.6918,22.2174],[86.674,22.225],[86.6699,22.2368],[86.6511,22.2332],[86.6473,22.2497],[86.6423,22.2618],[86.6303,22.269],[86.6161,22.276],[86.6026,22.2784],[86.5909,22.2748],[86.5856,22.2866],[86.5785,22.2978],[86.5612,22.297],[86.5457,22.2989],[86.5324,22.2982],[86.5232,22.3078],[86.5196,22.3206],[86.508,22.324],[86.4999,22.341],[86.4837,22.3444],[86.4746,22.3342],[86.464,22.327],[86.4495,22.3231],[86.4388,22.3165],[86.4334,22.3015],[86.4217,22.3139],[86.4013,22.3194],[86.3906,22.3253],[86.3755,22.3371],[86.363,22.3396],[86.3527,22.3515],[86.3393,22.3661],[86.3253,22.3731],[86.3177,22.3906],[86.3022,22.4052],[86.2929,22.4201],[86.2798,22.4455],[86.2652,22.4395],[86.2426,22.4445],[86.2285,22.4496],[86.2115,22.4597],[86.2024,22.4703],[86.1737,22.4764],[86.1555,22.4791],[86.1199,22.4856],[86.1073,22.4849],[86.0981,22.4956],[86.0935,22.5082],[86.0783,22.5304],[86.0692,22.5431],[86.0581,22.5534],[86.0466,22.5579],[86.0183,22.5436],[86.0283,22.5343],[86.022,22.5205],[86.0087,22.5186],[85.9959,22.509],[85.9807,22.5097],[85.9692,22.4998],[85.967,22.486],[85.9581,22.4762],[85.9535,22.456],[85.9631,22.4451],[85.9821,22.429],[85.993,22.4221],[86.006,22.4254],[86.012,22.4147],[86.0123,22.399],[86.0176,22.3861],[86.0184,22.3715],[86.0061,22.3488],[85.9929,22.3382],[86.0048,22.3356],[86.0204,22.3294],[86.0059,22.3159],[86.0178,22.3046],[86.0323,22.3052],[86.0198,22.2978],[86.0085,22.2927],[86.0022,22.2815],[85.993,22.2733],[85.9854,22.2575],[85.9698,22.2434],[85.9851,22.2238],[86.0174,22.1988],[86.0256,22.1892],[86.0148,22.1726],[86.0114,22.1577],[85.9992,22.1449],[85.9946,22.1318],[86.0026,22.113],[85.9926,22.1003],[85.979,22.0834],[85.9753,22.0718],[85.9674,22.0598],[85.958,22.0425],[85.9515,22.0316],[85.9426,22.0191],[85.9288,22.0194],[85.9195,22.0098],[85.9131,21.9967],[85.9073,21.9813],[85.906,21.9681],[85.8942,21.9783],[85.8818,21.9748],[85.847,21.9771],[85.8286,21.9729],[85.8156,21.9713],[85.8052,21.9802],[85.7843,21.9786],[85.7714,21.9837],[85.7607,21.9897],[85.7561,22.0084],[85.7722,22.0247],[85.7789,22.0363],[85.7712,22.0471],[85.7851,22.0719],[85.8027,22.0718],[85.8308,22.077],[85.819,22.0896],[85.8147,22.1021],[85.802,22.1108],[85.7909,22.1004],[85.779,22.0934],[85.765,22.0882],[85.7521,22.0792],[85.7338,22.0645],[85.7224,22.0581],[85.7078,22.0563],[85.6879,22.0561],[85.672,22.0515],[85.6647,22.0666],[85.6553,22.0778],[85.6446,22.0903],[85.6312,22.0815],[85.6196,22.0778],[85.6073,22.0818],[85.5966,22.0747],[85.5822,22.081],[85.5711,22.0861],[85.5543,22.0908],[85.5395,22.0866],[85.5287,22.0988],[85.5148,22.1082],[85.4858,22.1165],[85.4717,22.1241],[85.457,22.1358],[85.4358,22.1442],[85.4178,22.1534],[85.4024,22.1565],[85.3904,22.1551],[85.3722,22.1524],[85.3581,22.138],[85.3617,22.1248],[85.3454,22.127],[85.323,22.125],[85.3097,22.1134],[85.2874,22.0932],[85.2742,22.0801],[85.2655,22.0603],[85.2561,22.0425],[85.2465,22.0254],[85.2411,22.0125],[85.2309,22.0003],[85.2184,22.0067],[85.2139,22.0272],[85.2107,22.0432],[85.1923,22.0512],[85.1791,22.0648],[85.1644,22.0652],[85.1698,22.0531],[85.159,22.0619],[85.1489,22.0726],[85.1351,22.0711],[85.1189,22.0665],[85.1103,22.0759],[85.0997,22.0845],[85.0954,22.0995],[85.0762,22.103],[85.0439,22.1107],[85.0312,22.1025],[85.0141,22.0937],[85.0072,22.0831],[84.9936,22.0772],[84.981,22.0824],[84.9936,22.0979],[85.0195,22.1084],[85.0274,22.1226],[85.0312,22.1374],[85.0262,22.1485],[85.0332,22.1608],[85.0415,22.1707],[85.0469,22.1858],[85.0588,22.206],[85.0695,22.2306],[85.0681,22.2434],[85.0699,22.2603],[85.0824,22.2777],[85.0986,22.2879],[85.1145,22.2905],[85.1122,22.3051],[85.1012,22.3143],[85.088,22.3141],[85.093,22.3411],[85.0799,22.3444],[85.0755,22.3558],[85.0779,22.3692],[85.0807,22.3955],[85.0773,22.4083],[85.0681,22.4181],[85.0629,22.4361],[85.0605,22.4495],[85.0711,22.4559],[85.0732,22.4729],[85.0625,22.4784],[85.0467,22.4774],[85.0333,22.4769],[85.0216,22.4671],[85.0005,22.4584],[84.9778,22.4509],[84.9602,22.4437],[84.9473,22.4511],[84.9314,22.4396],[84.9174,22.4344],[84.9077,22.4196],[84.8938,22.418],[84.8802,22.4176],[84.8795,22.4322],[84.8637,22.4345],[84.8478,22.4344],[84.8357,22.4276],[84.8127,22.4316],[84.8078,22.4469],[84.7913,22.4428],[84.7781,22.4435],[84.7527,22.442],[84.7439,22.4148],[84.7261,22.4166],[84.7113,22.4139],[84.6915,22.4125],[84.6728,22.4149],[84.6321,22.4286],[84.6136,22.4276],[84.5953,22.4249],[84.5722,22.423],[84.5433,22.4172],[84.5266,22.42],[84.5058,22.4162],[84.4813,22.4057],[84.476,22.3935],[84.4557,22.3752],[84.4421,22.373],[84.4269,22.3647],[84.4258,22.352],[84.3945,22.3439],[84.3776,22.3459],[84.3617,22.3485],[84.345,22.344],[84.324,22.3389],[84.2892,22.3373],[84.2732,22.3451],[84.2609,22.3537],[84.2514,22.3704],[84.2261,22.3741],[84.1941,22.3718],[84.1834,22.3837],[84.1525,22.4009],[84.1423,22.4154],[84.1331,22.4453],[84.1375,22.4572],[84.1349,22.4709],[84.1178,22.4714],[84.1021,22.4773],[84.0878,22.4849],[84.0716,22.4942],[84.0605,22.505],[84.0507,22.5124],[84.0331,22.5121],[84.0191,22.5211],[84.0025,22.5209],[84.0016,22.534],[84.0021,22.5466],[84.0039,22.5619],[84.011,22.575],[84.0213,22.5872],[84.0336,22.5913],[84.0481,22.5941],[84.0593,22.6074],[84.0804,22.6366],[84.094,22.6326],[84.1072,22.6367],[84.1321,22.6358],[84.1499,22.6344],[84.1648,22.6453],[84.1804,22.6498],[84.1916,22.6603],[84.2072,22.6651],[84.2206,22.6689],[84.2322,22.6886],[84.2294,22.7052],[84.2276,22.7232],[84.2254,22.7352],[84.2417,22.7484],[84.2516,22.7581],[84.274,22.7656],[84.2877,22.7709],[84.2903,22.7872],[84.3018,22.7951],[84.3117,22.8033],[84.3177,22.8172],[84.3204,22.836],[84.3203,22.8494],[84.3295,22.8596],[84.3422,22.8592],[84.3579,22.8606],[84.3699,22.8645],[84.3769,22.8759],[84.3782,22.8879],[84.3709,22.9016],[84.3863,22.9168],[84.3891,22.9387],[84.3792,22.9489],[84.3777,22.9617],[84.3705,22.9751],[84.3482,22.9759],[84.3318,22.9791],[84.3182,22.9766],[84.3068,22.9675],[84.2893,22.9616],[84.2719,22.9709],[84.2711,22.9842],[84.2546,22.9737],[84.2415,22.9729],[84.2268,22.9801],[84.2149,22.9774],[84.2011,22.9988],[84.1999,23.0151],[84.1899,23.0237],[84.1767,23.0205],[84.1726,23.0072],[84.1686,22.995],[84.1714,22.9771],[84.1546,22.9644],[84.1436,22.9751],[84.1442,22.9882],[84.1373,23.0063],[84.1317,23.0183],[84.1246,23.0307],[84.1234,23.045],[84.1259,23.0569],[84.1309,23.0775],[84.1162,23.0861],[84.1049,23.0992],[84.0879,23.1095],[84.0667,23.1071],[84.0556,23.1207],[84.0453,23.1305],[84.0337,23.1384],[84.0291,23.1539],[84.0338,23.1678],[84.0393,23.1785],[84.0509,23.1896],[84.0583,23.2036],[84.0524,23.2164],[84.054,23.2342],[84.0513,23.2466],[84.0591,23.2741],[84.0601,23.2863],[84.0594,23.3043],[84.0703,23.33],[84.0605,23.3432],[84.05,23.3519],[84.0473,23.3637],[84.038,23.3762],[84.0207,23.3755],[84.0115,23.3634],[83.9928,23.3559],[83.9749,23.3648],[83.9669,23.3742],[83.9678,23.393],[83.9762,23.4075],[83.9782,23.4209],[83.9697,23.4477],[83.9791,23.4606],[83.9846,23.4756],[83.9927,23.4852],[84.0056,23.4965],[84.0123,23.5082],[84.0127,23.5208],[84.0227,23.5442],[84.0251,23.5658],[84.0241,23.5879],[84.0203,23.6002],[84.0019,23.6204],[84.007,23.6323],[83.9927,23.6331],[83.9755,23.6308],[83.9627,23.6262],[83.9486,23.6243],[83.9315,23.6114],[83.9296,23.5937],[83.9353,23.563],[83.9225,23.565],[83.9053,23.5695],[83.8901,23.5759],[83.8596,23.5783],[83.8462,23.5809],[83.8212,23.5849],[83.8063,23.5823],[83.7861,23.5982],[83.7678,23.6091],[83.7649,23.6215],[83.7478,23.6266],[83.743,23.6405],[83.7521,23.649],[83.744,23.6591],[83.7289,23.6674],[83.7147,23.6825],[83.7226,23.6941],[83.7321,23.7047],[83.7325,23.724],[83.73,23.7437],[83.7271,23.7599],[83.7124,23.7723],[83.7108,23.7895],[83.6999,23.8016],[83.6986,23.8165],[83.6885,23.8239],[83.6722,23.8201],[83.6583,23.8278],[83.6562,23.8436],[83.6379,23.847],[83.6115,23.8534],[83.5904,23.8565],[83.5718,23.8631],[83.5576,23.8695],[83.573,23.8771],[83.5702,23.8904],[83.5494,23.8928],[83.5373,23.9146],[83.5389,23.9335],[83.5226,23.9522],[83.5124,23.967],[83.5077,23.9795],[83.5075,24.0014],[83.5166,24.0106],[83.5096,24.0254],[83.479,24.0385],[83.4581,24.0419],[83.4332,24.0547],[83.4306,24.069],[83.4254,24.0838],[83.409,24.0805],[83.3924,24.095],[83.362,24.102],[83.3457,24.0971],[83.3276,24.0996],[83.339,24.1105],[83.349,24.1264],[83.3525,24.1403],[83.3574,24.1568],[83.3656,24.172],[83.3705,24.1868],[83.3783,24.2008],[83.376,24.2139],[83.3769,24.2309],[83.3911,24.2446],[83.4019,24.266],[83.4005,24.2852],[83.3905,24.2965],[83.3803,24.3048],[83.3853,24.3203],[83.4033,24.3374],[83.4235,24.3387],[83.4343,24.3475],[83.441,24.3609],[83.4514,24.367],[83.4428,24.3776],[83.4388,24.389],[83.4299,24.4038],[83.4165,24.4095],[83.4001,24.4087],[83.4007,24.4371],[83.3814,24.4557],[83.3882,24.4681],[83.3926,24.4803],[83.3916,24.4928],[83.4,24.5061],[83.4264,24.5128],[83.4531,24.5171],[83.4814,24.5239],[83.4982,24.5271],[83.5238,24.5259],[83.5424,24.5262],[83.5712,24.517],[83.5924,24.5149],[83.6448,24.5162],[83.6625,24.5157],[83.6825,24.5156],[83.6957,24.5106],[83.7167,24.5049],[83.7307,24.5088],[83.7487,24.5105],[83.7817,24.5236],[83.7945,24.5294],[83.809,24.5289],[83.8274,24.5331],[83.8415,24.5345],[83.8577,24.5376],[83.8789,24.5365],[83.9027,24.5424],[83.9179,24.5458],[83.933,24.5517],[83.9482,24.5665],[83.9576,24.5763],[83.9649,24.5876],[83.9792,24.6151],[83.9922,24.638],[84.0145,24.6316],[84.0268,24.6277],[84.0382,24.6194],[84.0449,24.607],[84.0531,24.5947],[84.0627,24.5837],[84.0677,24.571],[84.0737,24.5576],[84.0783,24.545],[84.0887,24.5361],[84.0866,24.5146],[84.097,24.4957],[84.1098,24.4814],[84.1226,24.4867],[84.129,24.5007],[84.137,24.5182],[84.1461,24.5403],[84.1607,24.5382],[84.1557,24.5243],[84.1611,24.5126],[84.1793,24.5104],[84.1864,24.5225],[84.1728,24.542],[84.187,24.5493],[84.1999,24.557],[84.2062,24.5453],[84.2175,24.5352],[84.2207,24.5503],[84.235,24.5532],[84.2483,24.5388],[84.2627,24.5371],[84.2783,24.5475],[84.2692,24.5643],[84.293,24.566],[84.302,24.5473],[84.3119,24.5338],[84.3191,24.5223],[84.3263,24.5027],[84.3217,24.4898],[84.3082,24.4869],[84.2942,24.4808],[84.2853,24.4659],[84.2932,24.4508],[84.315,24.4475],[84.3304,24.4312],[84.3151,24.4235],[84.3278,24.4222],[84.3316,24.4046],[84.347,24.3921],[84.3614,24.3866],[84.3738,24.391],[84.385,24.3793],[84.3977,24.3774],[84.4225,24.3591],[84.4182,24.3424],[84.4449,24.3342],[84.462,24.3176],[84.4684,24.3053],[84.4871,24.3048],[84.4935,24.287],[84.5012,24.2988],[84.5032,24.3154],[84.5142,24.3236],[84.5255,24.3395],[84.5188,24.3532],[84.528,24.3648],[84.5215,24.3763],[84.5417,24.3767],[84.556,24.3797],[84.5643,24.3899],[84.5612,24.4018],[84.5725,24.4123],[84.5818,24.4015],[84.5942,24.404],[84.6125,24.4012],[84.6289,24.4002],[84.6431,24.3986],[84.6583,24.3937],[84.6629,24.4106],[84.6684,24.4263],[84.674,24.4411],[84.6789,24.4563],[84.6941,24.4618],[84.7065,24.4724],[84.7249,24.4729],[84.7401,24.4883],[84.763,24.5018],[84.7799,24.5049],[84.7837,24.5177],[84.7953,24.5295],[84.8195,24.5248],[84.8326,24.5115],[84.8279,24.486],[84.8272,24.4701],[84.8344,24.4525],[84.8475,24.4659],[84.857,24.4576],[84.8674,24.4669],[84.8802,24.4628],[84.8781,24.4438],[84.8779,24.4226],[84.8919,24.3985],[84.9005,24.3821],[84.913,24.3757],[84.9253,24.378],[84.9479,24.3718],[84.9686,24.3759],[84.9904,24.4122],[85.0107,24.4161],[85.0321,24.4254],[85.0422,24.4183],[85.0575,24.4165],[85.0646,24.4306],[85.0762,24.4399],[85.0757,24.4218],[85.0745,24.4085],[85.0655,24.3868],[85.0807,24.3808],[85.0959,24.3908],[85.1093,24.3988],[85.119,24.4091],[85.148,24.4182],[85.1644,24.4277],[85.1637,24.4414],[85.1526,24.4538],[85.1632,24.4672],[85.1763,24.468],[85.1905,24.4686],[85.2033,24.4729],[85.2158,24.4725],[85.2285,24.4794],[85.2394,24.4888],[85.2544,24.4979],[85.2696,24.4984],[85.282,24.4972],[85.2819,24.5092],[85.2825,24.5267],[85.2973,24.5286],[85.3125,24.5266],[85.3316,24.5262],[85.3458,24.528],[85.3612,24.5297],[85.3828,24.5325],[85.3952,24.5413],[85.4066,24.5457],[85.4275,24.5373],[85.4421,24.5394],[85.4566,24.5392],[85.4722,24.5478],[85.4865,24.5508],[85.5,24.5439],[85.5024,24.5314],[85.5148,24.5278],[85.5342,24.5322],[85.5404,24.5503],[85.5365,24.5638],[85.5523,24.5594],[85.5645,24.5618],[85.5671,24.5782],[85.5629,24.5913],[85.5766,24.603],[85.5911,24.5971],[85.6079,24.5908],[85.622,24.5839],[85.6443,24.5783],[85.6647,24.5819],[85.6732,24.5929],[85.6721,24.6194],[85.6657,24.6363],[85.6607,24.6506],[85.6633,24.6647],[85.6505,24.6792],[85.6797,24.6938],[85.6967,24.7135],[85.7034,24.7254],[85.7053,24.7401],[85.7036,24.7575],[85.7092,24.7756],[85.721,24.787],[85.723,24.7989],[85.7325,24.8165],[85.7473,24.8199],[85.7583,24.8151],[85.7688,24.8088],[85.7772,24.799],[85.8107,24.7945],[85.818,24.807],[85.8419,24.8081],[85.864,24.8054],[85.8778,24.8003],[85.8897,24.7917],[85.9017,24.7699],[85.9105,24.7537],[85.921,24.7446],[85.9427,24.7344],[85.9606,24.7317],[85.9727,24.7363],[85.9773,24.7476],[86,24.7514],[86.0061,24.7657],[86.0197,24.7678],[86.0318,24.7728],[86.0431,24.7774],[86.0529,24.7677],[86.0498,24.7558],[86.036,24.7473],[86.055,24.7463],[86.0866,24.7463],[86.1055,24.736],[86.1109,24.724],[86.1186,24.7117],[86.1291,24.69],[86.1336,24.6755],[86.1263,24.6542],[86.1182,24.6419],[86.1219,24.6301],[86.1256,24.6118],[86.1446,24.6031],[86.157,24.5892],[86.1949,24.5852],[86.2157,24.5912],[86.2174,24.6118],[86.2303,24.6023],[86.2429,24.5921],[86.2575,24.5831],[86.2697,24.5778],[86.2804,24.5842],[86.2926,24.5861],[86.3101,24.5816],[86.3229,24.5841],[86.311,24.5682],[86.304,24.5583],[86.3098,24.5473],[86.3013,24.532],[86.3106,24.5138],[86.3035,24.4983],[86.2977,24.4825],[86.2856,24.4768],[86.2791,24.462],[86.3009,24.4568],[86.3038,24.4448],[86.3195,24.4402],[86.3327,24.4402],[86.3478,24.4405],[86.3627,24.4268],[86.3733,24.4159],[86.3987,24.4003],[86.4156,24.3792],[86.4307,24.3761],[86.4463,24.3684],[86.4618,24.3767],[86.4671,24.3952],[86.4637,24.4078],[86.4658,24.4219],[86.4821,24.425],[86.4919,24.4393],[86.4911,24.4541],[86.4897,24.4676],[86.4903,24.4844],[86.4975,24.498],[86.5057,24.5177],[86.5235,24.5357],[86.5361,24.5364],[86.5513,24.5434],[86.5546,24.5593],[86.568,24.5628],[86.5832,24.5728],[86.5839,24.5853],[86.5949,24.5971],[86.6093,24.6074],[86.6069,24.5944],[86.6189,24.5947],[86.6272,24.5796],[86.6413,24.5761],[86.6559,24.5632],[86.6684,24.5606],[86.6815,24.5651],[86.6954,24.5689],[86.7099,24.5735],[86.7316,24.5758],[86.7395,24.5865],[86.7446,24.6029],[86.7509,24.618],[86.7691,24.6165],[86.7841,24.6103],[86.7944,24.5968],[86.7903,24.6084],[86.8002,24.5986],[86.8049,24.5854],[86.8012,24.572],[86.8136,24.5682],[86.8256,24.566],[86.8386,24.5628],[86.8471,24.553],[86.8616,24.5603],[86.8732,24.565],[86.8841,24.5545],[86.8984,24.5498],[86.9112,24.5387],[86.9065,24.5553],[86.9012,24.5668],[86.898,24.5805],[86.9047,24.5951],[86.9179,24.6108],[86.9239,24.6243],[86.9361,24.6304],[86.9301,24.6428],[86.9486,24.6428],[86.9447,24.6312],[86.9584,24.6294],[86.9712,24.6303],[86.9855,24.6216],[87.0102,24.6063],[87.0167,24.6178],[87.0275,24.6093],[87.0409,24.611],[87.0444,24.624],[87.0488,24.637],[87.051,24.6493],[87.0548,24.6607],[87.0589,24.6723],[87.0638,24.685],[87.0709,24.6989],[87.0726,24.7109],[87.0803,24.722],[87.0813,24.7359],[87.0816,24.7483],[87.0849,24.7615],[87.0828,24.7792],[87.0912,24.7881],[87.0967,24.8015],[87.0835,24.8066],[87.0773,24.8181],[87.0912,24.8236],[87.0997,24.8348],[87.106,24.8473],[87.1192,24.854],[87.1327,24.8596],[87.151,24.8584],[87.1496,24.8724],[87.1581,24.8856],[87.1543,24.9001],[87.1465,24.9129],[87.1527,24.924],[87.1521,24.9365],[87.1488,24.9494],[87.1526,24.963],[87.153,24.9831],[87.1465,24.9999],[87.1442,25.018],[87.1583,25.031],[87.165,25.0428],[87.1733,25.0565],[87.1843,25.067],[87.1975,25.0737],[87.2083,25.0833],[87.2271,25.0876],[87.2399,25.0995],[87.2506,25.1059],[87.2631,25.1008],[87.2749,25.0922],[87.2911,25.0893],[87.2928,25.1047],[87.2979,25.1347],[87.308,25.1503],[87.3144,25.1628],[87.316,25.1863],[87.3183,25.2012],[87.3235,25.2231],[87.3478,25.2132],[87.3685,25.2069],[87.3739,25.2185],[87.3865,25.2257],[87.4022,25.2214],[87.4166,25.2149],[87.4551,25.1975],[87.4676,25.1931],[87.4718,25.2224],[87.4726,25.2409],[87.4876,25.262],[87.4945,25.2754],[87.4815,25.2952],[87.4901,25.3052],[87.4989,25.2923],[87.5129,25.2921],[87.5255,25.281],[87.5397,25.2816],[87.5385,25.2962],[87.5441,25.3229],[87.5671,25.3339],[87.5795,25.3439],[87.5812,25.328],[87.5999,25.3147]]]}},{"type":"Feature","properties":{"name":"Karnataka","id":"karnataka"},"geometry":{"type":"MultiPolygon","coordinates":[[[[74.671,13.1999],[74.671,13.1999]]],[[[74.7285,13.2829],[74.7285,13.2829]]],[[[74.7004,13.2843],[74.7004,13.2843]]],[[[74.7237,13.2896],[74.7237,13.2896]]],[[[74.6907,13.334],[74.6907,13.334]]],[[[74.689,13.341],[74.689,13.341]]],[[[74.6826,13.3485],[74.6826,13.3485]]],[[[74.6715,13.3832],[74.6715,13.3832]]],[[[74.4829,14.0112],[74.4829,14.0112]]],[[[74.3262,14.0207],[74.3262,14.0207]]],[[[74.4032,14.3154],[74.4032,14.3154]]],[[[74.3651,14.5526],[74.3763,14.5468],[74.3651,14.5424],[74.3651,14.5526]]],[[[74.2538,14.706],[74.2538,14.706]]],[[[74.2407,14.7113],[74.2407,14.7113]]],[[[74.1554,14.7418],[74.1554,14.7418]]],[[[74.1113,14.7615],[74.1113,14.7615]]],[[[74.0879,14.796],[74.0879,14.796]]],[[[74.0565,14.8171],[74.0565,14.8171]]],[[[74.064,14.8212],[74.064,14.8212]]],[[[74.0593,14.8215],[74.0593,14.8215]]],[[[74.094,14.8385],[74.094,14.8385]]],[[[74.0985,14.846],[74.0985,14.846]]],[[[74.0971,14.8785],[74.0971,14.8785]]],[[[77.3373,18.4354],[77.3541,18.4487],[77.3696,18.4477],[77.3644,18.4298],[77.3698,18.4007],[77.3926,18.397],[77.4101,18.3885],[77.4007,18.3702],[77.3982,18.3535],[77.3928,18.3405],[77.3793,18.3391],[77.367,18.3223],[77.3554,18.3185],[77.3625,18.3083],[77.3813,18.306],[77.3926,18.3009],[77.4078,18.2996],[77.425,18.3047],[77.4346,18.293],[77.4449,18.2772],[77.4508,18.266],[77.4654,18.26],[77.4803,18.2687],[77.4922,18.2659],[77.5102,18.2784],[77.5084,18.3022],[77.5198,18.3074],[77.5396,18.2938],[77.561,18.2831],[77.5707,18.2905],[77.5838,18.2831],[77.5978,18.2812],[77.5919,18.2618],[77.5725,18.2406],[77.5811,18.2227],[77.5744,18.1999],[77.5643,18.19],[77.5725,18.1789],[77.5794,18.1621],[77.5892,18.1535],[77.5935,18.1279],[77.6006,18.0994],[77.5975,18.0843],[77.5774,18.0769],[77.5605,18.0711],[77.5474,18.0636],[77.5481,18.048],[77.5531,18.0347],[77.5745,18.0307],[77.585,18.0248],[77.5922,18.0102],[77.6067,18.018],[77.6159,18.0061],[77.6288,17.9925],[77.6423,17.9959],[77.6498,17.9859],[77.6436,17.9734],[77.652,17.9643],[77.6474,17.9532],[77.6356,17.9505],[77.6297,17.963],[77.6289,17.9485],[77.6168,17.9381],[77.6187,17.9218],[77.6166,17.9029],[77.6044,17.9055],[77.5852,17.9082],[77.5852,17.8925],[77.5925,17.8795],[77.5777,17.8712],[77.566,17.8496],[77.5592,17.8386],[77.5497,17.818],[77.526,17.8268],[77.5261,17.8117],[77.5109,17.8014],[77.5045,17.7826],[77.523,17.7796],[77.5345,17.7747],[77.5545,17.7613],[77.562,17.7471],[77.5519,17.7344],[77.5394,17.7254],[77.5226,17.724],[77.5095,17.72],[77.4943,17.716],[77.4845,17.7036],[77.4716,17.704],[77.4579,17.699],[77.4514,17.6877],[77.4491,17.6661],[77.445,17.6484],[77.4508,17.6324],[77.4458,17.6123],[77.4421,17.5958],[77.4399,17.5815],[77.4612,17.577],[77.4721,17.5691],[77.49,17.5663],[77.4956,17.55],[77.5097,17.5492],[77.5274,17.5732],[77.544,17.5546],[77.5561,17.5522],[77.5854,17.5584],[77.5917,17.5327],[77.608,17.5311],[77.6212,17.5223],[77.6332,17.5231],[77.6453,17.5188],[77.6612,17.5148],[77.6789,17.5051],[77.687,17.4916],[77.684,17.4729],[77.6649,17.4763],[77.6481,17.4812],[77.6528,17.5033],[77.6442,17.4949],[77.6404,17.476],[77.6266,17.4712],[77.6109,17.4699],[77.6114,17.4529],[77.5959,17.4427],[77.5732,17.4542],[77.572,17.4386],[77.5578,17.4353],[77.5335,17.441],[77.5101,17.4273],[77.5107,17.4125],[77.5267,17.406],[77.5213,17.3863],[77.5302,17.3779],[77.5208,17.3621],[77.4991,17.3541],[77.4826,17.3545],[77.4724,17.3632],[77.4516,17.3705],[77.4498,17.35],[77.4551,17.3379],[77.4496,17.3149],[77.4404,17.2978],[77.4528,17.2866],[77.4497,17.2699],[77.4374,17.2614],[77.4226,17.2533],[77.4178,17.2328],[77.4055,17.2374],[77.3923,17.2286],[77.3804,17.2198],[77.3932,17.2115],[77.3915,17.1924],[77.3767,17.193],[77.3675,17.1832],[77.3635,17.1695],[77.3669,17.1513],[77.3763,17.1379],[77.3989,17.1319],[77.4118,17.1205],[77.4235,17.1141],[77.4386,17.1146],[77.4524,17.1076],[77.4603,17.0928],[77.4684,17.0811],[77.4778,17.0723],[77.4831,17.0534],[77.4919,17.0388],[77.492,17.0217],[77.4994,17.0073],[77.4832,16.9987],[77.48,16.9752],[77.4737,16.9595],[77.4647,16.9464],[77.4635,16.929],[77.4677,16.9171],[77.4534,16.909],[77.4543,16.8861],[77.4603,16.8545],[77.4566,16.8237],[77.4627,16.8045],[77.4718,16.7963],[77.4711,16.7791],[77.4445,16.78],[77.4372,16.7631],[77.4353,16.7495],[77.4313,16.7364],[77.4263,16.7227],[77.4333,16.7091],[77.4454,16.7138],[77.461,16.7132],[77.4675,16.7024],[77.465,16.6783],[77.4464,16.6742],[77.4166,16.6628],[77.4281,16.6501],[77.4329,16.6376],[77.4485,16.6388],[77.4614,16.6488],[77.4659,16.6359],[77.4613,16.6248],[77.4538,16.6138],[77.4636,16.6048],[77.4588,16.5921],[77.4433,16.5821],[77.421,16.5652],[77.4021,16.5663],[77.3903,16.5597],[77.4004,16.5502],[77.4157,16.544],[77.4153,16.5178],[77.4006,16.516],[77.3887,16.5121],[77.3729,16.506],[77.3673,16.4938],[77.3582,16.4832],[77.3436,16.4849],[77.33,16.4807],[77.3136,16.4876],[77.2966,16.4915],[77.292,16.4736],[77.2515,16.4679],[77.2389,16.4729],[77.2525,16.4533],[77.2644,16.4301],[77.2748,16.4177],[77.2847,16.403],[77.307,16.394],[77.3327,16.3883],[77.3429,16.3797],[77.3732,16.3799],[77.3881,16.3718],[77.4011,16.366],[77.4222,16.3628],[77.4352,16.3727],[77.449,16.3758],[77.4613,16.3754],[77.4814,16.3778],[77.4945,16.3758],[77.5101,16.3702],[77.5286,16.3584],[77.5443,16.3498],[77.5545,16.3416],[77.5718,16.336],[77.5864,16.3379],[77.5866,16.3204],[77.591,16.3046],[77.5923,16.2901],[77.5807,16.2861],[77.5693,16.2948],[77.5495,16.2907],[77.5398,16.2826],[77.5338,16.2626],[77.5193,16.2709],[77.5012,16.2678],[77.4876,16.2498],[77.4888,16.2243],[77.5022,16.2248],[77.4953,16.213],[77.4949,16.1954],[77.4884,16.1787],[77.4836,16.1586],[77.4881,16.1474],[77.4886,16.1265],[77.4954,16.1147],[77.5094,16.1035],[77.4979,16.0972],[77.4929,16.0838],[77.5029,16.0732],[77.4995,16.0543],[77.4907,16.0306],[77.4988,16.0172],[77.5017,16.0055],[77.5055,15.9788],[77.5149,15.9632],[77.5146,15.9434],[77.5095,15.9209],[77.4973,15.9263],[77.4833,15.9281],[77.467,15.9276],[77.4525,15.9315],[77.4365,15.939],[77.4219,15.9413],[77.4076,15.9357],[77.3927,15.9368],[77.3762,15.9333],[77.3599,15.9416],[77.3352,15.9433],[77.3148,15.9452],[77.3002,15.9505],[77.2824,15.9474],[77.2632,15.9514],[77.2489,15.9577],[77.2361,15.9527],[77.2187,15.9516],[77.203,15.9499],[77.1878,15.9507],[77.1707,15.9455],[77.1571,15.9445],[77.1434,15.9406],[77.1299,15.9304],[77.1046,15.9245],[77.0901,15.9179],[77.0768,15.9097],[77.066,15.8993],[77.0582,15.8872],[77.0525,15.8763],[77.041,15.864],[77.0332,15.8531],[77.0223,15.8318],[77.0339,15.8244],[77.0499,15.8201],[77.0639,15.8232],[77.0615,15.7979],[77.0625,15.7784],[77.0537,15.7636],[77.0517,15.7501],[77.0432,15.7345],[77.063,15.7237],[77.0763,15.7214],[77.0844,15.709],[77.0816,15.6953],[77.1008,15.6789],[77.1105,15.6713],[77.1191,15.6621],[77.1209,15.6372],[77.1162,15.6251],[77.1039,15.6339],[77.0959,15.6441],[77.0814,15.6528],[77.0689,15.6409],[77.036,15.6324],[77.0284,15.6068],[77.0244,15.5844],[77.0289,15.5251],[77.0287,15.5086],[77.0054,15.5028],[76.9909,15.5011],[76.9719,15.5063],[76.9704,15.4909],[76.989,15.4732],[77.0007,15.4617],[77.0061,15.4482],[77.0238,15.4386],[77.0305,15.4263],[77.0269,15.4078],[77.0333,15.3963],[77.0438,15.3837],[77.038,15.3588],[77.0578,15.3432],[77.0631,15.3281],[77.0993,15.3266],[77.1102,15.3207],[77.1154,15.2899],[77.1388,15.2855],[77.1487,15.2779],[77.1452,15.2661],[77.1577,15.2604],[77.1653,15.251],[77.1467,15.2503],[77.1327,15.2346],[77.1209,15.2212],[77.1414,15.2181],[77.15,15.2079],[77.1558,15.1943],[77.1615,15.1822],[77.1645,15.1685],[77.1588,15.1579],[77.1455,15.1507],[77.1321,15.1427],[77.1528,15.1316],[77.1477,15.1073],[77.1276,15.0936],[77.1255,15.0682],[77.1209,15.0551],[77.1161,15.0401],[77.1096,15.0286],[77.0908,15.0277],[77.0805,15.0079],[77.0686,15.0011],[77.0509,15.0043],[77.0464,15.016],[77.0469,15.0292],[77.023,15.0277],[77.0093,15.0296],[76.9957,15.0237],[76.9835,15.0204],[76.9668,15.0132],[76.9507,15.0244],[76.9317,15.0263],[76.9194,15.0285],[76.9054,15.0293],[76.8887,15.0318],[76.8767,15.0287],[76.8698,15.044],[76.8606,15.0567],[76.8432,15.0662],[76.8294,15.0743],[76.8119,15.0802],[76.7969,15.0908],[76.7876,15.0804],[76.7786,15.0716],[76.7708,15.0583],[76.775,15.044],[76.7818,15.0233],[76.7797,15.0059],[76.7681,14.9956],[76.7592,14.9851],[76.7638,14.9699],[76.7969,14.9629],[76.8155,14.9638],[76.8236,14.9536],[76.8359,14.9591],[76.8645,14.964],[76.8655,14.9376],[76.8635,14.9156],[76.8627,14.9018],[76.8461,14.8903],[76.8509,14.8729],[76.8494,14.8387],[76.8401,14.83],[76.8445,14.8156],[76.8487,14.804],[76.835,14.8001],[76.8338,14.7849],[76.8207,14.7866],[76.7803,14.7793],[76.7864,14.7619],[76.795,14.7411],[76.7855,14.7071],[76.7811,14.6905],[76.7713,14.6738],[76.7695,14.6563],[76.763,14.6119],[76.7609,14.5963],[76.7728,14.5872],[76.7841,14.562],[76.7947,14.5407],[76.7997,14.5277],[76.8197,14.5203],[76.8321,14.5151],[76.8439,14.5091],[76.8542,14.4989],[76.8604,14.4871],[76.8638,14.4747],[76.8803,14.4705],[76.8943,14.4808],[76.9065,14.4842],[76.9454,14.4822],[76.9691,14.4791],[76.9644,14.4517],[76.9438,14.4451],[76.9443,14.4252],[76.9447,14.4089],[76.919,14.4115],[76.9012,14.3983],[76.8868,14.3925],[76.8786,14.3514],[76.8854,14.3396],[76.899,14.3192],[76.9168,14.3123],[76.9366,14.3084],[76.9467,14.3004],[76.9487,14.2868],[76.9355,14.2766],[76.9258,14.2644],[76.9336,14.2535],[76.9378,14.2401],[76.9514,14.2342],[76.9697,14.2352],[76.9825,14.2382],[76.9946,14.2356],[77.0125,14.2351],[77.0246,14.2367],[77.0406,14.2408],[77.0553,14.2323],[77.0676,14.2179],[77.0849,14.2085],[77.1051,14.2133],[77.1105,14.232],[77.1116,14.2485],[77.1069,14.2618],[77.1105,14.2749],[77.1119,14.2875],[77.1258,14.3015],[77.1309,14.3138],[77.1319,14.3306],[77.1464,14.3322],[77.1598,14.3362],[77.1719,14.3302],[77.1964,14.3143],[77.2098,14.313],[77.2229,14.315],[77.2451,14.3145],[77.2579,14.3257],[77.2733,14.3318],[77.2827,14.3023],[77.2796,14.2761],[77.2955,14.2765],[77.3075,14.2738],[77.3206,14.2735],[77.3434,14.2705],[77.3593,14.2693],[77.3592,14.2436],[77.3554,14.23],[77.3766,14.2167],[77.3801,14.2026],[77.3912,14.1909],[77.4149,14.2032],[77.4147,14.2171],[77.4062,14.2367],[77.401,14.2604],[77.3843,14.2656],[77.3812,14.283],[77.375,14.2952],[77.3788,14.3171],[77.3949,14.3292],[77.4093,14.3271],[77.4207,14.322],[77.4275,14.3048],[77.4423,14.3098],[77.4424,14.2909],[77.4436,14.2776],[77.4547,14.2722],[77.4684,14.2794],[77.4793,14.2848],[77.4921,14.2713],[77.4994,14.2605],[77.4963,14.2404],[77.4901,14.2276],[77.4931,14.214],[77.5011,14.1932],[77.5041,14.1807],[77.5068,14.1642],[77.5004,14.151],[77.4885,14.1531],[77.4633,14.1642],[77.4235,14.1651],[77.4097,14.1697],[77.3975,14.1665],[77.3896,14.1535],[77.3787,14.1383],[77.365,14.1271],[77.3477,14.1243],[77.3465,14.1104],[77.3445,14.096],[77.3525,14.1054],[77.3733,14.1126],[77.3897,14.1186],[77.3954,14.1034],[77.3857,14.0935],[77.3724,14.0719],[77.3614,14.066],[77.3501,14.0534],[77.338,14.0538],[77.3313,14.0398],[77.3262,14.0229],[77.3441,14.0191],[77.3623,14.016],[77.3751,14.0121],[77.3799,13.9933],[77.3732,13.9817],[77.3757,13.9691],[77.4102,13.9769],[77.4266,13.9733],[77.4309,13.962],[77.4287,13.9433],[77.4077,13.9361],[77.4084,13.9216],[77.4225,13.912],[77.419,13.8949],[77.4085,13.8888],[77.3971,13.8805],[77.3904,13.8977],[77.3588,13.8956],[77.3459,13.9033],[77.3526,13.9285],[77.3626,13.9423],[77.3437,13.9509],[77.3534,13.9763],[77.3457,13.9856],[77.3335,13.9881],[77.3241,14.0053],[77.317,14.0153],[77.3036,14.0267],[77.2923,14.0145],[77.2785,14.0069],[77.2715,14.0281],[77.2558,14.021],[77.2426,14.0063],[77.2273,14.008],[77.2077,14.0049],[77.1946,14.0029],[77.1714,14.0086],[77.1628,13.9978],[77.1473,13.9916],[77.1343,13.9981],[77.1278,14.0187],[77.1247,14.0347],[77.1102,14.042],[77.0967,14.0407],[77.0765,14.038],[77.0512,14.0496],[77.0349,14.0514],[77.0202,14.0614],[77.0245,14.0772],[77.0147,14.0887],[77.0166,14.1061],[77.0203,14.1223],[77.016,14.1527],[77.0211,14.1643],[77.0061,14.1749],[76.9863,14.1725],[76.9728,14.1743],[76.9585,14.1755],[76.9491,14.1838],[76.9392,14.1677],[76.923,14.1634],[76.8968,14.1619],[76.8892,14.1509],[76.8869,14.1362],[76.8985,14.1269],[76.9125,14.1221],[76.9224,14.129],[76.9374,14.1152],[76.9466,14.103],[76.9463,14.0853],[76.9601,14.083],[76.9718,14.0757],[76.9742,14.0577],[76.9497,14.0478],[76.9337,14.0407],[76.9311,14.0227],[76.9423,14.0155],[76.9642,14.0022],[76.9752,13.9966],[76.985,13.9875],[76.9913,13.9758],[76.989,13.9567],[76.9994,13.9504],[77.014,13.9395],[77.0358,13.9256],[77.0413,13.8974],[77.0278,13.8972],[77.0166,13.8877],[77.0117,13.8714],[77.0071,13.8542],[76.9941,13.839],[76.984,13.8277],[76.9716,13.8189],[76.98,13.8072],[76.9858,13.793],[76.9844,13.7766],[76.989,13.7602],[76.9917,13.7453],[77.0019,13.7367],[77.0138,13.7475],[77.0184,13.7617],[77.0264,13.7714],[77.0473,13.7561],[77.0547,13.7445],[77.0715,13.7388],[77.0804,13.7534],[77.0953,13.7609],[77.1109,13.7546],[77.1235,13.7509],[77.1375,13.7557],[77.1582,13.7549],[77.1696,13.7614],[77.1692,13.7756],[77.1585,13.7871],[77.1541,13.8006],[77.1619,13.8155],[77.1479,13.8289],[77.1253,13.843],[77.1394,13.859],[77.1625,13.857],[77.1624,13.8763],[77.157,13.8913],[77.1596,13.9085],[77.1701,13.9163],[77.1816,13.9108],[77.1813,13.8912],[77.1796,13.8783],[77.1751,13.8614],[77.1927,13.8562],[77.201,13.8665],[77.2049,13.8812],[77.2081,13.8604],[77.217,13.8693],[77.2209,13.8818],[77.2255,13.8955],[77.2401,13.8941],[77.2388,13.8815],[77.2407,13.8659],[77.253,13.8561],[77.2504,13.8395],[77.2751,13.8428],[77.2897,13.85],[77.3069,13.8572],[77.3162,13.8397],[77.32,13.8258],[77.3347,13.8294],[77.347,13.8396],[77.3595,13.8457],[77.3731,13.8382],[77.3898,13.8329],[77.4039,13.8314],[77.4187,13.8335],[77.4151,13.8154],[77.4082,13.8025],[77.4195,13.7958],[77.4287,13.788],[77.4355,13.7992],[77.4556,13.7998],[77.4508,13.7855],[77.4587,13.7498],[77.4601,13.7339],[77.4568,13.7126],[77.446,13.7006],[77.4498,13.6758],[77.4765,13.6776],[77.4851,13.6867],[77.4824,13.6988],[77.5028,13.7044],[77.5069,13.6927],[77.5215,13.6879],[77.5278,13.707],[77.5275,13.719],[77.5227,13.7311],[77.5197,13.7438],[77.5395,13.7437],[77.5451,13.7282],[77.5561,13.7165],[77.5666,13.7294],[77.5815,13.7306],[77.5956,13.7436],[77.6156,13.7284],[77.6285,13.7299],[77.6338,13.7413],[77.6126,13.7469],[77.6143,13.7603],[77.6491,13.7758],[77.664,13.7759],[77.6698,13.7626],[77.6847,13.7586],[77.7022,13.731],[77.7135,13.7462],[77.7142,13.7608],[77.7128,13.7747],[77.7129,13.7905],[77.7284,13.8017],[77.741,13.8038],[77.7553,13.8075],[77.7692,13.8085],[77.7804,13.8167],[77.7741,13.8317],[77.7864,13.8399],[77.8028,13.8407],[77.8108,13.8521],[77.8277,13.8606],[77.825,13.8799],[77.8147,13.8911],[77.8074,13.9032],[77.8064,13.9176],[77.8142,13.931],[77.8301,13.9272],[77.846,13.9283],[77.8624,13.9268],[77.887,13.9312],[77.8873,13.9177],[77.8957,13.9077],[77.9059,13.8995],[77.9198,13.8987],[77.9297,13.9088],[77.9389,13.9246],[77.9508,13.9279],[77.9553,13.9419],[77.9664,13.9506],[77.9786,13.9477],[77.9735,13.9242],[77.9747,13.9053],[77.978,13.8933],[77.9495,13.8845],[77.9418,13.8711],[77.9457,13.8398],[77.9481,13.8248],[77.9658,13.8202],[77.9812,13.8488],[77.9852,13.8617],[78.0048,13.8617],[78.0156,13.8544],[78.0378,13.8528],[78.0429,13.8638],[78.0412,13.8867],[78.0547,13.8794],[78.068,13.8745],[78.0749,13.8549],[78.0884,13.8549],[78.106,13.8535],[78.1135,13.8409],[78.1173,13.8218],[78.1077,13.8036],[78.1152,13.7877],[78.111,13.7618],[78.1012,13.753],[78.0893,13.743],[78.0933,13.7276],[78.1055,13.7146],[78.1072,13.6984],[78.1054,13.6844],[78.0852,13.6806],[78.0641,13.6882],[78.0641,13.6746],[78.0728,13.6552],[78.0797,13.6445],[78.0863,13.6335],[78.1074,13.6471],[78.1232,13.6489],[78.1462,13.6497],[78.159,13.6452],[78.1605,13.6234],[78.1858,13.6212],[78.1954,13.6016],[78.1886,13.5884],[78.1795,13.5789],[78.1801,13.5642],[78.1958,13.5607],[78.2085,13.5819],[78.2226,13.5771],[78.2366,13.5845],[78.2497,13.5743],[78.2654,13.5782],[78.2806,13.5777],[78.3125,13.5835],[78.3437,13.5778],[78.3614,13.5789],[78.3803,13.5813],[78.3939,13.5707],[78.386,13.544],[78.3855,13.5317],[78.3731,13.5123],[78.3696,13.4999],[78.3674,13.482],[78.3673,13.4669],[78.3626,13.4521],[78.3642,13.4379],[78.3653,13.4244],[78.3695,13.4089],[78.3713,13.391],[78.3644,13.3705],[78.3552,13.3551],[78.3682,13.3483],[78.3837,13.3424],[78.3974,13.3323],[78.3884,13.3185],[78.3754,13.3264],[78.3829,13.3141],[78.3913,13.3037],[78.4071,13.3101],[78.4208,13.3191],[78.4303,13.3078],[78.4413,13.2995],[78.4542,13.3041],[78.4664,13.3101],[78.4702,13.2939],[78.4835,13.2881],[78.4952,13.2792],[78.5083,13.2695],[78.5155,13.2571],[78.5256,13.2693],[78.5356,13.2761],[78.5472,13.2727],[78.5532,13.2846],[78.5541,13.2983],[78.5616,13.288],[78.5672,13.2718],[78.5775,13.262],[78.5722,13.2486],[78.5632,13.2384],[78.5589,13.2271],[78.5572,13.212],[78.5687,13.2043],[78.5584,13.1922],[78.5409,13.1873],[78.5535,13.1799],[78.5647,13.174],[78.5691,13.1565],[78.5469,13.1534],[78.5337,13.1461],[78.5354,13.1307],[78.5214,13.1291],[78.5129,13.1202],[78.5111,13.1063],[78.5224,13.0997],[78.5138,13.0847],[78.5019,13.0817],[78.4986,13.0698],[78.5048,13.0594],[78.4879,13.0497],[78.4774,13.0432],[78.4647,13.0349],[78.4516,13.0315],[78.4504,13.0149],[78.4554,12.9901],[78.4614,12.9791],[78.4579,12.9632],[78.4336,12.9688],[78.4219,12.9627],[78.4274,12.9505],[78.4246,12.9382],[78.4214,12.9235],[78.4345,12.9083],[78.4491,12.8967],[78.4583,12.8797],[78.4569,12.8661],[78.4542,12.8532],[78.4527,12.8655],[78.4385,12.8797],[78.4358,12.9007],[78.4247,12.8934],[78.4115,12.8909],[78.3995,12.8962],[78.3884,12.9055],[78.3783,12.8952],[78.361,12.9116],[78.3454,12.9281],[78.3383,12.9158],[78.3272,12.8892],[78.3135,12.8886],[78.31,12.8765],[78.3214,12.8717],[78.3111,12.8654],[78.3031,12.8472],[78.2757,12.8492],[78.2626,12.8566],[78.2487,12.8498],[78.2419,12.8123],[78.2354,12.7876],[78.2295,12.762],[78.2206,12.7526],[78.2023,12.7551],[78.1902,12.7611],[78.1753,12.7633],[78.1616,12.7623],[78.1477,12.7633],[78.1365,12.7692],[78.1207,12.77],[78.1145,12.7871],[78.1021,12.7934],[78.0865,12.8033],[78.0761,12.8205],[78.0646,12.8302],[78.0514,12.8323],[78.042,12.8421],[78.0222,12.8412],[78.0091,12.8337],[78.0071,12.82],[77.9933,12.8137],[78.0033,12.8058],[77.9897,12.7972],[77.9813,12.8104],[77.9713,12.8226],[77.9575,12.8215],[77.958,12.8363],[77.9486,12.8481],[77.9335,12.8448],[77.9399,12.8293],[77.933,12.8129],[77.9208,12.8162],[77.9092,12.822],[77.9149,12.839],[77.9278,12.8505],[77.9336,12.8617],[77.9197,12.8635],[77.929,12.8748],[77.9144,12.8735],[77.9022,12.8734],[77.8875,12.8669],[77.878,12.8593],[77.8622,12.8569],[77.8494,12.8579],[77.8364,12.8576],[77.8222,12.8546],[77.8136,12.844],[77.7998,12.8378],[77.7849,12.8338],[77.7923,12.8214],[77.8007,12.8056],[77.7914,12.7963],[77.7995,12.7869],[77.7879,12.7813],[77.7815,12.771],[77.7716,12.7598],[77.7783,12.7479],[77.7781,12.7337],[77.7584,12.7293],[77.7517,12.7184],[77.7615,12.7077],[77.7502,12.6872],[77.7336,12.6915],[77.7309,12.678],[77.7314,12.664],[77.7184,12.662],[77.7038,12.6737],[77.7018,12.6582],[77.6875,12.6519],[77.6733,12.6504],[77.6693,12.6619],[77.6543,12.6742],[77.6388,12.6701],[77.6094,12.6634],[77.5978,12.659],[77.5893,12.6483],[77.5917,12.6328],[77.5978,12.621],[77.5854,12.6119],[77.5815,12.5842],[77.5742,12.5672],[77.5724,12.5404],[77.5776,12.5235],[77.5798,12.5115],[77.5952,12.5037],[77.6047,12.4949],[77.5825,12.4763],[77.5966,12.4646],[77.6108,12.478],[77.6252,12.4773],[77.6217,12.4544],[77.6201,12.4381],[77.6169,12.4246],[77.6201,12.4085],[77.6133,12.3978],[77.6109,12.3856],[77.6099,12.3736],[77.6063,12.3603],[77.5912,12.3492],[77.5862,12.3363],[77.5753,12.3263],[77.566,12.3167],[77.5561,12.2972],[77.5427,12.2837],[77.5235,12.281],[77.5183,12.2695],[77.5021,12.2663],[77.4906,12.2731],[77.4784,12.2697],[77.4672,12.2532],[77.463,12.2358],[77.4737,12.2249],[77.4684,12.2102],[77.4692,12.1965],[77.4825,12.1901],[77.5113,12.184],[77.5245,12.1882],[77.5385,12.1945],[77.5558,12.1871],[77.5696,12.1881],[77.5842,12.1888],[77.5966,12.1953],[77.6105,12.1916],[77.6256,12.1897],[77.6447,12.1886],[77.6681,12.1837],[77.7013,12.1726],[77.7195,12.1715],[77.7291,12.16],[77.7391,12.1479],[77.7402,12.1293],[77.7528,12.118],[77.767,12.1091],[77.7628,12.0975],[77.7505,12.0805],[77.7461,12.0693],[77.734,12.0602],[77.7204,12.0534],[77.7126,12.0414],[77.7016,12.0271],[77.6941,12.0152],[77.6812,11.9912],[77.6671,11.9589],[77.6647,11.9397],[77.6468,11.9387],[77.6302,11.938],[77.6152,11.9341],[77.6037,11.9303],[77.5914,11.9263],[77.579,11.9283],[77.548,11.9307],[77.5313,11.9265],[77.514,11.9257],[77.5006,11.9272],[77.4844,11.9324],[77.4822,11.9121],[77.4795,11.9004],[77.4772,11.8818],[77.4633,11.8873],[77.453,11.8759],[77.4539,11.8573],[77.451,11.8443],[77.4516,11.8234],[77.4465,11.8115],[77.4409,11.7913],[77.4321,11.7789],[77.4238,11.7661],[77.4193,11.7507],[77.4125,11.7623],[77.3819,11.7762],[77.3622,11.7758],[77.3509,11.7686],[77.3261,11.7589],[77.3136,11.77],[77.2905,11.7942],[77.2783,11.7897],[77.2485,11.8009],[77.2371,11.7882],[77.2164,11.7848],[77.2039,11.7845],[77.1897,11.7828],[77.1723,11.7757],[77.1554,11.7743],[77.1372,11.772],[77.1274,11.7609],[77.1139,11.7618],[77.1057,11.7506],[77.1054,11.7316],[77.1093,11.7128],[77.0963,11.7231],[77.0759,11.7239],[77.0501,11.7577],[77.0619,11.7721],[77.0457,11.7792],[77.0276,11.7617],[77.0303,11.7783],[77.0228,11.795],[77.0088,11.797],[76.9904,11.7993],[76.9728,11.8011],[76.9654,11.7765],[76.9596,11.7652],[76.9503,11.7754],[76.9358,11.7767],[76.9135,11.7804],[76.8997,11.7833],[76.8915,11.7701],[76.8885,11.7504],[76.8817,11.7301],[76.8756,11.7179],[76.8646,11.7105],[76.8536,11.6988],[76.8491,11.6872],[76.8414,11.6698],[76.8357,11.6561],[76.8285,11.6441],[76.8297,11.6293],[76.838,11.6188],[76.8459,11.6061],[76.8473,11.5886],[76.8373,11.5745],[76.8335,11.587],[76.8165,11.5972],[76.7908,11.5997],[76.7738,11.6034],[76.7514,11.6067],[76.7354,11.6052],[76.7202,11.6051],[76.7075,11.6059],[76.6931,11.6044],[76.679,11.6041],[76.6644,11.6051],[76.6337,11.6035],[76.6079,11.6004],[76.5883,11.6044],[76.5748,11.6057],[76.5601,11.6101],[76.5497,11.627],[76.5452,11.6483],[76.543,11.663],[76.5353,11.677],[76.5247,11.686],[76.5131,11.6942],[76.4878,11.6855],[76.4738,11.6842],[76.4666,11.6723],[76.4514,11.6551],[76.4313,11.6566],[76.4176,11.6634],[76.4022,11.6831],[76.4029,11.6995],[76.4111,11.71],[76.419,11.7215],[76.412,11.7343],[76.4108,11.7465],[76.3907,11.7429],[76.3723,11.7362],[76.356,11.7399],[76.3463,11.7305],[76.3243,11.7387],[76.3105,11.7439],[76.3031,11.7696],[76.2837,11.7849],[76.2751,11.8008],[76.2531,11.7998],[76.2321,11.7965],[76.2185,11.8],[76.212,11.8143],[76.2072,11.8318],[76.2034,11.8491],[76.184,11.8638],[76.1626,11.86],[76.1494,11.861],[76.1256,11.8448],[76.1081,11.8512],[76.1087,11.8706],[76.1087,11.9281],[76.1079,11.9706],[76.0913,11.9616],[76.0728,11.9613],[76.0478,11.9445],[76.0296,11.9328],[76.0139,11.9333],[75.9982,11.9236],[75.9834,11.9254],[75.9679,11.927],[75.9549,11.9315],[75.9372,11.9328],[75.9252,11.9329],[75.9038,11.9348],[75.8897,11.9381],[75.8767,11.9407],[75.8511,11.957],[75.8444,11.9703],[75.8306,11.9746],[75.8236,11.9946],[75.8235,12.0093],[75.8119,12.0161],[75.8,12.0303],[75.7933,12.0475],[75.8017,12.068],[75.7896,12.0746],[75.7679,12.0775],[75.7519,12.0774],[75.7389,12.0722],[75.7281,12.0641],[75.7147,12.0653],[75.7175,12.0775],[75.7065,12.0828],[75.7016,12.1003],[75.6842,12.1022],[75.6727,12.0907],[75.6582,12.0943],[75.6481,12.1056],[75.643,12.1199],[75.6407,12.1332],[75.6294,12.1416],[75.6171,12.1489],[75.6021,12.1468],[75.5872,12.1483],[75.5704,12.1655],[75.5553,12.1763],[75.5488,12.1884],[75.5379,12.1954],[75.5379,12.2111],[75.5253,12.2196],[75.5185,12.2306],[75.5167,12.2438],[75.5039,12.2597],[75.4925,12.2668],[75.4867,12.2815],[75.4672,12.2954],[75.4414,12.29],[75.4274,12.2907],[75.4231,12.3081],[75.4163,12.3215],[75.4144,12.3338],[75.4177,12.3484],[75.4214,12.3619],[75.4115,12.3746],[75.3971,12.3752],[75.3858,12.3856],[75.3722,12.3957],[75.3656,12.407],[75.3705,12.4289],[75.3694,12.4456],[75.3858,12.4507],[75.4035,12.4476],[75.4147,12.4541],[75.4243,12.4663],[75.4202,12.4797],[75.4145,12.4967],[75.4042,12.4896],[75.3949,12.4976],[75.3831,12.4927],[75.3722,12.4855],[75.3721,12.4688],[75.3594,12.46],[75.3409,12.456],[75.3383,12.4733],[75.3356,12.485],[75.3206,12.4913],[75.3074,12.4974],[75.3047,12.5173],[75.2918,12.5207],[75.2796,12.5234],[75.2724,12.5399],[75.2709,12.5535],[75.2768,12.5641],[75.2914,12.5749],[75.3098,12.5716],[75.3263,12.5744],[75.3185,12.5851],[75.3056,12.5949],[75.2911,12.5966],[75.281,12.608],[75.2679,12.6057],[75.2621,12.593],[75.2502,12.5792],[75.2387,12.5725],[75.2313,12.5608],[75.2169,12.5711],[75.2108,12.584],[75.2095,12.5973],[75.1987,12.6062],[75.2028,12.6231],[75.1899,12.6271],[75.1775,12.6222],[75.1628,12.6176],[75.1477,12.6287],[75.1503,12.6419],[75.1551,12.6537],[75.1613,12.6641],[75.1506,12.6763],[75.1367,12.6712],[75.1208,12.6736],[75.1087,12.6849],[75.0993,12.6934],[75.0861,12.6978],[75.0874,12.676],[75.0794,12.6666],[75.0703,12.658],[75.0583,12.6586],[75.0448,12.6633],[75.0447,12.6874],[75.0568,12.6867],[75.0522,12.6982],[75.0497,12.7147],[75.0381,12.7186],[75.0257,12.7143],[75.0143,12.7078],[75.0031,12.7137],[75.0122,12.7228],[75.0002,12.7274],[74.9884,12.7319],[74.9953,12.7448],[75.0043,12.754],[75.0052,12.7693],[75.0053,12.7855],[74.9923,12.7905],[74.9873,12.7779],[74.9707,12.7726],[74.9603,12.779],[74.9373,12.7722],[74.9091,12.763],[74.8978,12.7554],[74.8856,12.7488],[74.8671,12.7545],[74.8618,12.7654],[74.8576,12.7768],[74.8524,12.7879],[74.8451,12.7976],[74.8412,12.809],[74.8374,12.8204],[74.8335,12.8318],[74.8288,12.8432],[74.821,12.8524],[74.8193,12.8646],[74.8174,12.8766],[74.814,12.8896],[74.8115,12.9018],[74.8087,12.9135],[74.8157,12.9235],[74.806,12.9307],[74.8029,12.9432],[74.8007,12.9551],[74.7985,12.9671],[74.7957,12.9793],[74.7935,12.9913],[74.7901,13.0035],[74.7876,13.0157],[74.7849,13.0274],[74.7826,13.0396],[74.7801,13.0524],[74.7782,13.0643],[74.7751,13.0771],[74.7796,13.0649],[74.7785,13.0782],[74.7824,13.0899],[74.7707,13.0938],[74.7676,13.1071],[74.7646,13.1196],[74.7618,13.1313],[74.7593,13.1432],[74.7565,13.1549],[74.7535,13.1674],[74.7501,13.179],[74.7454,13.1901],[74.7426,13.2026],[74.7396,13.2149],[74.7357,13.2285],[74.7332,13.2404],[74.731,13.2526],[74.7282,13.2646],[74.724,13.2765],[74.7201,13.2882],[74.7188,13.3024],[74.716,13.3146],[74.7121,13.3271],[74.706,13.3376],[74.696,13.3443],[74.7071,13.3388],[74.7135,13.3285],[74.7171,13.3146],[74.7199,13.3013],[74.7207,13.289],[74.7257,13.2779],[74.7335,13.2871],[74.7229,13.2935],[74.7215,13.3057],[74.7196,13.319],[74.7151,13.3307],[74.7104,13.3418],[74.699,13.3457],[74.6976,13.359],[74.6971,13.374],[74.696,13.3871],[74.6974,13.4024],[74.6963,13.4171],[74.6946,13.4296],[74.694,13.4461],[74.6918,13.4579],[74.6893,13.4712],[74.6882,13.4863],[74.6868,13.4987],[74.6854,13.5135],[74.684,13.5257],[74.6824,13.5382],[74.681,13.5507],[74.679,13.5632],[74.6771,13.5765],[74.6751,13.5899],[74.6729,13.6021],[74.6707,13.614],[74.6685,13.6265],[74.6693,13.6385],[74.664,13.6496],[74.6574,13.6599],[74.6504,13.671],[74.6457,13.6821],[74.6438,13.6954],[74.6418,13.7074],[74.6399,13.7196],[74.6376,13.7329],[74.6357,13.7451],[74.6332,13.7571],[74.6304,13.7701],[74.6282,13.7832],[74.626,13.7953],[74.6221,13.8068],[74.6196,13.8193],[74.6165,13.8318],[74.6132,13.8442],[74.6101,13.856],[74.621,13.8496],[74.6332,13.8488],[74.6212,13.851],[74.6126,13.8599],[74.6054,13.8696],[74.599,13.8799],[74.5943,13.8921],[74.5918,13.9043],[74.5879,13.9157],[74.5793,13.9254],[74.5746,13.9365],[74.569,13.9476],[74.5554,13.9513],[74.5435,13.9568],[74.536,13.9665],[74.5254,13.9738],[74.5179,13.9832],[74.5132,13.9957],[74.509,14.0071],[74.504,14.0182],[74.5113,14.0279],[74.5054,14.0387],[74.5021,14.0271],[74.5007,14.0407],[74.4985,14.0535],[74.4954,14.0654],[74.4926,14.0771],[74.4882,14.0885],[74.4874,14.1026],[74.4849,14.1151],[74.4826,14.1276],[74.4793,14.1393],[74.4785,14.1513],[74.4751,14.1632],[74.4724,14.1754],[74.4696,14.1871],[74.4657,14.1985],[74.4538,14.2004],[74.449,14.2118],[74.4437,14.2226],[74.4407,14.2349],[74.4365,14.2465],[74.4329,14.2582],[74.4287,14.2699],[74.4262,14.2824],[74.4246,14.2946],[74.4182,14.3051],[74.4135,14.3174],[74.4129,14.3296],[74.4093,14.3411],[74.4074,14.3537],[74.4063,14.3671],[74.4035,14.3796],[74.4004,14.3918],[74.3971,14.4035],[74.3938,14.4163],[74.3824,14.4204],[74.381,14.4324],[74.3807,14.4446],[74.3771,14.4563],[74.3735,14.4682],[74.3687,14.4793],[74.364,14.4904],[74.3596,14.5018],[74.3585,14.5154],[74.3674,14.5235],[74.3796,14.5246],[74.3743,14.5354],[74.3832,14.5271],[74.3835,14.5404],[74.3768,14.5504],[74.3649,14.5535],[74.3718,14.5635],[74.3599,14.5654],[74.3599,14.5532],[74.3524,14.5438],[74.3457,14.5543],[74.3415,14.566],[74.3388,14.554],[74.3482,14.5465],[74.3512,14.5335],[74.356,14.5221],[74.3443,14.5188],[74.3324,14.5171],[74.3187,14.5196],[74.3143,14.531],[74.3138,14.5446],[74.3093,14.556],[74.304,14.5668],[74.2999,14.5782],[74.2946,14.589],[74.2946,14.6015],[74.2838,14.6071],[74.2782,14.6179],[74.2699,14.6268],[74.2818,14.6285],[74.2849,14.6401],[74.2818,14.6521],[74.2787,14.6637],[74.2818,14.6779],[74.2763,14.6888],[74.2707,14.6996],[74.261,14.7071],[74.2624,14.7193],[74.256,14.7296],[74.2491,14.7396],[74.2387,14.7462],[74.2288,14.7393],[74.2165,14.7362],[74.2043,14.7354],[74.2074,14.7238],[74.1954,14.7246],[74.1924,14.7365],[74.1843,14.7454],[74.1732,14.7513],[74.1649,14.7601],[74.1588,14.749],[74.1571,14.7612],[74.149,14.7701],[74.141,14.7793],[74.1282,14.7804],[74.1176,14.7868],[74.1074,14.7935],[74.0965,14.7988],[74.1062,14.8063],[74.1176,14.8021],[74.1254,14.8118],[74.126,14.8246],[74.1246,14.8374],[74.1224,14.8493],[74.1118,14.856],[74.1079,14.8674],[74.1024,14.8782],[74.1004,14.891],[74.1042,14.9038],[74.1173,14.9096],[74.132,14.9127],[74.1457,14.9174],[74.1634,14.9133],[74.1754,14.9089],[74.166,14.9368],[74.1722,14.951],[74.1866,14.9534],[74.1974,14.9433],[74.2041,14.9321],[74.2118,14.9214],[74.2193,14.9314],[74.2417,14.9465],[74.2464,14.9587],[74.2621,14.9576],[74.2701,14.9666],[74.271,14.9804],[74.2617,14.9908],[74.2716,14.9977],[74.2764,15.0096],[74.2898,15.0216],[74.2931,15.0337],[74.3012,15.0441],[74.2953,15.0627],[74.2838,15.094],[74.2882,15.1056],[74.2931,15.12],[74.2912,15.1354],[74.2926,15.1477],[74.3109,15.162],[74.3181,15.1753],[74.317,15.1911],[74.3156,15.2032],[74.3067,15.219],[74.2943,15.232],[74.2787,15.2372],[74.2635,15.2419],[74.2575,15.2576],[74.2702,15.2609],[74.2766,15.2744],[74.2891,15.2791],[74.3023,15.2859],[74.3184,15.2819],[74.3341,15.2829],[74.3417,15.2929],[74.328,15.3133],[74.3233,15.3296],[74.3284,15.3434],[74.3226,15.3573],[74.3128,15.3749],[74.29,15.3812],[74.2845,15.4015],[74.2774,15.4149],[74.2827,15.4333],[74.2799,15.4508],[74.2726,15.4652],[74.2563,15.4895],[74.2608,15.5008],[74.2819,15.513],[74.2873,15.526],[74.2829,15.5416],[74.2726,15.5543],[74.2543,15.5658],[74.2564,15.5826],[74.2655,15.6016],[74.2675,15.617],[74.2544,15.6231],[74.2565,15.6468],[74.245,15.6656],[74.2316,15.6665],[74.2284,15.6545],[74.2132,15.649],[74.2115,15.661],[74.1963,15.6649],[74.1977,15.6789],[74.183,15.6774],[74.1734,15.6521],[74.155,15.6498],[74.1428,15.6471],[74.129,15.6502],[74.1121,15.655],[74.098,15.666],[74.1175,15.6708],[74.1336,15.6784],[74.1404,15.6946],[74.1355,15.7093],[74.1349,15.7222],[74.1474,15.7301],[74.1601,15.7343],[74.1677,15.7493],[74.1971,15.7502],[74.2113,15.7586],[74.2157,15.7739],[74.2273,15.7857],[74.2403,15.7808],[74.2352,15.7596],[74.2439,15.7444],[74.2589,15.7434],[74.2709,15.7519],[74.2849,15.7433],[74.313,15.7483],[74.3241,15.7565],[74.3276,15.7682],[74.3423,15.7655],[74.3649,15.7737],[74.3755,15.7967],[74.374,15.8104],[74.3734,15.8258],[74.3863,15.8333],[74.3874,15.8471],[74.3538,15.8481],[74.3641,15.8702],[74.3705,15.8904],[74.3831,15.8778],[74.3879,15.8639],[74.3934,15.8518],[74.4065,15.8519],[74.3992,15.8743],[74.4016,15.8873],[74.3923,15.8993],[74.402,15.9111],[74.4123,15.9252],[74.4352,15.9512],[74.4423,15.9655],[74.45,15.9832],[74.4497,15.9985],[74.4564,16.0089],[74.4639,16.0226],[74.4703,16.0405],[74.4559,16.0522],[74.4405,16.057],[74.4229,16.0532],[74.4112,16.049],[74.3961,16.0396],[74.3786,16.0366],[74.3817,16.0536],[74.3682,16.053],[74.3751,16.0634],[74.3796,16.0768],[74.3972,16.0784],[74.4041,16.091],[74.4161,16.096],[74.4346,16.1106],[74.4549,16.1027],[74.478,16.0919],[74.4891,16.0873],[74.4935,16.0986],[74.4971,16.1124],[74.491,16.142],[74.4947,16.155],[74.4953,16.169],[74.4978,16.1813],[74.5091,16.1878],[74.5132,16.1992],[74.5032,16.2116],[74.5083,16.2229],[74.4951,16.236],[74.4841,16.2467],[74.4732,16.2385],[74.4615,16.2438],[74.4428,16.2496],[74.4225,16.2575],[74.4216,16.2715],[74.4008,16.2763],[74.3904,16.2902],[74.3738,16.2903],[74.3585,16.2888],[74.3551,16.2745],[74.3404,16.2676],[74.3287,16.2794],[74.3364,16.2902],[74.3487,16.2915],[74.3448,16.3033],[74.3321,16.3108],[74.3373,16.3234],[74.323,16.3251],[74.3235,16.3399],[74.3237,16.3536],[74.3276,16.3681],[74.3347,16.3829],[74.3458,16.3895],[74.3511,16.3768],[74.3617,16.3647],[74.3596,16.3788],[74.3687,16.3912],[74.3646,16.4032],[74.3492,16.4039],[74.3382,16.4134],[74.3438,16.4255],[74.3422,16.4396],[74.3389,16.4522],[74.3219,16.45],[74.3071,16.4596],[74.2964,16.4667],[74.2976,16.4816],[74.3006,16.4996],[74.2889,16.5038],[74.2805,16.4894],[74.2688,16.476],[74.2621,16.4887],[74.2786,16.501],[74.2844,16.5165],[74.2755,16.5252],[74.2716,16.5387],[74.2843,16.5431],[74.2867,16.5294],[74.3069,16.5292],[74.3116,16.5069],[74.3239,16.5063],[74.3227,16.519],[74.3232,16.5322],[74.3222,16.5445],[74.3322,16.5537],[74.3461,16.5464],[74.3597,16.5537],[74.3626,16.5387],[74.3854,16.5274],[74.3957,16.5357],[74.3955,16.5595],[74.4012,16.5709],[74.4137,16.5802],[74.4288,16.5827],[74.4335,16.5944],[74.447,16.6003],[74.4725,16.6048],[74.4714,16.6218],[74.4645,16.634],[74.4652,16.6469],[74.4774,16.6608],[74.4859,16.6391],[74.4955,16.6277],[74.5103,16.6315],[74.5301,16.6306],[74.5514,16.6332],[74.5494,16.6155],[74.5499,16.5922],[74.5656,16.5904],[74.5651,16.5746],[74.5597,16.5597],[74.5741,16.552],[74.592,16.5555],[74.6048,16.5621],[74.617,16.568],[74.6244,16.5776],[74.6364,16.5757],[74.6394,16.5944],[74.6428,16.6068],[74.6639,16.6011],[74.6753,16.606],[74.6904,16.6045],[74.6912,16.6181],[74.6739,16.6285],[74.6605,16.6376],[74.6688,16.6556],[74.6961,16.675],[74.695,16.6924],[74.6959,16.7105],[74.7078,16.7131],[74.7224,16.7133],[74.7366,16.7158],[74.7482,16.7221],[74.7638,16.7368],[74.7756,16.744],[74.7911,16.7481],[74.8041,16.7508],[74.8503,16.7603],[74.8684,16.7711],[74.8926,16.7687],[74.907,16.7698],[74.9238,16.77],[74.9159,16.7857],[74.9158,16.8102],[74.9131,16.8307],[74.912,16.8559],[74.9278,16.8633],[74.9398,16.8723],[74.9561,16.8773],[74.9673,16.9054],[74.9528,16.9065],[74.9382,16.9165],[74.927,16.9256],[74.9384,16.941],[74.9524,16.9362],[74.9667,16.9356],[74.9814,16.9306],[74.9945,16.935],[75.0037,16.9458],[75.0303,16.9415],[75.0319,16.9257],[75.0454,16.9343],[75.0654,16.9393],[75.0829,16.9466],[75.0947,16.9212],[75.1069,16.9095],[75.122,16.9072],[75.1384,16.8929],[75.1384,16.8783],[75.1505,16.8694],[75.1644,16.8656],[75.1808,16.8675],[75.1832,16.842],[75.2159,16.8403],[75.23,16.8409],[75.2357,16.8542],[75.2434,16.8645],[75.258,16.8621],[75.2828,16.8742],[75.2918,16.9011],[75.2836,16.9429],[75.2884,16.9548],[75.3061,16.9547],[75.338,16.9535],[75.3596,16.9569],[75.3717,16.9687],[75.3948,16.9764],[75.4168,16.9695],[75.431,16.9635],[75.4438,16.9795],[75.4679,16.9853],[75.4825,16.976],[75.4897,16.9654],[75.4926,16.9515],[75.5093,16.9486],[75.5241,16.9587],[75.5428,16.9631],[75.5585,16.9643],[75.5693,16.9989],[75.5994,17.0052],[75.6097,16.9989],[75.6107,16.9696],[75.6309,16.9671],[75.645,16.951],[75.6637,16.9579],[75.6784,16.9639],[75.6694,16.9756],[75.6705,16.9988],[75.6731,17.0262],[75.6622,17.0324],[75.6482,17.0327],[75.6479,17.0466],[75.6627,17.0618],[75.6784,17.0629],[75.6801,17.0783],[75.6785,17.0942],[75.6741,17.1136],[75.6536,17.1131],[75.6527,17.1327],[75.6427,17.1476],[75.6314,17.1601],[75.6285,17.1807],[75.6426,17.1882],[75.6574,17.2038],[75.6628,17.2279],[75.6609,17.24],[75.6599,17.2614],[75.6323,17.2722],[75.6279,17.2881],[75.606,17.3033],[75.6137,17.3194],[75.6131,17.3423],[75.5981,17.3451],[75.5848,17.3498],[75.5785,17.3829],[75.5982,17.3861],[75.6106,17.392],[75.615,17.4096],[75.6154,17.422],[75.6187,17.4391],[75.6253,17.4581],[75.6329,17.4696],[75.6496,17.4734],[75.6623,17.4597],[75.6776,17.458],[75.6808,17.4362],[75.6871,17.4173],[75.6972,17.4106],[75.7152,17.4089],[75.729,17.4195],[75.7505,17.4129],[75.7641,17.4084],[75.7766,17.3882],[75.791,17.373],[75.8113,17.3699],[75.8176,17.3807],[75.8163,17.3978],[75.822,17.4197],[75.8389,17.4205],[75.856,17.4077],[75.8591,17.389],[75.8767,17.397],[75.8771,17.4114],[75.8903,17.4136],[75.8964,17.395],[75.897,17.377],[75.892,17.3608],[75.9107,17.3458],[75.9312,17.3241],[75.9598,17.3338],[75.9715,17.3365],[76.0003,17.3377],[76.0091,17.3475],[76.0213,17.3493],[76.0367,17.349],[76.0545,17.3543],[76.0735,17.3323],[76.0869,17.3337],[76.0941,17.3471],[76.102,17.3623],[76.1167,17.3662],[76.1376,17.3526],[76.1631,17.3409],[76.1642,17.3193],[76.1638,17.3003],[76.1758,17.2972],[76.1838,17.311],[76.1763,17.3215],[76.1723,17.3487],[76.1829,17.3565],[76.2035,17.3588],[76.229,17.3632],[76.2444,17.3747],[76.2489,17.3621],[76.2649,17.3582],[76.2726,17.3479],[76.2759,17.3305],[76.2959,17.3286],[76.3172,17.3294],[76.313,17.3433],[76.3347,17.3498],[76.3506,17.3277],[76.3523,17.3106],[76.3817,17.3118],[76.393,17.3363],[76.4106,17.3477],[76.4081,17.3693],[76.362,17.3751],[76.37,17.4079],[76.3699,17.423],[76.3639,17.4356],[76.342,17.4338],[76.3308,17.4616],[76.3428,17.4704],[76.3723,17.4858],[76.3552,17.4942],[76.3437,17.5081],[76.356,17.5134],[76.3661,17.5222],[76.3609,17.5363],[76.3458,17.5402],[76.3372,17.5552],[76.3329,17.5738],[76.3317,17.5949],[76.3487,17.5954],[76.373,17.5979],[76.4157,17.6042],[76.4241,17.6215],[76.4272,17.6398],[76.4428,17.6419],[76.4515,17.6515],[76.4893,17.6607],[76.4844,17.6844],[76.4864,17.7135],[76.511,17.7159],[76.5236,17.7152],[76.525,17.7347],[76.5237,17.7589],[76.5382,17.7589],[76.5598,17.7631],[76.5733,17.76],[76.5681,17.7398],[76.5694,17.7037],[76.587,17.7079],[76.5988,17.728],[76.6041,17.7558],[76.6144,17.7683],[76.6234,17.7579],[76.6298,17.7419],[76.6307,17.729],[76.6508,17.7208],[76.6581,17.7085],[76.6631,17.6879],[76.6781,17.6873],[76.6883,17.6785],[76.6931,17.6938],[76.7008,17.7073],[76.7021,17.7237],[76.7276,17.737],[76.7219,17.748],[76.7191,17.7613],[76.7124,17.7751],[76.7194,17.7853],[76.7394,17.7791],[76.7628,17.7871],[76.77,17.797],[76.7798,17.8059],[76.7848,17.8196],[76.7797,17.8363],[76.7657,17.8508],[76.7546,17.8566],[76.7375,17.8571],[76.7396,17.8836],[76.7407,17.898],[76.766,17.8984],[76.7731,17.8852],[76.7974,17.8693],[76.8082,17.8831],[76.8204,17.8845],[76.8331,17.8827],[76.8469,17.8964],[76.8719,17.8947],[76.8894,17.8972],[76.8966,17.908],[76.9132,17.9138],[76.9192,17.9367],[76.9173,17.9605],[76.9182,17.9729],[76.9196,17.9854],[76.9185,17.9987],[76.9177,18.0123],[76.9177,18.0332],[76.9386,18.0372],[76.9521,18.0377],[76.9506,18.0583],[76.947,18.0738],[76.9548,18.0854],[76.9673,18.0926],[76.9586,18.1064],[76.9425,18.1114],[76.9226,18.1161],[76.93,18.1323],[76.9254,18.1448],[76.9334,18.1579],[76.951,18.1725],[76.9541,18.1849],[76.9709,18.1869],[76.9879,18.1885],[76.9955,18.1784],[77.024,18.1627],[77.0217,18.1782],[77.0328,18.1838],[77.0494,18.1732],[77.0577,18.1559],[77.0691,18.1494],[77.0862,18.1503],[77.0966,18.1581],[77.1089,18.1527],[77.1163,18.1676],[77.1029,18.1863],[77.1066,18.2018],[77.121,18.2067],[77.1395,18.2072],[77.15,18.2166],[77.1478,18.2376],[77.1572,18.2531],[77.1674,18.2735],[77.1778,18.2819],[77.1917,18.2743],[77.2062,18.278],[77.2045,18.2905],[77.1954,18.3127],[77.21,18.3137],[77.2169,18.3249],[77.223,18.3378],[77.2308,18.3656],[77.245,18.3706],[77.2329,18.3861],[77.2364,18.3998],[77.2491,18.4083],[77.2646,18.4184],[77.2948,18.4327],[77.3133,18.4394],[77.3174,18.4538],[77.3327,18.4485],[77.3373,18.4354]]]]}},{"type":"Feature","properties":{"name":"Kerala","id":"kerala"},"geometry":{"type":"MultiPolygon","coordinates":[[[[76.4674,9.541],[76.479,9.5371],[76.4676,9.5296],[76.4674,9.541]]],[[[76.4043,9.5415],[76.4049,9.5276],[76.3832,9.5274],[76.3907,9.5368],[76.4024,9.541],[76.4043,9.5415]]],[[[76.4346,9.5515],[76.4343,9.5324],[76.4212,9.5282],[76.4063,9.5276],[76.4057,9.5401],[76.4168,9.5457],[76.4282,9.5496],[76.4346,9.5515]]],[[[76.4368,9.5515],[76.4482,9.5474],[76.4601,9.5432],[76.4646,9.5304],[76.4465,9.5293],[76.4354,9.5382],[76.436,9.5515],[76.4368,9.5515]]],[[[76.4143,9.5632],[76.4232,9.5549],[76.4143,9.5463],[76.4021,9.5421],[76.3904,9.5376],[76.3946,9.549],[76.4046,9.5565],[76.4143,9.5632]]],[[[76.3854,9.6207],[76.3854,9.6207]]],[[[76.3812,9.7146],[76.3812,9.7146]]],[[[76.3715,9.7585],[76.3715,9.7585]]],[[[76.324,9.8257],[76.3279,9.8143],[76.3232,9.8254],[76.324,9.8257]]],[[[76.3724,9.8257],[76.3724,9.8257]]],[[[76.3685,9.8268],[76.3685,9.8268]]],[[[76.3785,9.8396],[76.3785,9.8396]]],[[[76.3776,9.8415],[76.3776,9.8415]]],[[[76.2893,9.8474],[76.2893,9.8474]]],[[[76.3496,9.8746],[76.3549,9.8637],[76.3643,9.856],[76.3679,9.8443],[76.3718,9.8329],[76.3599,9.831],[76.3499,9.8379],[76.3521,9.8499],[76.3482,9.8618],[76.3487,9.8743],[76.3496,9.8746]]],[[[76.3085,9.9215],[76.311,9.909],[76.3154,9.8965],[76.3049,9.9024],[76.3057,9.9146],[76.3085,9.9215]]],[[[76.2607,9.9707],[76.2724,9.9674],[76.2793,9.9574],[76.2849,9.9463],[76.2904,9.9351],[76.2787,9.9307],[76.269,9.9379],[76.2663,9.9501],[76.2649,9.9621],[76.2607,9.9707]]],[[[76.2724,9.9729],[76.2724,9.9729]]],[[[76.2443,9.981],[76.2443,9.981]]],[[[76.2682,10.0029],[76.2682,10.0029]]],[[[76.2418,10.0143],[76.2515,10.0071],[76.2562,9.996],[76.259,9.984],[76.2496,9.9762],[76.246,9.9882],[76.2435,10.0002],[76.2404,10.0118],[76.2418,10.0143]]],[[[76.2529,10.0171],[76.2529,10.0171]]],[[[76.2618,10.0299],[76.2618,10.0299]]],[[[76.266,10.0307],[76.2649,10.0185],[76.2618,10.0301],[76.266,10.0307]]],[[[76.2399,10.1024],[76.2479,10.0929],[76.2385,10.1004],[76.2399,10.1024]]],[[[76.0521,10.5354],[76.0521,10.5354]]],[[[76.051,10.539],[76.051,10.539]]],[[[75.8382,11.1343],[75.8382,11.1343]]],[[[75.8112,11.1618],[75.8112,11.1618]]],[[[75.3662,11.9421],[75.3662,11.9421]]],[[[75.3679,11.9435],[75.3679,11.9435]]],[[[75.3007,11.9635],[75.3007,11.9635]]],[[[75.2965,11.9685],[75.2965,11.9685]]],[[[75.2854,11.9871],[75.2924,11.9771],[75.2849,11.9868],[75.2854,11.9871]]],[[[75.2979,12.0174],[75.2979,12.0174]]],[[[75.2976,12.0238],[75.2976,12.0238]]],[[[75.1576,12.1093],[75.1654,12.1001],[75.1668,12.0879],[75.1732,12.0774],[75.176,12.0657],[75.181,12.0546],[75.1749,12.0651],[75.1701,12.0765],[75.1654,12.0879],[75.1607,12.099],[75.1576,12.1093]]],[[[75.1635,12.1154],[75.1693,12.1046],[75.1604,12.1143],[75.1635,12.1154]]],[[[75.194,12.1163],[75.194,12.1163]]],[[[75.154,12.1426],[75.1621,12.1332],[75.159,12.1215],[75.1532,12.1324],[75.154,12.1426]]],[[[75.1354,12.186],[75.1413,12.1754],[75.1476,12.1651],[75.1507,12.1532],[75.1446,12.164],[75.1393,12.1749],[75.1354,12.186]]],[[[75.1318,12.1915],[75.1318,12.1915]]],[[[75.1301,12.1982],[75.1301,12.1982]]],[[[75.1265,12.2051],[75.1285,12.1929],[75.1326,12.1815],[75.1368,12.1702],[75.1415,12.159],[75.1462,12.1476],[75.1474,12.1354],[75.1521,12.1243],[75.1568,12.1119],[75.1515,12.1229],[75.1468,12.1343],[75.1418,12.1454],[75.1376,12.1568],[75.1332,12.1687],[75.1287,12.1812],[75.1235,12.1924],[75.1251,12.2043],[75.1265,12.2051]]],[[[74.996,12.788],[75.0041,12.7736],[75.0086,12.7604],[75.0003,12.7516],[74.9918,12.7382],[75.0002,12.7274],[75.0122,12.7228],[75.0031,12.7137],[75.0143,12.7078],[75.0257,12.7143],[75.0381,12.7186],[75.0497,12.7147],[75.0557,12.7034],[75.0568,12.6867],[75.0447,12.6874],[75.0431,12.6706],[75.0553,12.6601],[75.0703,12.658],[75.0794,12.6666],[75.0874,12.676],[75.085,12.6897],[75.0993,12.6934],[75.1087,12.6849],[75.1208,12.6736],[75.1367,12.6712],[75.1506,12.6763],[75.1611,12.6657],[75.1551,12.6537],[75.1503,12.6419],[75.1477,12.6287],[75.1592,12.6171],[75.1775,12.6222],[75.1899,12.6271],[75.2028,12.6231],[75.1987,12.6062],[75.2095,12.5973],[75.2034,12.5806],[75.214,12.5734],[75.2229,12.5626],[75.2363,12.5618],[75.24,12.574],[75.2562,12.5857],[75.2679,12.6057],[75.281,12.608],[75.2911,12.5966],[75.3056,12.5949],[75.3185,12.5851],[75.3285,12.5771],[75.3162,12.5687],[75.3031,12.5735],[75.2868,12.565],[75.2726,12.5589],[75.2724,12.5399],[75.2796,12.5234],[75.2918,12.5207],[75.3047,12.5173],[75.3043,12.4975],[75.3206,12.4913],[75.3348,12.4902],[75.3383,12.4733],[75.3368,12.4578],[75.3556,12.458],[75.3721,12.4688],[75.3706,12.481],[75.3811,12.4915],[75.3949,12.4976],[75.4042,12.4896],[75.4145,12.4967],[75.4202,12.4797],[75.4243,12.4663],[75.4147,12.4541],[75.4035,12.4476],[75.3858,12.4507],[75.3666,12.4517],[75.3705,12.4289],[75.3656,12.407],[75.3722,12.3957],[75.3812,12.3848],[75.3943,12.3798],[75.4115,12.3746],[75.4214,12.3667],[75.4194,12.3525],[75.4101,12.3413],[75.4163,12.3215],[75.4231,12.3081],[75.4216,12.291],[75.4361,12.2918],[75.4584,12.2886],[75.4827,12.2862],[75.4925,12.2668],[75.5039,12.2597],[75.5131,12.2493],[75.5193,12.2359],[75.5248,12.225],[75.5379,12.2111],[75.533,12.1991],[75.5439,12.192],[75.5524,12.1761],[75.5638,12.1668],[75.5768,12.1508],[75.5914,12.143],[75.6081,12.1487],[75.6269,12.1451],[75.6376,12.1338],[75.6443,12.1237],[75.6481,12.1056],[75.6582,12.0943],[75.6727,12.0907],[75.6842,12.1022],[75.7016,12.1003],[75.7003,12.088],[75.7171,12.0784],[75.7147,12.0653],[75.7281,12.0641],[75.7389,12.0722],[75.7519,12.0774],[75.7679,12.0775],[75.7837,12.0764],[75.7997,12.0712],[75.7962,12.0495],[75.7982,12.0327],[75.8102,12.0241],[75.8235,12.0093],[75.8238,11.9946],[75.827,11.978],[75.8397,11.9728],[75.8511,11.957],[75.8659,11.9456],[75.8833,11.9389],[75.9038,11.9348],[75.9196,11.9356],[75.9311,11.9311],[75.9484,11.9339],[75.9679,11.927],[75.9799,11.9247],[75.9944,11.9233],[76.004,11.9319],[76.0184,11.935],[76.0385,11.939],[76.0667,11.9583],[76.081,11.9607],[76.1079,11.9706],[76.1087,11.9281],[76.1074,11.8763],[76.1093,11.8586],[76.1165,11.843],[76.139,11.8571],[76.1626,11.86],[76.184,11.8638],[76.1961,11.8555],[76.2051,11.8387],[76.2055,11.8196],[76.2143,11.8042],[76.2321,11.7965],[76.2444,11.7953],[76.2654,11.8004],[76.2837,11.7849],[76.2947,11.7781],[76.3105,11.7439],[76.3243,11.7387],[76.335,11.7306],[76.3511,11.7344],[76.3723,11.7362],[76.3838,11.745],[76.4044,11.7499],[76.4056,11.7334],[76.4173,11.7259],[76.4179,11.7136],[76.4087,11.7041],[76.3964,11.7011],[76.4022,11.6831],[76.4074,11.6695],[76.4235,11.6593],[76.4277,11.6475],[76.4356,11.6377],[76.4259,11.629],[76.3962,11.6253],[76.3801,11.6224],[76.3768,11.6046],[76.3707,11.5935],[76.3501,11.5827],[76.3356,11.5783],[76.3286,11.5886],[76.3111,11.5775],[76.2979,11.5643],[76.2906,11.5806],[76.2779,11.5835],[76.2667,11.5893],[76.2257,11.5644],[76.2345,11.5465],[76.2383,11.5334],[76.2396,11.5209],[76.2415,11.5048],[76.2409,11.4752],[76.2401,11.4596],[76.2579,11.4732],[76.2781,11.4745],[76.2877,11.466],[76.298,11.4589],[76.3209,11.4447],[76.3337,11.4587],[76.3531,11.4508],[76.3706,11.4409],[76.3906,11.428],[76.4104,11.4336],[76.4082,11.4148],[76.4184,11.4053],[76.4393,11.3907],[76.4484,11.3814],[76.4729,11.3753],[76.5101,11.3612],[76.5067,11.3477],[76.5299,11.3477],[76.5408,11.327],[76.5352,11.3163],[76.5285,11.3034],[76.5402,11.2923],[76.5219,11.2812],[76.5131,11.2647],[76.4881,11.252],[76.4464,11.2305],[76.4429,11.2001],[76.4527,11.1802],[76.4665,11.1861],[76.4659,11.1987],[76.4876,11.2028],[76.5023,11.2029],[76.5212,11.1903],[76.5361,11.1893],[76.548,11.1931],[76.5778,11.1968],[76.5933,11.1975],[76.623,11.1857],[76.6416,11.1965],[76.6534,11.2043],[76.6682,11.2107],[76.6782,11.2188],[76.697,11.2313],[76.7104,11.2183],[76.7205,11.2116],[76.718,11.1983],[76.7212,11.1845],[76.7064,11.1796],[76.6968,11.1719],[76.686,11.1577],[76.6912,11.1445],[76.6967,11.1327],[76.7098,11.1403],[76.7154,11.1284],[76.7293,11.1254],[76.7389,11.1149],[76.735,11.0991],[76.7386,11.084],[76.748,11.0751],[76.7345,11.0639],[76.7371,11.0475],[76.7511,11.0468],[76.7623,11.0343],[76.7754,11.0343],[76.79,11.0497],[76.7868,11.0323],[76.757,11.0246],[76.744,11.0259],[76.7324,11.029],[76.7121,11.0325],[76.6988,11.0227],[76.6798,10.9994],[76.6787,10.9861],[76.6604,10.9605],[76.655,10.9422],[76.6474,10.929],[76.6749,10.9064],[76.693,10.9023],[76.7114,10.8956],[76.7228,10.8876],[76.7394,10.8844],[76.7619,10.8798],[76.7777,10.879],[76.7909,10.871],[76.8176,10.8618],[76.8246,10.8504],[76.8341,10.8427],[76.8427,10.8319],[76.8371,10.8155],[76.8526,10.8085],[76.8819,10.8011],[76.8915,10.7922],[76.8975,10.7708],[76.8943,10.7554],[76.8877,10.743],[76.8804,10.7261],[76.8813,10.7129],[76.8651,10.6929],[76.8619,10.6806],[76.8633,10.667],[76.8695,10.6564],[76.8746,10.6392],[76.8595,10.6252],[76.8447,10.6263],[76.8313,10.6259],[76.8147,10.626],[76.8033,10.6141],[76.8086,10.5945],[76.8245,10.5896],[76.8293,10.5765],[76.8255,10.5616],[76.8257,10.543],[76.832,10.5292],[76.8253,10.503],[76.8203,10.4907],[76.8175,10.4385],[76.8073,10.4149],[76.815,10.4018],[76.8157,10.3865],[76.8246,10.3752],[76.8382,10.3626],[76.8358,10.3464],[76.8276,10.3376],[76.8259,10.32],[76.8196,10.3026],[76.83,10.2911],[76.8385,10.2776],[76.8507,10.2828],[76.8606,10.2907],[76.8616,10.2696],[76.8771,10.2563],[76.8918,10.2431],[76.8987,10.2326],[76.9093,10.2232],[76.925,10.2298],[76.9392,10.2211],[76.9523,10.2198],[76.9673,10.2126],[76.9815,10.2199],[76.9937,10.2277],[77.0067,10.2364],[77.0186,10.2418],[77.0386,10.2482],[77.0425,10.262],[77.0338,10.2722],[77.0461,10.2743],[77.0519,10.2855],[77.0676,10.2902],[77.0817,10.2997],[77.1007,10.3045],[77.1143,10.3106],[77.1267,10.3202],[77.1482,10.3341],[77.163,10.3463],[77.1814,10.3432],[77.1995,10.342],[77.2144,10.3414],[77.2225,10.3285],[77.2145,10.3058],[77.2319,10.2772],[77.2465,10.2576],[77.2448,10.2452],[77.2458,10.2322],[77.2542,10.2233],[77.2662,10.2251],[77.2804,10.2073],[77.273,10.1978],[77.2644,10.1797],[77.2591,10.1554],[77.2596,10.1412],[77.261,10.1287],[77.255,10.1163],[77.2399,10.1141],[77.2251,10.1185],[77.2154,10.1093],[77.2033,10.1036],[77.1881,10.0957],[77.1907,10.0812],[77.1991,10.0707],[77.2129,10.0585],[77.2245,10.0455],[77.2371,10.0352],[77.2456,10.0236],[77.2444,10.0077],[77.2477,9.9948],[77.2467,9.9815],[77.2595,9.9662],[77.259,9.9534],[77.2499,9.9425],[77.2366,9.9414],[77.2219,9.9228],[77.2169,9.9058],[77.2044,9.8943],[77.2065,9.8778],[77.1991,9.866],[77.2092,9.8538],[77.2237,9.849],[77.2138,9.8385],[77.2089,9.8145],[77.2195,9.8088],[77.2328,9.7973],[77.2267,9.7868],[77.2098,9.7799],[77.2107,9.7664],[77.2114,9.7452],[77.2082,9.7217],[77.1899,9.7155],[77.189,9.6975],[77.1859,9.6782],[77.1796,9.6604],[77.1689,9.6516],[77.1659,9.638],[77.1622,9.6198],[77.1549,9.6084],[77.1673,9.6007],[77.184,9.6024],[77.1959,9.6042],[77.2008,9.5924],[77.2147,9.5788],[77.2299,9.5759],[77.242,9.5715],[77.255,9.565],[77.2753,9.5766],[77.2865,9.5873],[77.3043,9.593],[77.312,9.5782],[77.321,9.5674],[77.3409,9.5951],[77.3513,9.588],[77.3409,9.5776],[77.3437,9.5638],[77.3381,9.5503],[77.3506,9.5403],[77.3505,9.5263],[77.361,9.5162],[77.3707,9.5087],[77.3868,9.5167],[77.3901,9.5046],[77.3879,9.491],[77.3839,9.4791],[77.3868,9.4674],[77.3774,9.4587],[77.3722,9.4453],[77.3602,9.4437],[77.3454,9.4453],[77.3343,9.4311],[77.3301,9.4152],[77.3217,9.4057],[77.3274,9.3941],[77.3261,9.3805],[77.3195,9.3633],[77.3206,9.3511],[77.3097,9.3346],[77.3001,9.325],[77.2869,9.3269],[77.2868,9.3101],[77.2777,9.2953],[77.2671,9.2817],[77.2741,9.2632],[77.2657,9.2437],[77.2595,9.2244],[77.2668,9.2088],[77.2582,9.2001],[77.2503,9.1902],[77.2366,9.1792],[77.2484,9.1758],[77.2496,9.156],[77.2518,9.143],[77.2377,9.13],[77.2326,9.1179],[77.217,9.1081],[77.2094,9.0976],[77.1959,9.0884],[77.1897,9.0752],[77.1915,9.062],[77.1843,9.0506],[77.1821,9.0365],[77.1701,9.0339],[77.1538,9.0366],[77.1453,9.0272],[77.1406,9.0154],[77.1342,9],[77.1439,8.9918],[77.1584,8.9782],[77.1632,8.9623],[77.1747,8.9569],[77.1812,8.942],[77.1819,8.9288],[77.1804,8.9157],[77.1939,8.9219],[77.2074,8.9139],[77.2063,8.8932],[77.2215,8.8881],[77.2271,8.8718],[77.2399,8.8681],[77.2432,8.8551],[77.246,8.8431],[77.2362,8.8176],[77.2274,8.8006],[77.2154,8.7867],[77.2096,8.7737],[77.1993,8.7656],[77.183,8.7611],[77.1837,8.7481],[77.1765,8.735],[77.1627,8.7352],[77.1629,8.7209],[77.167,8.7076],[77.1793,8.6996],[77.1877,8.6838],[77.1905,8.6712],[77.1903,8.6549],[77.1985,8.6411],[77.2083,8.6312],[77.2187,8.6184],[77.2279,8.6031],[77.2376,8.5884],[77.2515,8.571],[77.2597,8.5491],[77.2652,8.5374],[77.2525,8.5171],[77.2475,8.5014],[77.2324,8.4959],[77.2226,8.4883],[77.2064,8.5044],[77.192,8.4994],[77.1946,8.4694],[77.2051,8.4555],[77.2102,8.4431],[77.1988,8.4368],[77.1827,8.4275],[77.1798,8.4091],[77.1671,8.3955],[77.1537,8.3774],[77.1407,8.3828],[77.1412,8.369],[77.1354,8.3517],[77.1475,8.3546],[77.1568,8.3452],[77.1511,8.3309],[77.1597,8.3174],[77.1447,8.3202],[77.1306,8.3242],[77.1115,8.3165],[77.1047,8.3016],[77.0907,8.2975],[77.0824,8.3062],[77.0721,8.3124],[77.0618,8.319],[77.0529,8.3271],[77.044,8.3354],[77.0346,8.3429],[77.0251,8.3504],[77.0143,8.3562],[77.0054,8.3643],[76.9982,8.374],[76.9863,8.3757],[76.9782,8.3849],[76.9699,8.394],[76.9696,8.406],[76.9635,8.4165],[76.9557,8.426],[76.9482,8.4357],[76.9404,8.4449],[76.9329,8.4546],[76.9251,8.4643],[76.9165,8.4732],[76.9085,8.4826],[76.9004,8.4915],[76.8926,8.5007],[76.8849,8.5104],[76.8774,8.5199],[76.8693,8.529],[76.8621,8.5388],[76.8543,8.5482],[76.8471,8.5579],[76.839,8.5671],[76.8315,8.5768],[76.8238,8.5863],[76.816,8.596],[76.8085,8.6054],[76.801,8.6151],[76.7932,8.6243],[76.7854,8.6335],[76.7782,8.6432],[76.7707,8.6526],[76.7629,8.6621],[76.7554,8.6715],[76.7476,8.6807],[76.7401,8.6901],[76.7329,8.7001],[76.7251,8.7093],[76.7174,8.7188],[76.7085,8.7274],[76.7007,8.7368],[76.6954,8.7479],[76.6882,8.7579],[76.6821,8.7685],[76.6751,8.7785],[76.6676,8.7879],[76.6596,8.7976],[76.6518,8.8068],[76.646,8.8176],[76.6387,8.8274],[76.631,8.8371],[76.6226,8.846],[76.6143,8.8549],[76.6051,8.8629],[76.5957,8.871],[76.5857,8.8779],[76.574,8.8821],[76.5824,8.8726],[76.571,8.8765],[76.5621,8.8854],[76.5537,8.894],[76.5462,8.9049],[76.5413,8.9188],[76.5393,8.931],[76.5354,8.9435],[76.5324,8.9554],[76.5282,8.9668],[76.5254,8.9788],[76.5232,8.991],[76.5215,9.0029],[76.5188,9.0149],[76.5135,9.0257],[76.5085,9.0371],[76.5032,9.0479],[76.4982,9.0596],[76.4932,9.0713],[76.4882,9.0826],[76.4829,9.0935],[76.4779,9.1049],[76.4724,9.1157],[76.4671,9.1265],[76.4771,9.1335],[76.4835,9.1446],[76.4804,9.1565],[76.4882,9.1668],[76.4762,9.1671],[76.4782,9.1551],[76.474,9.1438],[76.4674,9.1563],[76.4596,9.1657],[76.4543,9.1765],[76.4485,9.1876],[76.4432,9.1993],[76.4404,9.2115],[76.4396,9.2238],[76.4307,9.2321],[76.4251,9.2429],[76.4268,9.231],[76.4315,9.2193],[76.4362,9.2082],[76.4393,9.1965],[76.4443,9.1854],[76.4521,9.1751],[76.4579,9.1635],[76.4635,9.1521],[76.4662,9.1404],[76.4574,9.1488],[76.4521,9.1596],[76.4465,9.1704],[76.4418,9.1826],[76.4365,9.1935],[76.4321,9.2051],[76.4268,9.2162],[76.4215,9.2274],[76.4163,9.2388],[76.4107,9.251],[76.4054,9.2618],[76.4001,9.2726],[76.3957,9.2838],[76.3904,9.2951],[76.3846,9.3057],[76.3801,9.3171],[76.3754,9.3282],[76.3707,9.3396],[76.3654,9.3504],[76.3599,9.3615],[76.3546,9.3726],[76.3499,9.3843],[76.3457,9.396],[76.3412,9.4076],[76.3374,9.419],[76.3343,9.431],[76.3313,9.4432],[76.3274,9.4546],[76.3246,9.4665],[76.3213,9.4796],[76.3185,9.4913],[76.3154,9.5038],[76.3124,9.5176],[76.3102,9.5304],[76.3076,9.5427],[76.3057,9.5551],[76.3035,9.5685],[76.3012,9.5804],[76.2999,9.5929],[76.2982,9.6062],[76.2968,9.6188],[76.2951,9.6315],[76.2946,9.6435],[76.2932,9.6571],[76.2918,9.6699],[76.2907,9.6826],[76.289,9.6987],[76.2876,9.7113],[76.286,9.7238],[76.2851,9.7368],[76.2865,9.7499],[76.2818,9.761],[76.2796,9.7768],[76.2771,9.789],[76.2749,9.8032],[76.2721,9.8149],[76.2701,9.8271],[76.2682,9.8401],[76.2657,9.8524],[76.2632,9.8651],[76.2607,9.8782],[76.2582,9.8904],[76.2551,9.9029],[76.2518,9.9154],[76.2479,9.9271],[76.2437,9.9393],[76.2393,9.9507],[76.2368,9.9629],[76.2476,9.9696],[76.2582,9.9638],[76.2613,9.9521],[76.2629,9.9401],[76.2704,9.9307],[76.281,9.9246],[76.2926,9.9215],[76.2962,9.9091],[76.2968,9.8957],[76.2893,9.9063],[76.2776,9.901],[76.2685,9.909],[76.2668,9.8971],[76.2618,9.9085],[76.2596,9.896],[76.2629,9.884],[76.2668,9.8726],[76.2787,9.8696],[76.2798,9.8818],[76.276,9.8932],[76.2857,9.9004],[76.289,9.8885],[76.2918,9.8768],[76.2949,9.8629],[76.2924,9.851],[76.284,9.8421],[76.2943,9.8501],[76.2965,9.8626],[76.2957,9.8754],[76.2957,9.8899],[76.3057,9.8829],[76.3165,9.8771],[76.3171,9.8651],[76.3174,9.8524],[76.3182,9.8396],[76.3207,9.8274],[76.3215,9.8151],[76.326,9.8029],[76.3268,9.7901],[76.334,9.7801],[76.3354,9.7674],[76.3407,9.7563],[76.341,9.7443],[76.3412,9.7315],[76.3449,9.7188],[76.3479,9.7307],[76.3468,9.7429],[76.3446,9.7549],[76.339,9.7657],[76.3363,9.7774],[76.336,9.7896],[76.3307,9.8004],[76.3349,9.8124],[76.3321,9.8243],[76.3218,9.8318],[76.3187,9.8438],[76.3201,9.856],[76.3199,9.8685],[76.3313,9.8724],[76.3379,9.8621],[76.3404,9.849],[76.3415,9.8368],[76.3496,9.8279],[76.3596,9.8212],[76.3671,9.811],[76.3601,9.801],[76.3618,9.789],[76.3671,9.7776],[76.3682,9.7651],[76.3693,9.7521],[76.3718,9.7385],[76.3665,9.7276],[76.3665,9.7137],[76.3613,9.7026],[76.3668,9.6918],[76.3771,9.6846],[76.3885,9.679],[76.3921,9.6674],[76.3882,9.656],[76.3815,9.6457],[76.3812,9.6335],[76.376,9.6226],[76.369,9.6126],[76.3657,9.6004],[76.3657,9.5876],[76.3607,9.5765],[76.3585,9.5646],[76.3568,9.5526],[76.3538,9.5404],[76.356,9.5285],[76.3665,9.5226],[76.3782,9.5196],[76.3824,9.5065],[76.3835,9.5199],[76.3962,9.5263],[76.414,9.5268],[76.434,9.5274],[76.4388,9.5162],[76.4429,9.5276],[76.4593,9.5282],[76.4715,9.5288],[76.4793,9.5185],[76.4849,9.5293],[76.4985,9.5288],[76.491,9.5393],[76.4785,9.5382],[76.4671,9.5421],[76.4662,9.5546],[76.4587,9.5449],[76.4468,9.5487],[76.4357,9.554],[76.424,9.5568],[76.416,9.566],[76.4199,9.5774],[76.4229,9.5893],[76.4262,9.6024],[76.4285,9.6165],[76.4232,9.6274],[76.4179,9.639],[76.4074,9.6451],[76.4043,9.6568],[76.4165,9.6585],[76.404,9.6665],[76.409,9.6776],[76.4143,9.689],[76.4085,9.6996],[76.3965,9.701],[76.384,9.7015],[76.386,9.7138],[76.3887,9.7257],[76.3904,9.7376],[76.389,9.751],[76.3829,9.7615],[76.3751,9.7707],[76.3718,9.7837],[76.371,9.7957],[76.3801,9.8046],[76.3879,9.8138],[76.3826,9.826],[76.3929,9.8196],[76.3838,9.8279],[76.3863,9.8407],[76.3737,9.8426],[76.3793,9.8535],[76.3765,9.8654],[76.3718,9.8768],[76.366,9.8879],[76.3607,9.8988],[76.3549,9.9096],[76.3438,9.9149],[76.3315,9.9154],[76.3357,9.904],[76.3401,9.8921],[76.3307,9.8999],[76.3335,9.8879],[76.3215,9.8888],[76.3182,9.9004],[76.3146,9.9121],[76.3093,9.9229],[76.3043,9.9343],[76.309,9.9454],[76.3004,9.9368],[76.2915,9.9451],[76.2857,9.9557],[76.281,9.9668],[76.276,9.9782],[76.2704,9.989],[76.2757,10],[76.2724,10.0124],[76.2679,10.024],[76.261,10.034],[76.2576,10.0224],[76.2621,10.0104],[76.2649,9.9987],[76.2679,9.9865],[76.2624,9.9974],[76.2588,10.009],[76.254,10.0204],[76.2515,10.0324],[76.2618,10.039],[76.2515,10.0457],[76.2476,10.0571],[76.2424,10.0685],[76.2493,10.0585],[76.2568,10.0476],[76.2615,10.0588],[76.2665,10.0699],[76.259,10.0793],[76.259,10.0913],[76.2476,10.0951],[76.2421,10.106],[76.2318,10.114],[76.2279,10.1254],[76.2299,10.1135],[76.2337,10.1021],[76.2376,10.0907],[76.2415,10.0793],[76.2332,10.0882],[76.2285,10.101],[76.2188,10.1085],[76.2226,10.1204],[76.2165,10.131],[76.2121,10.1426],[76.2065,10.131],[76.209,10.1188],[76.2132,10.1065],[76.2162,10.0929],[76.2115,10.104],[76.2107,10.0918],[76.2162,10.0807],[76.2254,10.0726],[76.2279,10.0607],[76.2262,10.0488],[76.2324,10.0376],[76.239,10.0265],[76.2304,10.0168],[76.2379,10.0071],[76.2393,9.9951],[76.2429,9.9832],[76.2363,9.9729],[76.2246,9.9765],[76.2213,9.9885],[76.2182,10.0001],[76.216,10.0124],[76.2124,10.0243],[76.2082,10.036],[76.2049,10.0482],[76.1999,10.0604],[76.1971,10.0724],[76.194,10.084],[76.1899,10.0957],[76.1879,10.1079],[76.1851,10.1199],[76.1815,10.1318],[76.1779,10.1435],[76.1738,10.1551],[76.1693,10.1668],[76.1663,10.1785],[76.1777,10.174],[76.1862,10.1651],[76.194,10.1557],[76.199,10.1435],[76.1965,10.1557],[76.1882,10.1651],[76.1799,10.1738],[76.1796,10.1863],[76.1915,10.191],[76.1787,10.191],[76.1651,10.1879],[76.1571,10.1971],[76.1532,10.2088],[76.149,10.2201],[76.1457,10.2321],[76.1421,10.2443],[76.1379,10.2565],[76.1343,10.2696],[76.1307,10.2813],[76.1282,10.2932],[76.1246,10.3049],[76.1212,10.3168],[76.1176,10.3287],[76.1137,10.3407],[76.1093,10.3521],[76.1046,10.3632],[76.1007,10.3746],[76.0962,10.3865],[76.0912,10.3976],[76.0871,10.4093],[76.0824,10.4204],[76.0774,10.4321],[76.0721,10.4435],[76.0665,10.4543],[76.0615,10.4657],[76.0557,10.4763],[76.0504,10.4871],[76.0446,10.4979],[76.0421,10.5107],[76.0376,10.5221],[76.0454,10.5321],[76.0535,10.541],[76.0654,10.5385],[76.0557,10.5463],[76.0465,10.5543],[76.041,10.566],[76.0435,10.5535],[76.0474,10.5415],[76.0365,10.5354],[76.0324,10.5238],[76.0387,10.5135],[76.0301,10.5224],[76.0251,10.5335],[76.0199,10.5449],[76.016,10.5563],[76.0104,10.5676],[76.0054,10.5788],[75.9996,10.5901],[75.9954,10.6021],[75.9904,10.6132],[75.9854,10.6243],[75.9804,10.6357],[75.9751,10.6465],[75.9701,10.6582],[75.9643,10.669],[75.959,10.6799],[75.9538,10.6915],[75.9499,10.7035],[75.944,10.714],[75.939,10.7251],[75.934,10.7362],[75.9296,10.7474],[75.9249,10.7585],[75.9204,10.7701],[75.9154,10.7813],[75.9104,10.7924],[75.9074,10.8051],[75.9043,10.8176],[75.9018,10.8307],[75.899,10.8429],[75.8962,10.8546],[75.8938,10.8671],[75.891,10.881],[75.8882,10.8938],[75.8854,10.9063],[75.8826,10.9185],[75.8799,10.9302],[75.8771,10.9426],[75.874,10.9551],[75.871,10.9668],[75.8679,10.979],[75.8649,10.991],[75.861,11.0029],[75.8576,11.0165],[75.8629,11.0054],[75.8615,11.0179],[75.854,11.029],[75.8512,11.0407],[75.8485,11.0524],[75.846,11.0646],[75.8424,11.0771],[75.8385,11.0885],[75.8351,11.1004],[75.8315,11.1121],[75.8257,11.1229],[75.8368,11.1276],[75.8415,11.1388],[75.8535,11.1407],[75.8593,11.1301],[75.854,11.141],[75.8418,11.1407],[75.8332,11.1321],[75.821,11.1332],[75.8165,11.1451],[75.8076,11.1532],[75.8182,11.159],[75.8162,11.1715],[75.8288,11.179],[75.8162,11.1804],[75.8099,11.1699],[75.7985,11.174],[75.7949,11.1857],[75.7901,11.1968],[75.7857,11.2088],[75.7813,11.221],[75.7771,11.2324],[75.7729,11.2437],[75.7693,11.2563],[75.7651,11.2676],[75.7621,11.2793],[75.7571,11.291],[75.7529,11.3024],[75.7485,11.3151],[75.7396,11.3232],[75.734,11.334],[75.736,11.346],[75.7312,11.3571],[75.7262,11.3688],[75.7215,11.3799],[75.716,11.391],[75.7096,11.4013],[75.7043,11.4121],[75.6988,11.4229],[75.6921,11.4329],[75.686,11.4435],[75.6754,11.4501],[75.6668,11.459],[75.6557,11.4651],[75.6435,11.4665],[75.6315,11.4663],[75.6221,11.4743],[75.6185,11.4868],[75.6137,11.4979],[75.6099,11.5099],[75.6051,11.5218],[75.601,11.5332],[75.5965,11.5451],[75.5924,11.5568],[75.5901,11.5688],[75.5946,11.5576],[75.5987,11.546],[75.5968,11.5596],[75.5943,11.5715],[75.5885,11.5821],[75.5896,11.5701],[75.584,11.581],[75.5801,11.5926],[75.5757,11.6038],[75.5715,11.616],[75.5668,11.6274],[75.5621,11.6388],[75.5568,11.6496],[75.5521,11.661],[75.5465,11.6732],[75.541,11.684],[75.5351,11.6951],[75.5287,11.7057],[75.5204,11.7146],[75.5126,11.7238],[75.5051,11.7332],[75.494,11.739],[75.4851,11.7471],[75.4782,11.7574],[75.4904,11.7571],[75.5015,11.7618],[75.4896,11.7638],[75.4771,11.7651],[75.4843,11.7749],[75.4843,11.7874],[75.4946,11.794],[75.4832,11.7988],[75.4788,11.7876],[75.4768,11.7757],[75.4701,11.7657],[75.4582,11.7676],[75.461,11.7793],[75.4635,11.7913],[75.4613,11.8035],[75.4613,11.7913],[75.4599,11.779],[75.4476,11.7815],[75.4443,11.7932],[75.4371,11.8029],[75.4271,11.8096],[75.4196,11.819],[75.4124,11.8287],[75.4035,11.8382],[75.3946,11.8465],[75.3857,11.8546],[75.3735,11.8568],[75.3615,11.8565],[75.3538,11.866],[75.3476,11.8763],[75.3401,11.886],[75.3324,11.8954],[75.3229,11.9038],[75.3187,11.9151],[75.3118,11.9251],[75.3054,11.9354],[75.314,11.9438],[75.3251,11.9385],[75.3363,11.9337],[75.3479,11.9301],[75.3599,11.9288],[75.3685,11.9379],[75.3771,11.929],[75.3846,11.9182],[75.3968,11.9163],[75.3907,11.9268],[75.3788,11.9301],[75.3749,11.9418],[75.3743,11.9538],[75.3643,11.9468],[75.3618,11.9343],[75.3496,11.934],[75.339,11.9401],[75.3274,11.9443],[75.3176,11.9513],[75.3121,11.9624],[75.3143,11.9501],[75.3057,11.9585],[75.2988,11.9685],[75.2929,11.9793],[75.2871,11.9899],[75.2801,11.9999],[75.2688,12.0043],[75.2663,12.0182],[75.2782,12.0221],[75.2865,12.0132],[75.2971,12.0074],[75.3082,12.0026],[75.3179,12.011],[75.3299,12.0096],[75.3185,12.014],[75.3065,12.0157],[75.3024,12.0271],[75.3121,12.0349],[75.3162,12.0463],[75.3251,12.0382],[75.3346,12.0465],[75.3226,12.046],[75.311,12.0429],[75.3007,12.058],[75.3092,12.0784],[75.3096,12.0906],[75.3091,12.1027],[75.3282,12.1073],[75.3399,12.0983],[75.3519,12.1089],[75.3627,12.1161],[75.3755,12.1234],[75.3922,12.1263],[75.4022,12.1341],[75.3939,12.1455],[75.3784,12.146],[75.3667,12.1354],[75.3478,12.1353],[75.3352,12.144],[75.3206,12.1435],[75.3099,12.132],[75.2928,12.1161],[75.282,12.1091],[75.266,12.1037],[75.2474,12.1037],[75.2366,12.1102],[75.2231,12.1048],[75.2225,12.0856],[75.2231,12.0644],[75.2274,12.0443],[75.2249,12.0319],[75.2249,12.0199],[75.2174,12.0104],[75.206,12.0063],[75.1982,12.016],[75.1929,12.0268],[75.1868,12.0385],[75.1854,12.0513],[75.1829,12.0638],[75.1776,12.0754],[75.1843,12.0857],[75.1921,12.0765],[75.2032,12.0713],[75.2151,12.0668],[75.204,12.0743],[75.1926,12.0787],[75.1896,12.0904],[75.1796,12.0835],[75.1749,12.0946],[75.1876,12.0938],[75.1935,12.1043],[75.1963,12.1163],[75.1899,12.1268],[75.1896,12.1143],[75.1915,12.1012],[75.1796,12.0985],[75.1726,12.1088],[75.1637,12.1171],[75.1637,12.1307],[75.1593,12.1426],[75.1535,12.1538],[75.1507,12.1657],[75.1435,12.1754],[75.1371,12.1857],[75.1324,12.1968],[75.1299,12.2093],[75.1185,12.2054],[75.1137,12.2165],[75.1096,12.2282],[75.1054,12.2399],[75.1007,12.2513],[75.0965,12.2635],[75.0912,12.2746],[75.0865,12.2857],[75.0818,12.2968],[75.0771,12.3079],[75.0724,12.319],[75.0671,12.3299],[75.0649,12.3418],[75.0601,12.3532],[75.0626,12.341],[75.0574,12.3521],[75.0524,12.3638],[75.0471,12.3746],[75.0415,12.3857],[75.0307,12.3915],[75.0263,12.4029],[75.0204,12.4135],[75.0126,12.4232],[75.0071,12.434],[75.0018,12.4451],[74.996,12.4563],[74.9912,12.4674],[74.9857,12.4782],[74.9793,12.4888],[74.9735,12.4996],[74.9696,12.5129],[74.9646,12.5246],[74.9607,12.5368],[74.9568,12.5482],[74.951,12.5593],[74.946,12.5714],[74.9412,12.5826],[74.9362,12.594],[74.934,12.606],[74.9265,12.6154],[74.9221,12.6271],[74.9176,12.639],[74.9129,12.6501],[74.9079,12.6615],[74.9026,12.6726],[74.8976,12.684],[74.8926,12.6951],[74.8874,12.7068],[74.881,12.7176],[74.8768,12.7293],[74.8718,12.7407],[74.8671,12.7521],[74.8799,12.7493],[74.8918,12.7545],[74.9051,12.7599],[74.9294,12.7713],[74.9542,12.7793],[74.9654,12.7748],[74.9819,12.7752],[74.9926,12.7836],[74.996,12.788]]]]}},{"type":"Feature","properties":{"name":"Lakshadweep","id":"lakshadweep"},"geometry":{"type":"MultiPolygon","coordinates":[[[[73.0101,8.2804],[73.0101,8.2804]]],[[[73.081,8.3276],[73.0746,8.3174],[73.069,8.3062],[73.0665,8.2929],[73.0629,8.2813],[73.054,8.2732],[73.0435,8.2663],[73.0315,8.2665],[73.0201,8.2707],[73.0318,8.2735],[73.0437,8.2751],[73.054,8.2818],[73.061,8.2918],[73.066,8.3032],[73.071,8.3146],[73.0771,8.3251],[73.081,8.3276]]],[[[72.2901,10.0496],[72.2846,10.0388],[72.2901,10.0496]]],[[[73.6335,10.0704],[73.6335,10.0704]]],[[[73.629,10.0751],[73.629,10.0751]]],[[[73.6515,10.1043],[73.6507,10.091],[73.6482,10.079],[73.6485,10.0663],[73.6368,10.069],[73.6451,10.079],[73.6482,10.091],[73.6513,10.1043],[73.6515,10.1043]]],[[[72.3279,10.1365],[72.3318,10.1249],[72.3265,10.1357],[72.3279,10.1365]]],[[[73.661,10.156],[73.6643,10.144],[73.6626,10.1321],[73.6626,10.1451],[73.661,10.156]]],[[[72.6421,10.5774],[72.6501,10.5682],[72.6424,10.5585],[72.6312,10.5526],[72.6221,10.5446],[72.6276,10.5554],[72.6343,10.5657],[72.6393,10.5768],[72.6421,10.5774]]],[[[72.1687,10.8149],[72.1687,10.8149]]],[[[72.1726,10.8199],[72.1726,10.8199]]],[[[73.6785,10.8215],[73.6915,10.8182],[73.686,10.8074],[73.6729,10.8049],[73.6618,10.8096],[73.6704,10.8185],[73.6785,10.8215]]],[[[72.1726,10.8199],[72.179,10.8301],[72.1843,10.841],[72.1896,10.8518],[72.1918,10.8638],[72.1974,10.8746],[72.2001,10.8629],[72.1932,10.8526],[72.1868,10.8424],[72.1815,10.8315],[72.1743,10.8218],[72.1726,10.8199]]],[[[72.2913,10.946],[72.2857,10.9349],[72.2913,10.946]]],[[[72.3265,10.9532],[72.3182,10.9443],[72.3265,10.9532]]],[[[72.3337,10.9585],[72.3337,10.9585]]],[[[72.7315,11.1362],[72.731,11.1238],[72.7229,11.1149],[72.716,11.1251],[72.7254,11.1329],[72.7315,11.1362]]],[[[72.1057,11.2129],[72.1057,11.2129]]],[[[72.1029,11.2151],[72.1029,11.2151]]],[[[72.7901,11.2599],[72.7876,11.2479],[72.7832,11.236],[72.7796,11.2238],[72.7757,11.2121],[72.769,11.2018],[72.7651,11.1901],[72.766,11.2021],[72.7701,11.2138],[72.7732,11.2263],[72.7774,11.2379],[72.7821,11.2493],[72.7893,11.2596],[72.7901,11.2599]]],[[[73.001,11.4882],[73.001,11.4882]]],[[[72.9999,11.4979],[73.0082,11.4888],[73.0104,11.4751],[73.0035,11.4854],[72.9968,11.4954],[72.9999,11.4979]]],[[[72.1862,11.6013],[72.1862,11.6013]]],[[[72.714,11.7063],[72.7171,11.6946],[72.7107,11.6843],[72.7115,11.6963],[72.714,11.7063]]]]}},{"type":"Feature","properties":{"name":"Madhya Pradesh","id":"madhya-pradesh"},"geometry":{"type":"Polygon","coordinates":[[[78.3646,26.8688],[78.3701,26.8576],[78.3807,26.8361],[78.3897,26.8249],[78.4134,26.8304],[78.4259,26.8323],[78.4456,26.8034],[78.4581,26.7952],[78.4763,26.7923],[78.492,26.788],[78.5156,26.7851],[78.5263,26.7785],[78.5549,26.7648],[78.5658,26.7577],[78.602,26.7561],[78.6118,26.7671],[78.6286,26.7754],[78.6504,26.7697],[78.6675,26.7742],[78.6728,26.7877],[78.6834,26.7946],[78.7153,26.8002],[78.7178,26.7872],[78.7315,26.7831],[78.7411,26.7925],[78.7545,26.7757],[78.7664,26.7645],[78.7987,26.7691],[78.8114,26.7655],[78.8407,26.7261],[78.8511,26.7164],[78.8649,26.7047],[78.8771,26.7035],[78.9039,26.7134],[78.9308,26.7043],[78.9481,26.6967],[78.937,26.6723],[78.9437,26.6611],[78.9639,26.6765],[78.9839,26.6857],[78.9973,26.681],[78.9981,26.6666],[78.9913,26.6546],[78.9913,26.6414],[79.0008,26.6304],[79.0052,26.6141],[78.9913,26.6046],[78.9821,26.5942],[78.9795,26.5816],[78.9935,26.5788],[78.9991,26.5667],[79.0052,26.5562],[79.0172,26.5521],[79.0331,26.536],[79.0333,26.5226],[79.0437,26.5105],[79.0509,26.5008],[79.0611,26.491],[79.0471,26.4614],[79.058,26.4513],[79.0691,26.4465],[79.0809,26.4439],[79.0911,26.4524],[79.1052,26.4536],[79.121,26.4479],[79.1191,26.4329],[79.1172,26.4171],[79.1007,26.4117],[79.0868,26.4178],[79.0807,26.4055],[79.087,26.3911],[79.0905,26.3794],[79.0792,26.3729],[79.0842,26.3597],[79.0967,26.3596],[79.1086,26.3545],[79.1232,26.3447],[79.127,26.3317],[79.1266,26.316],[79.1146,26.3131],[79.1015,26.3139],[79.0918,26.304],[79.0831,26.2939],[79.0836,26.2724],[79.0787,26.2845],[79.0641,26.2826],[79.0468,26.2706],[79.0469,26.2554],[79.0627,26.2469],[79.0571,26.2329],[79.0406,26.2293],[79.0268,26.2334],[79.0176,26.2234],[79.0207,26.2097],[79.0104,26.2028],[78.9966,26.199],[78.984,26.2007],[78.9918,26.1773],[79.0034,26.173],[79.0009,26.1603],[78.9918,26.1521],[78.9706,26.1554],[78.9523,26.1426],[78.9581,26.1299],[78.9692,26.1234],[78.9718,26.1087],[78.9901,26.0959],[79.0035,26.0943],[79.0032,26.0818],[78.9919,26.0746],[78.9787,26.0647],[78.9614,26.0508],[78.9527,26.042],[78.9462,26.0311],[78.9453,26.0139],[78.9461,26.0016],[78.9395,25.9864],[78.9272,25.9865],[78.9295,25.9716],[78.9258,25.9589],[78.9153,25.9494],[78.9039,25.9411],[78.8943,25.9259],[78.8764,25.9157],[78.8872,25.899],[78.8813,25.8884],[78.8837,25.8765],[78.868,25.875],[78.8505,25.8656],[78.844,25.8453],[78.8658,25.8344],[78.864,25.8163],[78.8633,25.8021],[78.8497,25.7959],[78.8413,25.8052],[78.841,25.8206],[78.8158,25.8311],[78.802,25.8222],[78.804,25.8102],[78.8162,25.8176],[78.8241,25.8076],[78.8117,25.7991],[78.7996,25.7994],[78.7906,25.7882],[78.78,25.7751],[78.7758,25.7615],[78.7624,25.7523],[78.7468,25.7491],[78.748,25.7327],[78.7607,25.7208],[78.7775,25.7137],[78.7912,25.7105],[78.7958,25.6961],[78.8094,25.6781],[78.8106,25.6651],[78.8112,25.6455],[78.8064,25.633],[78.7982,25.6192],[78.7849,25.6155],[78.766,25.6131],[78.749,25.6083],[78.7328,25.6031],[78.7112,25.6066],[78.7003,25.6013],[78.688,25.5952],[78.673,25.5918],[78.6486,25.5656],[78.6288,25.569],[78.6213,25.5822],[78.6086,25.5891],[78.6002,25.5784],[78.5871,25.5729],[78.5761,25.5653],[78.5597,25.5678],[78.5471,25.5647],[78.5324,25.5703],[78.5114,25.573],[78.4915,25.5819],[78.4689,25.573],[78.46,25.5646],[78.4552,25.552],[78.443,25.5571],[78.4335,25.5652],[78.4123,25.5422],[78.411,25.5274],[78.4163,25.5157],[78.4094,25.5043],[78.4195,25.4905],[78.4207,25.4776],[78.4067,25.4792],[78.396,25.4718],[78.3857,25.4542],[78.3708,25.4472],[78.3527,25.4553],[78.3438,25.4462],[78.3366,25.435],[78.3341,25.4182],[78.3325,25.4046],[78.3215,25.3952],[78.3107,25.3851],[78.2955,25.3748],[78.3016,25.3644],[78.3163,25.3596],[78.3266,25.349],[78.3313,25.3367],[78.3154,25.3207],[78.308,25.311],[78.3301,25.3004],[78.3452,25.2979],[78.3451,25.283],[78.3553,25.2757],[78.3622,25.2654],[78.3552,25.25],[78.3689,25.2417],[78.3752,25.2258],[78.3922,25.2223],[78.3858,25.2087],[78.3854,25.1952],[78.4036,25.1889],[78.4173,25.1728],[78.4351,25.1704],[78.4428,25.1579],[78.4287,25.1583],[78.4188,25.1511],[78.4324,25.1375],[78.4429,25.1288],[78.431,25.1245],[78.4177,25.127],[78.4023,25.131],[78.3897,25.127],[78.3787,25.1127],[78.367,25.1045],[78.3478,25.1],[78.3327,25.0932],[78.325,25.0725],[78.3308,25.0454],[78.3381,25.0273],[78.3346,25.0107],[78.3275,24.9996],[78.3096,24.9912],[78.2896,24.9681],[78.2627,24.9526],[78.256,24.942],[78.2288,24.9241],[78.2139,24.9156],[78.204,24.9005],[78.1892,24.8928],[78.177,24.8873],[78.1654,24.8817],[78.1636,24.8643],[78.1653,24.8482],[78.1869,24.8428],[78.194,24.8316],[78.209,24.8131],[78.2184,24.7919],[78.2258,24.7766],[78.2243,24.764],[78.2204,24.7474],[78.2263,24.7362],[78.2365,24.7246],[78.2508,24.7056],[78.2546,24.6925],[78.268,24.6696],[78.2583,24.6528],[78.2585,24.6378],[78.2675,24.6219],[78.2694,24.605],[78.2638,24.5787],[78.2589,24.5582],[78.2461,24.5487],[78.2242,24.5413],[78.2165,24.5316],[78.2282,24.5165],[78.2402,24.5096],[78.2377,24.4962],[78.2462,24.4867],[78.2632,24.4831],[78.2603,24.46],[78.2669,24.4474],[78.2812,24.4372],[78.2999,24.4265],[78.3115,24.4174],[78.3324,24.406],[78.3449,24.392],[78.3589,24.3872],[78.3465,24.3627],[78.3354,24.3451],[78.3254,24.3344],[78.3318,24.3225],[78.3413,24.3115],[78.3514,24.2993],[78.364,24.2924],[78.3774,24.2781],[78.393,24.2748],[78.407,24.277],[78.4145,24.2888],[78.4265,24.2902],[78.4333,24.309],[78.4403,24.3255],[78.4546,24.3332],[78.4678,24.3393],[78.4717,24.3571],[78.4843,24.3776],[78.4982,24.3928],[78.5146,24.3906],[78.5251,24.3771],[78.5526,24.3606],[78.5665,24.3573],[78.5789,24.354],[78.5847,24.3434],[78.599,24.3232],[78.6149,24.3126],[78.6179,24.2993],[78.6217,24.2863],[78.6342,24.2894],[78.6436,24.2815],[78.6544,24.2737],[78.6632,24.2526],[78.6731,24.2444],[78.6926,24.237],[78.7071,24.2388],[78.7211,24.2412],[78.7265,24.2527],[78.7361,24.2451],[78.7498,24.2407],[78.7567,24.2597],[78.7664,24.2506],[78.7607,24.2391],[78.7677,24.2178],[78.7783,24.201],[78.7846,24.1851],[78.8022,24.1819],[78.808,24.1933],[78.8105,24.2085],[78.8201,24.2012],[78.8328,24.2093],[78.8465,24.2169],[78.8582,24.2135],[78.8737,24.2189],[78.8811,24.2289],[78.8798,24.2441],[78.8856,24.2593],[78.9099,24.2729],[78.9132,24.2859],[78.9071,24.2964],[78.9241,24.3142],[78.9454,24.3313],[78.9549,24.3439],[78.9669,24.3537],[78.9669,24.3703],[78.971,24.3847],[78.9742,24.3986],[78.9809,24.4178],[78.9878,24.428],[78.9844,24.4414],[78.9718,24.4447],[78.9555,24.4451],[78.9407,24.446],[78.9311,24.46],[78.9128,24.4635],[78.9026,24.4784],[78.9081,24.4932],[78.9176,24.5025],[78.9257,24.4918],[78.9431,24.4849],[78.9546,24.4886],[78.9664,24.4969],[78.9502,24.5045],[78.9434,24.5166],[78.9404,24.5312],[78.9455,24.5533],[78.9304,24.5644],[78.9131,24.5813],[78.9056,24.6022],[78.893,24.6138],[78.8817,24.6397],[78.8665,24.6455],[78.8592,24.6282],[78.8444,24.629],[78.8335,24.6208],[78.8308,24.6089],[78.8141,24.6056],[78.8018,24.6078],[78.7938,24.5982],[78.7769,24.5931],[78.752,24.6025],[78.7486,24.6247],[78.748,24.6371],[78.7421,24.6506],[78.7443,24.6668],[78.755,24.6736],[78.76,24.6936],[78.7724,24.7041],[78.7698,24.7188],[78.7675,24.7434],[78.7632,24.7668],[78.7645,24.795],[78.7778,24.8049],[78.7726,24.8305],[78.7689,24.8437],[78.7672,24.8557],[78.7534,24.865],[78.7384,24.8696],[78.7225,24.8807],[78.7029,24.884],[78.6963,24.8947],[78.6797,24.8972],[78.6684,24.9024],[78.6595,24.9175],[78.6537,24.9442],[78.6422,24.9398],[78.6424,24.9527],[78.6249,24.9619],[78.632,24.9837],[78.6351,25.0043],[78.6362,25.0214],[78.6442,25.0352],[78.6419,25.0615],[78.6348,25.0742],[78.6247,25.0864],[78.6056,25.0942],[78.5967,25.1035],[78.5982,25.1271],[78.596,25.1486],[78.5698,25.202],[78.5646,25.221],[78.5625,25.2387],[78.5682,25.2541],[78.557,25.2693],[78.5423,25.272],[78.5285,25.2745],[78.5209,25.288],[78.5053,25.2815],[78.4967,25.2939],[78.454,25.2706],[78.4358,25.2732],[78.4274,25.2887],[78.4352,25.3025],[78.4485,25.3033],[78.4593,25.2967],[78.4718,25.3058],[78.4832,25.3142],[78.4922,25.3238],[78.4958,25.3102],[78.5051,25.3021],[78.5187,25.3058],[78.531,25.3171],[78.5415,25.3266],[78.5315,25.3349],[78.5311,25.3486],[78.5234,25.3583],[78.5351,25.364],[78.556,25.3486],[78.5762,25.3519],[78.5778,25.3771],[78.5646,25.384],[78.5611,25.3957],[78.5761,25.3911],[78.5883,25.3921],[78.5946,25.4091],[78.6144,25.4163],[78.6236,25.406],[78.6368,25.4141],[78.6325,25.433],[78.6454,25.4379],[78.658,25.4438],[78.6704,25.4389],[78.6817,25.4474],[78.6933,25.4392],[78.7014,25.4289],[78.6845,25.416],[78.6691,25.4039],[78.6593,25.4184],[78.6567,25.4005],[78.6579,25.388],[78.6694,25.3929],[78.6839,25.3805],[78.6961,25.3855],[78.709,25.3787],[78.7046,25.3656],[78.7094,25.3543],[78.7252,25.354],[78.7498,25.3521],[78.7644,25.3584],[78.7622,25.3744],[78.7548,25.3862],[78.7599,25.3978],[78.7475,25.4005],[78.7431,25.4127],[78.7562,25.4193],[78.776,25.4212],[78.7882,25.4236],[78.8077,25.4252],[78.8035,25.4382],[78.7895,25.442],[78.7763,25.437],[78.7654,25.43],[78.7518,25.4384],[78.7437,25.4521],[78.7277,25.4587],[78.7263,25.4901],[78.7361,25.5043],[78.7415,25.4899],[78.7565,25.4762],[78.773,25.4828],[78.7895,25.4835],[78.8102,25.4754],[78.8255,25.4684],[78.8359,25.46],[78.8372,25.448],[78.8165,25.4489],[78.831,25.432],[78.8453,25.445],[78.8572,25.4622],[78.8516,25.4778],[78.846,25.4914],[78.8307,25.4984],[78.8339,25.516],[78.8471,25.5185],[78.876,25.5243],[78.8684,25.5442],[78.8744,25.557],[78.8968,25.5594],[78.9104,25.5593],[78.9133,25.5455],[78.9226,25.5568],[78.9357,25.5571],[78.9438,25.5409],[78.9384,25.5275],[78.9196,25.5274],[78.9192,25.5136],[78.9332,25.4983],[78.9356,25.48],[78.93,25.4686],[78.9197,25.4622],[78.9063,25.4505],[78.9126,25.4387],[78.9291,25.4283],[78.9378,25.4375],[78.9601,25.4389],[78.9689,25.4251],[78.9655,25.4115],[78.9682,25.3966],[78.9784,25.3829],[78.9553,25.3731],[78.9387,25.3528],[78.9172,25.36],[78.897,25.3652],[78.8954,25.3808],[78.9091,25.3806],[78.9264,25.3773],[78.9389,25.3891],[78.9512,25.3965],[78.931,25.4032],[78.9154,25.3996],[78.9011,25.3893],[78.883,25.3895],[78.8614,25.377],[78.8454,25.3609],[78.8359,25.347],[78.8454,25.3387],[78.8333,25.3313],[78.8266,25.3199],[78.8146,25.311],[78.798,25.3145],[78.7867,25.3097],[78.7832,25.2976],[78.8037,25.302],[78.8064,25.2795],[78.8113,25.266],[78.8237,25.2511],[78.8351,25.2332],[78.8503,25.2534],[78.8579,25.2662],[78.8623,25.2831],[78.8719,25.2918],[78.8669,25.311],[78.8564,25.317],[78.8731,25.3308],[78.8765,25.3445],[78.8955,25.3435],[78.9079,25.3394],[78.9189,25.346],[78.9254,25.3346],[78.9428,25.3451],[78.9558,25.3478],[78.952,25.3174],[78.9703,25.2911],[78.9538,25.2856],[78.9445,25.2754],[78.9406,25.2627],[78.9258,25.2678],[78.9152,25.2757],[78.8964,25.2499],[78.8846,25.2472],[78.8759,25.2558],[78.8673,25.2377],[78.8733,25.2261],[78.8816,25.2155],[78.8757,25.2001],[78.8674,25.19],[78.8692,25.1781],[78.8718,25.166],[78.8934,25.1732],[78.9016,25.1833],[78.908,25.1935],[78.9192,25.2062],[78.9424,25.2184],[78.9639,25.2194],[78.9777,25.2042],[78.9877,25.1968],[78.9975,25.2076],[78.9933,25.2222],[78.9927,25.235],[78.9723,25.2428],[78.9772,25.2617],[78.9868,25.275],[79.005,25.277],[79.016,25.2652],[79.0117,25.2528],[79.0294,25.2493],[79.0265,25.2347],[79.0451,25.2306],[79.0564,25.2257],[79.0485,25.2098],[79.0246,25.1866],[79.0358,25.1739],[79.0252,25.1558],[79.0218,25.1432],[79.0355,25.1378],[79.0489,25.1475],[79.0629,25.1627],[79.0703,25.1778],[79.0843,25.1925],[79.0887,25.1783],[79.1026,25.1712],[79.1192,25.1634],[79.1078,25.1437],[79.1247,25.1296],[79.1148,25.1178],[79.1292,25.1108],[79.1448,25.1166],[79.1566,25.1119],[79.1689,25.1119],[79.1799,25.1288],[79.1665,25.1395],[79.1773,25.146],[79.189,25.1494],[79.1963,25.138],[79.2071,25.1244],[79.2184,25.1182],[79.2349,25.1175],[79.2377,25.1313],[79.2249,25.1402],[79.2139,25.1484],[79.2252,25.1582],[79.2458,25.162],[79.2592,25.1533],[79.2621,25.1412],[79.2545,25.1305],[79.2688,25.1262],[79.2822,25.1335],[79.301,25.1308],[79.3139,25.151],[79.3087,25.1651],[79.3019,25.1753],[79.2908,25.1839],[79.2788,25.1974],[79.278,25.2106],[79.2811,25.2243],[79.2782,25.2383],[79.2933,25.2402],[79.3005,25.2274],[79.3108,25.2195],[79.323,25.2227],[79.3258,25.2108],[79.3326,25.2008],[79.3434,25.21],[79.3349,25.2229],[79.3413,25.2391],[79.3409,25.2561],[79.3401,25.2728],[79.3234,25.2668],[79.31,25.2619],[79.2983,25.2758],[79.2878,25.2902],[79.2779,25.271],[79.2657,25.2664],[79.2565,25.2795],[79.256,25.2917],[79.2601,25.3102],[79.2765,25.327],[79.2913,25.3293],[79.3042,25.3398],[79.3251,25.3372],[79.3446,25.3344],[79.3345,25.3174],[79.3419,25.3046],[79.3308,25.294],[79.3431,25.2904],[79.3516,25.278],[79.353,25.2654],[79.3657,25.2681],[79.3644,25.2925],[79.3793,25.2867],[79.3923,25.2849],[79.4012,25.2624],[79.4153,25.2592],[79.4312,25.2596],[79.4516,25.2736],[79.4731,25.2821],[79.4845,25.2727],[79.464,25.268],[79.4529,25.2565],[79.4436,25.2486],[79.433,25.236],[79.427,25.225],[79.4424,25.221],[79.4358,25.2047],[79.4213,25.2032],[79.4096,25.2088],[79.4042,25.1944],[79.3915,25.1796],[79.3839,25.1703],[79.3801,25.1537],[79.3839,25.14],[79.3893,25.1206],[79.3991,25.1135],[79.415,25.123],[79.4178,25.1351],[79.4311,25.1354],[79.4344,25.1217],[79.4299,25.1091],[79.4448,25.1131],[79.4566,25.125],[79.4684,25.1345],[79.4605,25.0963],[79.4715,25.0872],[79.4899,25.0828],[79.5002,25.0992],[79.5134,25.1003],[79.5139,25.1221],[79.5266,25.1356],[79.5336,25.1464],[79.5427,25.1606],[79.5596,25.176],[79.574,25.1595],[79.5857,25.1529],[79.6,25.155],[79.5975,25.1396],[79.62,25.1427],[79.6329,25.1328],[79.6542,25.1305],[79.6662,25.1271],[79.6766,25.137],[79.7073,25.1333],[79.7246,25.1354],[79.7396,25.143],[79.7577,25.1345],[79.7692,25.1253],[79.7883,25.1204],[79.8052,25.111],[79.8187,25.1102],[79.8272,25.1001],[79.8409,25.0964],[79.8559,25.0985],[79.8458,25.1105],[79.848,25.1282],[79.8516,25.1398],[79.8648,25.145],[79.8597,25.1621],[79.8626,25.177],[79.8588,25.1902],[79.8519,25.2035],[79.863,25.2192],[79.8472,25.2324],[79.8576,25.2419],[79.8725,25.2538],[79.8866,25.2464],[79.8983,25.2551],[79.9106,25.245],[79.9241,25.2516],[79.9333,25.263],[79.9426,25.2719],[79.963,25.2682],[79.9773,25.2649],[79.9922,25.2693],[79.9913,25.2832],[79.9987,25.2938],[80.0126,25.3017],[80.0099,25.3248],[80.0207,25.3432],[80.0372,25.341],[80.0549,25.3413],[80.07,25.3431],[80.0784,25.3534],[80.0934,25.3538],[80.107,25.3442],[80.1191,25.3427],[80.1327,25.3503],[80.145,25.3601],[80.1591,25.3662],[80.1667,25.379],[80.1826,25.3815],[80.1888,25.4064],[80.1972,25.415],[80.2114,25.4039],[80.2266,25.4106],[80.2452,25.4049],[80.2524,25.4188],[80.2737,25.425],[80.2843,25.4159],[80.2953,25.4078],[80.3086,25.3923],[80.3132,25.3723],[80.3054,25.3621],[80.3098,25.3413],[80.3107,25.3107],[80.3027,25.297],[80.312,25.2822],[80.3377,25.2794],[80.3493,25.2696],[80.3536,25.2564],[80.3629,25.2468],[80.378,25.2375],[80.3907,25.2457],[80.4017,25.221],[80.4095,25.2059],[80.4181,25.1919],[80.4237,25.1741],[80.4155,25.1653],[80.3868,25.1629],[80.3734,25.1552],[80.3625,25.1497],[80.3513,25.1449],[80.3475,25.13],[80.3384,25.1213],[80.3228,25.1066],[80.3147,25.0941],[80.3105,25.082],[80.2947,25.0691],[80.282,25.0632],[80.2778,25.044],[80.2708,25.0342],[80.2785,25.0216],[80.299,25.016],[80.3124,25.0063],[80.3244,25.003],[80.338,25.0209],[80.3526,25.0199],[80.3678,25.0254],[80.3728,25.0083],[80.3874,25.0124],[80.3809,25.0277],[80.3802,25.0416],[80.3675,25.0461],[80.3672,25.0589],[80.3793,25.056],[80.3864,25.0673],[80.4027,25.061],[80.4099,25.0767],[80.4227,25.0713],[80.4329,25.0784],[80.4451,25.0802],[80.4442,25.0682],[80.4559,25.0738],[80.4614,25.058],[80.4702,25.0447],[80.4831,25.0473],[80.4932,25.0543],[80.5023,25.0629],[80.4906,25.0782],[80.5,25.0896],[80.4873,25.0918],[80.4747,25.0991],[80.4921,25.1022],[80.5095,25.101],[80.5152,25.0885],[80.5281,25.0771],[80.5388,25.0697],[80.5525,25.0693],[80.5612,25.0793],[80.5624,25.0914],[80.5787,25.0883],[80.5932,25.0815],[80.6045,25.0726],[80.6,25.0908],[80.5878,25.1091],[80.5964,25.122],[80.5901,25.1348],[80.5946,25.1552],[80.6058,25.1493],[80.6055,25.1364],[80.6225,25.1361],[80.6324,25.1233],[80.6192,25.1202],[80.6133,25.1065],[80.6014,25.1044],[80.6178,25.0937],[80.6339,25.0938],[80.6455,25.0906],[80.6537,25.0765],[80.6658,25.0802],[80.6793,25.0818],[80.6742,25.0681],[80.6736,25.0542],[80.6869,25.0588],[80.7053,25.0614],[80.7272,25.0718],[80.7441,25.0623],[80.766,25.0611],[80.7783,25.0639],[80.7796,25.0779],[80.767,25.0856],[80.7511,25.0911],[80.7334,25.1013],[80.7205,25.1014],[80.7199,25.1173],[80.7075,25.1274],[80.6996,25.1371],[80.7148,25.1433],[80.7277,25.1474],[80.7355,25.1352],[80.7509,25.1417],[80.7661,25.1409],[80.7821,25.1371],[80.7937,25.1423],[80.8083,25.1408],[80.8186,25.1306],[80.8232,25.1178],[80.8378,25.1275],[80.8321,25.1414],[80.8374,25.1603],[80.8411,25.1753],[80.8352,25.1905],[80.8486,25.19],[80.8632,25.1892],[80.878,25.1956],[80.8862,25.1772],[80.9056,25.1645],[80.8903,25.1464],[80.8754,25.1444],[80.869,25.1279],[80.8722,25.1093],[80.8673,25.094],[80.8751,25.0795],[80.8558,25.0624],[80.8469,25.0533],[80.8352,25.0397],[80.8401,25.0202],[80.8503,25.0031],[80.8364,24.9861],[80.8211,24.9825],[80.8126,24.9737],[80.7988,24.9749],[80.7916,24.9639],[80.8029,24.9569],[80.8022,24.9445],[80.8154,24.9379],[80.829,24.9384],[80.8409,24.9356],[80.8566,24.936],[80.875,24.9407],[80.8848,24.9489],[80.898,24.9417],[80.8943,24.9539],[80.9115,24.9623],[80.9285,24.9677],[80.9425,24.9711],[80.9467,24.9569],[80.9522,24.9429],[80.9511,24.927],[80.9657,24.9386],[80.9793,24.9381],[80.9967,24.9396],[81.0087,24.9325],[81.0213,24.9371],[81.0072,24.9526],[81.0192,24.945],[81.0267,24.955],[81.0431,24.9526],[81.0574,24.9531],[81.0764,24.9523],[81.0805,24.9384],[81.0895,24.9245],[81.1038,24.9127],[81.1168,24.9018],[81.1282,24.8936],[81.1333,24.9056],[81.1401,24.9164],[81.1523,24.9163],[81.1523,24.9294],[81.1578,24.9427],[81.1596,24.9547],[81.1721,24.9535],[81.1884,24.9451],[81.199,24.9347],[81.1844,24.9292],[81.1995,24.9269],[81.211,24.9326],[81.2044,24.9505],[81.2041,24.9628],[81.2123,24.9777],[81.2073,24.9913],[81.2051,25.0031],[81.2202,25.0072],[81.2307,25.0181],[81.236,25.0293],[81.2476,25.0415],[81.2523,25.0526],[81.2616,25.0685],[81.253,25.079],[81.2544,25.0927],[81.2465,25.1033],[81.2562,25.1145],[81.2568,25.1286],[81.2597,25.1412],[81.2706,25.1484],[81.2686,25.1652],[81.2815,25.1655],[81.3049,25.1675],[81.3043,25.1453],[81.307,25.1334],[81.313,25.1174],[81.316,25.1351],[81.311,25.149],[81.313,25.1635],[81.33,25.1725],[81.3446,25.1655],[81.3555,25.1576],[81.3625,25.1457],[81.3743,25.1388],[81.3865,25.1339],[81.3975,25.1217],[81.4002,25.1338],[81.4133,25.1317],[81.4278,25.1336],[81.4344,25.1219],[81.4383,25.1104],[81.4115,25.1123],[81.4208,25.1016],[81.4364,25.0962],[81.4589,25.093],[81.4654,25.0818],[81.4774,25.0793],[81.4922,25.0819],[81.4974,25.096],[81.507,25.1053],[81.4931,25.1107],[81.4817,25.1173],[81.472,25.133],[81.4845,25.1343],[81.492,25.1488],[81.505,25.1512],[81.5157,25.1453],[81.5288,25.1613],[81.5107,25.1737],[81.5096,25.187],[81.5232,25.1858],[81.5399,25.1877],[81.5584,25.1892],[81.5717,25.193],[81.5856,25.1866],[81.5819,25.1703],[81.5966,25.1655],[81.6081,25.1728],[81.6174,25.1639],[81.6189,25.1491],[81.6043,25.1428],[81.5921,25.1364],[81.591,25.123],[81.6023,25.1175],[81.6012,25.1002],[81.6101,25.1117],[81.6168,25.1226],[81.6227,25.1112],[81.632,25.1033],[81.6209,25.0951],[81.6095,25.0852],[81.5959,25.0818],[81.6028,25.0718],[81.6085,25.0589],[81.6219,25.0569],[81.6356,25.0618],[81.646,25.0706],[81.6565,25.0786],[81.6622,25.0651],[81.6758,25.066],[81.6837,25.0508],[81.7054,25.0379],[81.7138,25.0473],[81.7324,25.0487],[81.7415,25.037],[81.7714,25.0232],[81.7892,25.0101],[81.8294,25.0193],[81.8463,25.0071],[81.8637,25.0036],[81.8814,24.9995],[81.894,25.0035],[81.8948,24.9911],[81.8985,24.9769],[81.9041,24.9423],[81.912,24.9309],[81.9024,24.9115],[81.8988,24.8993],[81.9027,24.8841],[81.9151,24.8778],[81.9284,24.8731],[81.9267,24.8608],[81.9347,24.8514],[81.9462,24.8467],[81.9572,24.8321],[81.965,24.8414],[81.9915,24.8465],[82.0049,24.8507],[82.0243,24.8446],[82.0372,24.833],[82.0565,24.8281],[82.0708,24.8249],[82.0897,24.8159],[82.1048,24.8056],[82.1078,24.7937],[82.1264,24.7939],[82.1322,24.8045],[82.1466,24.7973],[82.1594,24.7923],[82.1734,24.801],[82.1737,24.8142],[82.1879,24.8207],[82.1809,24.8082],[82.1886,24.7982],[82.2014,24.8007],[82.2049,24.7855],[82.1894,24.7823],[82.1906,24.7696],[82.1915,24.7532],[82.1729,24.7396],[82.1887,24.7438],[82.2026,24.7408],[82.2138,24.7287],[82.2134,24.7442],[82.1995,24.7521],[82.2092,24.7595],[82.2228,24.7517],[82.2185,24.765],[82.2324,24.7581],[82.2411,24.7683],[82.2496,24.7564],[82.2459,24.7407],[82.241,24.7269],[82.2405,24.7106],[82.234,24.6966],[82.2289,24.6746],[82.248,24.6756],[82.2667,24.6784],[82.2785,24.6809],[82.2852,24.67],[82.2981,24.6565],[82.2961,24.6433],[82.2984,24.628],[82.293,24.6169],[82.3094,24.6129],[82.3192,24.6203],[82.3351,24.6229],[82.3505,24.6082],[82.3608,24.602],[82.3856,24.5974],[82.4008,24.5987],[82.4146,24.6064],[82.4057,24.6175],[82.4036,24.631],[82.409,24.6431],[82.4118,24.6578],[82.4068,24.6744],[82.4074,24.6951],[82.4202,24.7053],[82.4323,24.7063],[82.4448,24.6964],[82.4448,24.6801],[82.464,24.6801],[82.4767,24.6836],[82.4868,24.6755],[82.5013,24.6784],[82.5184,24.6783],[82.524,24.6571],[82.5443,24.6549],[82.574,24.663],[82.5876,24.6737],[82.603,24.6795],[82.63,24.6867],[82.6457,24.6945],[82.6579,24.7004],[82.6854,24.6865],[82.696,24.6757],[82.6935,24.6616],[82.6917,24.6486],[82.7021,24.6421],[82.7146,24.6421],[82.7275,24.6465],[82.7431,24.6441],[82.7628,24.6457],[82.7672,24.6294],[82.7679,24.6106],[82.7601,24.5998],[82.7854,24.5995],[82.7964,24.5875],[82.8008,24.5527],[82.7809,24.5461],[82.746,24.5415],[82.7412,24.5546],[82.7161,24.5571],[82.7141,24.5362],[82.7156,24.5133],[82.7365,24.4998],[82.7338,24.4872],[82.7238,24.4763],[82.726,24.4608],[82.725,24.4447],[82.7327,24.4327],[82.7202,24.4297],[82.715,24.4162],[82.7076,24.3894],[82.7129,24.3752],[82.7348,24.3712],[82.7468,24.3725],[82.7606,24.373],[82.7598,24.3584],[82.7633,24.3424],[82.763,24.3298],[82.766,24.3122],[82.7641,24.2924],[82.7571,24.2757],[82.7494,24.2566],[82.7499,24.2361],[82.7371,24.2303],[82.727,24.2233],[82.7319,24.2011],[82.7348,24.183],[82.7361,24.1684],[82.7231,24.1568],[82.7204,24.139],[82.6884,24.1442],[82.6794,24.1567],[82.6652,24.1511],[82.6574,24.1348],[82.6635,24.1239],[82.7014,24.0971],[82.7052,24.0857],[82.7263,24.0826],[82.7377,24.0787],[82.7517,24.0796],[82.7663,24.0779],[82.7622,24.0599],[82.7558,24.0436],[82.7431,24.0349],[82.742,24.0214],[82.7524,24.0084],[82.7663,24.0061],[82.7827,24.007],[82.7973,24.0051],[82.8005,23.9853],[82.7989,23.9709],[82.7921,23.9557],[82.7748,23.9386],[82.7538,23.9359],[82.7481,23.9223],[82.7181,23.9214],[82.7019,23.9249],[82.6899,23.9204],[82.6771,23.9098],[82.6629,23.9087],[82.6473,23.895],[82.6573,23.8782],[82.658,23.8656],[82.6454,23.8578],[82.6348,23.8477],[82.6059,23.8362],[82.5896,23.8248],[82.5663,23.8247],[82.5482,23.8269],[82.5337,23.825],[82.5369,23.8125],[82.544,23.8028],[82.5403,23.7912],[82.5162,23.7842],[82.4967,23.785],[82.4851,23.7884],[82.4699,23.8076],[82.449,23.8117],[82.4364,23.8047],[82.4232,23.8061],[82.403,23.8028],[82.3882,23.8014],[82.3683,23.8111],[82.3566,23.8083],[82.3429,23.8039],[82.3282,23.8037],[82.3151,23.8103],[82.2976,23.8082],[82.2838,23.8129],[82.2712,23.8187],[82.2553,23.8219],[82.2315,23.8078],[82.2161,23.821],[82.2014,23.8283],[82.2066,23.841],[82.2039,23.853],[82.1893,23.8437],[82.1735,23.8391],[82.1697,23.8247],[82.1557,23.822],[82.1341,23.8182],[82.1175,23.8231],[82.1002,23.8201],[82.078,23.8171],[82.0633,23.8191],[82.0454,23.8206],[82.0322,23.8293],[82.0352,23.8426],[82.0116,23.8523],[82.0007,23.8631],[81.9839,23.862],[81.9715,23.8584],[81.9507,23.8529],[81.9386,23.861],[81.9164,23.873],[81.9043,23.8585],[81.8941,23.8441],[81.8784,23.8379],[81.8621,23.8348],[81.8529,23.8243],[81.8316,23.8213],[81.8174,23.8112],[81.8006,23.8136],[81.7875,23.8119],[81.7726,23.8142],[81.7452,23.8309],[81.7344,23.8362],[81.7191,23.8404],[81.7238,23.8569],[81.7125,23.863],[81.703,23.8729],[81.6974,23.886],[81.6824,23.8898],[81.6795,23.9076],[81.6677,23.9157],[81.6574,23.9246],[81.6481,23.9162],[81.6292,23.9077],[81.6144,23.9083],[81.6056,23.8959],[81.5976,23.8862],[81.6087,23.8782],[81.6062,23.864],[81.5984,23.8537],[81.605,23.8414],[81.6202,23.8368],[81.636,23.8164],[81.6426,23.8046],[81.6435,23.7918],[81.6384,23.7779],[81.6535,23.7643],[81.6693,23.7574],[81.6783,23.7489],[81.6775,23.7346],[81.6869,23.7226],[81.6732,23.6934],[81.6495,23.6835],[81.648,23.668],[81.635,23.659],[81.6185,23.6614],[81.6095,23.633],[81.6044,23.6214],[81.6027,23.6],[81.5802,23.5968],[81.5697,23.5886],[81.5744,23.5667],[81.5771,23.5549],[81.6023,23.5537],[81.6055,23.5248],[81.6052,23.5109],[81.6144,23.4978],[81.6282,23.4904],[81.6372,23.4993],[81.6536,23.5139],[81.6531,23.5277],[81.6672,23.5319],[81.6819,23.5272],[81.7064,23.5336],[81.7168,23.5483],[81.7234,23.5588],[81.736,23.5674],[81.748,23.5654],[81.7564,23.5525],[81.7976,23.5488],[81.811,23.5339],[81.8126,23.5176],[81.8272,23.5113],[81.8507,23.5165],[81.8697,23.5146],[81.8845,23.5225],[81.8962,23.5319],[81.9094,23.535],[81.9277,23.5175],[81.9344,23.5056],[81.9489,23.4967],[81.947,23.4755],[81.9567,23.4634],[81.9666,23.4537],[81.9715,23.4416],[81.9734,23.4263],[81.9761,23.4131],[81.9874,23.4195],[81.9995,23.4128],[82.0098,23.4205],[82.0232,23.4102],[82.0172,23.3964],[82.0204,23.3843],[82.0329,23.3854],[82.0457,23.3779],[82.054,23.3905],[82.0693,23.395],[82.0836,23.3968],[82.0985,23.3977],[82.1041,23.3868],[82.1055,23.3693],[82.1109,23.3558],[82.1291,23.361],[82.1428,23.3544],[82.1513,23.3456],[82.1581,23.3333],[82.179,23.3271],[82.19,23.3115],[82.1888,23.2984],[82.1895,23.2846],[82.174,23.2725],[82.1665,23.2614],[82.1595,23.2492],[82.147,23.2319],[82.1463,23.2138],[82.1406,23.1981],[82.137,23.1828],[82.1379,23.1683],[82.1514,23.1606],[82.1511,23.1417],[82.1328,23.1316],[82.1292,23.114],[82.1159,23.1038],[82.1016,23.1085],[82.0859,23.1093],[82.0719,23.1136],[82.0477,23.1034],[82.0395,23.0915],[82.0283,23.0817],[82.0162,23.0793],[82.0022,23.0784],[81.9905,23.0847],[81.9749,23.0818],[81.9613,23.0802],[81.9381,23.0778],[81.9261,23.0622],[81.9214,23.0475],[81.926,23.0285],[81.9323,23.0174],[81.937,23.0033],[81.9412,22.9849],[81.9426,22.9645],[81.9333,22.9548],[81.9139,22.9482],[81.9015,22.9331],[81.8865,22.9252],[81.8746,22.9133],[81.86,22.915],[81.8611,22.8939],[81.8356,22.8865],[81.8207,22.8829],[81.7958,22.8803],[81.7694,22.8735],[81.7701,22.8604],[81.7648,22.8407],[81.773,22.8092],[81.7744,22.7856],[81.7813,22.7747],[81.7782,22.758],[81.764,22.7468],[81.7491,22.7332],[81.7483,22.7195],[81.7559,22.6977],[81.7629,22.6854],[81.7651,22.6691],[81.7489,22.6461],[81.7393,22.6614],[81.7301,22.6733],[81.718,22.6637],[81.707,22.6496],[81.6884,22.6466],[81.6632,22.6327],[81.6548,22.6216],[81.6435,22.6144],[81.6416,22.5921],[81.6494,22.5761],[81.6379,22.5621],[81.6236,22.5643],[81.6214,22.5478],[81.609,22.5364],[81.5927,22.5377],[81.5697,22.5501],[81.5574,22.5469],[81.5628,22.5342],[81.5472,22.5313],[81.528,22.5398],[81.5154,22.5368],[81.512,22.5235],[81.4932,22.5196],[81.4857,22.5033],[81.4764,22.4922],[81.4607,22.4944],[81.4462,22.4959],[81.4408,22.4846],[81.4433,22.4715],[81.4318,22.4805],[81.4176,22.4736],[81.4206,22.4594],[81.4141,22.4485],[81.3966,22.4413],[81.3862,22.4512],[81.3848,22.4778],[81.3791,22.4934],[81.3733,22.5108],[81.3618,22.5154],[81.3479,22.5141],[81.3319,22.5224],[81.3194,22.5196],[81.3141,22.4996],[81.304,22.4818],[81.2917,22.4893],[81.2802,22.4988],[81.2667,22.4941],[81.2562,22.4881],[81.2555,22.4725],[81.2404,22.4592],[81.2236,22.4516],[81.2098,22.4538],[81.1942,22.4621],[81.1926,22.4825],[81.18,22.4902],[81.1641,22.4819],[81.1481,22.4559],[81.134,22.452],[81.1228,22.4476],[81.11,22.4411],[81.1035,22.4221],[81.1027,22.3913],[81.1069,22.3622],[81.1157,22.3441],[81.1093,22.3296],[81.1147,22.3126],[81.1138,22.2944],[81.0968,22.2775],[81.0847,22.2467],[81.0726,22.2417],[81.0545,22.2439],[81.0404,22.2406],[81.0194,22.2292],[81.0158,22.2141],[81.0235,22.2028],[81.0251,22.1888],[81.0117,22.184],[81.0172,22.171],[81.0176,22.1538],[81.0174,22.1403],[81.0052,22.1327],[80.9928,22.1315],[80.9734,22.1237],[80.9743,22.1114],[80.9873,22.1107],[81.0001,22.1008],[80.9974,22.0809],[81.0043,22.07],[80.9928,22.0577],[80.9826,22.049],[80.9718,22.0543],[80.9621,22.0619],[80.9657,22.0792],[80.9575,22.0972],[80.9505,22.113],[80.9389,22.119],[80.9248,22.1207],[80.9108,22.1192],[80.8982,22.1013],[80.8948,22.0765],[80.8884,22.0624],[80.8766,22.0568],[80.8701,22.0386],[80.8695,22.0165],[80.8593,22.0001],[80.8546,21.9872],[80.8517,21.9751],[80.8467,21.9636],[80.8358,21.9576],[80.8217,21.9582],[80.8263,21.9471],[80.8356,21.937],[80.8325,21.9218],[80.8245,21.9084],[80.8246,21.8947],[80.8314,21.8843],[80.8396,21.8754],[80.837,21.8625],[80.8343,21.8507],[80.8328,21.8375],[80.8356,21.8245],[80.8318,21.8106],[80.828,21.7968],[80.8208,21.7848],[80.8145,21.7683],[80.8103,21.7554],[80.799,21.7454],[80.7827,21.7396],[80.7738,21.7498],[80.7621,21.7579],[80.7496,21.7577],[80.737,21.7507],[80.731,21.7392],[80.7257,21.7258],[80.7199,21.7136],[80.7253,21.701],[80.7203,21.6878],[80.7141,21.6773],[80.7094,21.6657],[80.7105,21.6537],[80.7191,21.6437],[80.721,21.6305],[80.7217,21.6172],[80.7135,21.6074],[80.7092,21.5945],[80.7125,21.5822],[80.7195,21.5715],[80.7138,21.5587],[80.7241,21.5467],[80.7308,21.5354],[80.7258,21.5222],[80.7243,21.5093],[80.722,21.4956],[80.7273,21.4807],[80.7291,21.4683],[80.7239,21.4532],[80.7148,21.4423],[80.7042,21.4337],[80.6976,21.4226],[80.6971,21.4086],[80.6933,21.3938],[80.6878,21.3801],[80.681,21.3692],[80.6715,21.3586],[80.6664,21.3443],[80.6565,21.3308],[80.6444,21.3255],[80.6318,21.3237],[80.6178,21.3192],[80.6053,21.3243],[80.5932,21.3248],[80.5819,21.3343],[80.5718,21.3456],[80.5598,21.3486],[80.559,21.3611],[80.5458,21.3663],[80.5342,21.3721],[80.5269,21.3817],[80.5165,21.3905],[80.5029,21.3906],[80.4899,21.3964],[80.4756,21.3947],[80.4629,21.3964],[80.4507,21.4023],[80.4443,21.3905],[80.4436,21.3764],[80.4305,21.3719],[80.4176,21.3757],[80.4044,21.3758],[80.3965,21.3878],[80.3898,21.4009],[80.3935,21.4127],[80.3989,21.4249],[80.4086,21.4348],[80.4083,21.4472],[80.4045,21.4586],[80.3953,21.4679],[80.3845,21.4764],[80.3786,21.4893],[80.3742,21.5011],[80.3712,21.5151],[80.3658,21.5263],[80.3519,21.533],[80.3397,21.5379],[80.3274,21.5461],[80.3286,21.5583],[80.3214,21.5706],[80.3099,21.5773],[80.2954,21.5755],[80.2891,21.5884],[80.2798,21.5961],[80.2724,21.6071],[80.265,21.6166],[80.2521,21.6222],[80.2401,21.6205],[80.2269,21.6201],[80.2147,21.6212],[80.2047,21.6335],[80.1921,21.6346],[80.1824,21.627],[80.169,21.6232],[80.1567,21.6141],[80.1439,21.605],[80.1262,21.6083],[80.1129,21.6038],[80.1079,21.5921],[80.0963,21.5874],[80.0867,21.5786],[80.0788,21.5684],[80.0685,21.5585],[80.0572,21.5536],[80.044,21.5551],[80.032,21.5576],[80.0191,21.5508],[80.0075,21.5426],[79.9967,21.5353],[79.9718,21.5551],[79.9471,21.5553],[79.931,21.5556],[79.9212,21.5462],[79.9158,21.5245],[79.9012,21.5244],[79.8858,21.5296],[79.8719,21.5296],[79.8571,21.5309],[79.8415,21.5418],[79.825,21.5467],[79.8182,21.559],[79.8032,21.5726],[79.7918,21.5814],[79.7688,21.5904],[79.7449,21.5979],[79.7326,21.6025],[79.7138,21.5911],[79.6993,21.5923],[79.6893,21.5836],[79.6629,21.5797],[79.6539,21.5635],[79.6407,21.5555],[79.6253,21.5549],[79.6087,21.5559],[79.5949,21.5497],[79.5761,21.5434],[79.5603,21.548],[79.5474,21.5443],[79.5342,21.5482],[79.5395,21.5652],[79.5277,21.5748],[79.5107,21.5832],[79.5068,21.6024],[79.4982,21.6124],[79.5047,21.6233],[79.5003,21.6405],[79.4946,21.6605],[79.4886,21.6741],[79.4585,21.6873],[79.4407,21.6822],[79.428,21.6853],[79.4158,21.6914],[79.4005,21.6796],[79.3831,21.6754],[79.3618,21.6795],[79.349,21.6789],[79.3221,21.6884],[79.2848,21.6939],[79.2748,21.7052],[79.2649,21.7149],[79.2287,21.7239],[79.2219,21.7006],[79.2182,21.6813],[79.2284,21.6714],[79.2269,21.6576],[79.2166,21.6502],[79.1862,21.6544],[79.1478,21.6605],[79.1411,21.6395],[79.1277,21.6281],[79.1112,21.6256],[79.0992,21.6189],[79.0981,21.6028],[79.0816,21.6072],[79.0508,21.6039],[79.031,21.6056],[79.0096,21.6015],[79,21.6098],[78.9815,21.6172],[78.9623,21.6059],[78.9459,21.596],[78.9291,21.5946],[78.9132,21.5924],[78.9116,21.5709],[78.9284,21.5644],[78.9127,21.5631],[78.9218,21.5432],[78.9234,21.5238],[78.9363,21.5194],[78.9338,21.4924],[78.9206,21.4876],[78.9079,21.4943],[78.8958,21.5006],[78.8854,21.4856],[78.8515,21.4957],[78.8279,21.49],[78.8131,21.4887],[78.7928,21.4899],[78.7802,21.4808],[78.7722,21.4671],[78.7608,21.4847],[78.7465,21.4939],[78.7388,21.4729],[78.7242,21.4644],[78.7039,21.4712],[78.692,21.4787],[78.6642,21.4807],[78.6507,21.4828],[78.6375,21.4842],[78.6253,21.4778],[78.6054,21.4884],[78.5933,21.4877],[78.5812,21.4896],[78.5653,21.506],[78.5565,21.5158],[78.5373,21.5246],[78.5247,21.5258],[78.5086,21.5284],[78.496,21.518],[78.4856,21.512],[78.4721,21.5069],[78.4592,21.5046],[78.4447,21.5019],[78.4301,21.5018],[78.4322,21.5199],[78.4275,21.5383],[78.4206,21.5488],[78.4223,21.5637],[78.4135,21.5777],[78.4226,21.6019],[78.4109,21.6066],[78.399,21.6111],[78.3836,21.6166],[78.3717,21.615],[78.3776,21.5956],[78.3661,21.5819],[78.3547,21.5769],[78.342,21.5829],[78.3285,21.5812],[78.3088,21.5737],[78.3,21.5851],[78.2816,21.5868],[78.2711,21.593],[78.2576,21.5918],[78.269,21.5747],[78.2466,21.564],[78.2267,21.5564],[78.1809,21.5587],[78.1706,21.5422],[78.1711,21.5287],[78.1776,21.5143],[78.1706,21.5021],[78.1428,21.4821],[78.1272,21.4734],[78.1091,21.4642],[78.0925,21.456],[78.0786,21.4457],[78.0637,21.4389],[78.0511,21.437],[78.0291,21.4254],[78.0071,21.4184],[77.9958,21.4138],[77.9803,21.4028],[77.96,21.4014],[77.9411,21.399],[77.9388,21.3869],[77.9249,21.3861],[77.9118,21.3828],[77.899,21.3784],[77.8866,21.3804],[77.8762,21.3864],[77.8632,21.3881],[77.8466,21.3941],[77.8339,21.4015],[77.818,21.4087],[77.8045,21.412],[77.7952,21.4038],[77.7934,21.3907],[77.7766,21.388],[77.7614,21.3844],[77.7465,21.3842],[77.7383,21.3666],[77.7249,21.3642],[77.7052,21.3591],[77.7051,21.3735],[77.6926,21.3806],[77.6943,21.3945],[77.6811,21.3855],[77.67,21.3729],[77.6634,21.3856],[77.6516,21.3902],[77.6392,21.3879],[77.6152,21.3907],[77.6015,21.3936],[77.6058,21.3704],[77.587,21.3678],[77.5709,21.3733],[77.5484,21.3812],[77.5288,21.3791],[77.5105,21.3768],[77.487,21.3778],[77.483,21.3904],[77.4818,21.4157],[77.473,21.4327],[77.4698,21.4487],[77.4572,21.4671],[77.4388,21.4728],[77.4392,21.4893],[77.4311,21.5022],[77.4208,21.5163],[77.417,21.5331],[77.4289,21.5457],[77.4421,21.5446],[77.452,21.5556],[77.4647,21.556],[77.484,21.5533],[77.5044,21.5547],[77.5292,21.5408],[77.5534,21.5362],[77.567,21.5298],[77.5892,21.5303],[77.6071,21.5428],[77.5907,21.5616],[77.5741,21.5575],[77.57,21.5698],[77.5722,21.5877],[77.5699,21.6111],[77.571,21.6235],[77.5655,21.635],[77.5575,21.6556],[77.5586,21.6687],[77.5474,21.6816],[77.5422,21.701],[77.5334,21.7127],[77.521,21.7141],[77.5179,21.727],[77.5084,21.7353],[77.4999,21.7449],[77.4888,21.7502],[77.4759,21.7579],[77.4778,21.7702],[77.4587,21.7682],[77.4439,21.7635],[77.4267,21.7604],[77.413,21.7577],[77.3759,21.7571],[77.3534,21.7595],[77.3391,21.7617],[77.326,21.7574],[77.3089,21.7596],[77.2937,21.7599],[77.28,21.7613],[77.2783,21.7491],[77.285,21.7375],[77.2831,21.7242],[77.2674,21.7291],[77.258,21.7158],[77.2399,21.7171],[77.2246,21.7179],[77.2232,21.7042],[77.2102,21.6971],[77.1843,21.7045],[77.1877,21.7207],[77.1714,21.7273],[77.1651,21.7169],[77.1475,21.7147],[77.1333,21.7223],[77.1211,21.7253],[77.1041,21.7229],[77.0838,21.7186],[77.0723,21.7229],[77.0621,21.715],[77.0343,21.7005],[77.0233,21.6938],[77.0102,21.6844],[76.9973,21.6816],[76.9787,21.666],[76.9116,21.6149],[76.9011,21.6008],[76.8607,21.6123],[76.8478,21.6133],[76.8386,21.6005],[76.8232,21.5927],[76.8039,21.5968],[76.7915,21.5874],[76.7836,21.578],[76.7802,21.5625],[76.7846,21.5461],[76.7753,21.532],[76.7629,21.5226],[76.7702,21.5107],[76.7865,21.4992],[76.7902,21.4824],[76.7842,21.4665],[76.7565,21.4499],[76.7434,21.4431],[76.7384,21.4294],[76.7372,21.4153],[76.7191,21.4007],[76.6684,21.3695],[76.6286,21.3398],[76.6397,21.3106],[76.6486,21.3],[76.6611,21.2824],[76.6594,21.2621],[76.6585,21.2478],[76.6426,21.2477],[76.6317,21.2289],[76.6313,21.2156],[76.6269,21.1988],[76.6123,21.1959],[76.5867,21.1987],[76.5752,21.2041],[76.5594,21.2058],[76.5413,21.1963],[76.5292,21.1893],[76.4981,21.1961],[76.4825,21.1882],[76.4783,21.1757],[76.4767,21.1613],[76.469,21.1506],[76.4575,21.1383],[76.4529,21.1244],[76.4477,21.1129],[76.4337,21.1067],[76.4118,21.1073],[76.4094,21.0941],[76.3968,21.0906],[76.3828,21.0796],[76.3686,21.0787],[76.3348,21.0772],[76.2971,21.0772],[76.2818,21.0753],[76.2732,21.0854],[76.2621,21.0947],[76.2351,21.0939],[76.2087,21.0902],[76.1891,21.0903],[76.1773,21.0855],[76.1693,21.0987],[76.1622,21.11],[76.1421,21.1211],[76.1342,21.1303],[76.1317,21.1527],[76.1189,21.1601],[76.1194,21.1747],[76.143,21.1731],[76.1551,21.1726],[76.1691,21.1745],[76.1727,21.1883],[76.1657,21.2],[76.1615,21.2167],[76.1533,21.2298],[76.1444,21.2381],[76.1543,21.2491],[76.156,21.2632],[76.1498,21.2742],[76.145,21.2878],[76.1293,21.2975],[76.1222,21.3216],[76.116,21.3388],[76.1069,21.3602],[76.0987,21.3739],[76.0772,21.3643],[76.0657,21.3592],[76.0524,21.3527],[76.042,21.3589],[76.0275,21.3681],[76.0002,21.3748],[75.9849,21.3772],[75.9687,21.394],[75.948,21.393],[75.9323,21.3915],[75.9165,21.3898],[75.9051,21.3956],[75.8881,21.3996],[75.8723,21.3955],[75.8628,21.3873],[75.8466,21.3881],[75.8326,21.3833],[75.8125,21.3873],[75.7922,21.3892],[75.7738,21.3866],[75.7601,21.3857],[75.7461,21.3917],[75.7329,21.3933],[75.7139,21.3916],[75.6948,21.3896],[75.6848,21.3822],[75.6588,21.3827],[75.6458,21.3825],[75.6326,21.3818],[75.6211,21.3879],[75.6089,21.395],[75.5913,21.3917],[75.5766,21.3855],[75.566,21.3792],[75.5513,21.3754],[75.5294,21.3847],[75.5163,21.3867],[75.5005,21.3916],[75.4848,21.3913],[75.4684,21.3942],[75.4544,21.3921],[75.4363,21.3907],[75.42,21.3903],[75.4038,21.3838],[75.3845,21.3856],[75.3669,21.3989],[75.3538,21.3935],[75.3349,21.3947],[75.3209,21.3924],[75.3087,21.3945],[75.3018,21.4148],[75.2886,21.4118],[75.2766,21.4089],[75.2591,21.4052],[75.2477,21.4107],[75.2364,21.4171],[75.2199,21.4109],[75.2075,21.4158],[75.196,21.4229],[75.1574,21.4383],[75.1298,21.4493],[75.1151,21.4596],[75.1067,21.4696],[75.1004,21.4853],[75.0927,21.5009],[75.09,21.5143],[75.0836,21.5258],[75.0762,21.538],[75.065,21.5508],[75.0577,21.5649],[75.0318,21.5693],[75.0178,21.5726],[75.0048,21.586],[74.9938,21.5914],[74.9816,21.5957],[74.969,21.5985],[74.9564,21.6013],[74.9439,21.6049],[74.9316,21.6088],[74.9195,21.6131],[74.9091,21.6202],[74.9019,21.6302],[74.889,21.6318],[74.8761,21.6304],[74.8642,21.6339],[74.8541,21.6262],[74.8421,21.6213],[74.8337,21.6127],[74.8213,21.6106],[74.8096,21.6133],[74.7971,21.61],[74.7851,21.6116],[74.773,21.6155],[74.761,21.6162],[74.7483,21.6187],[74.7357,21.6214],[74.723,21.6242],[74.7104,21.6273],[74.6983,21.6315],[74.6875,21.6384],[74.6773,21.6459],[74.6661,21.652],[74.6534,21.6547],[74.6406,21.6564],[74.6288,21.6586],[74.6162,21.6616],[74.6043,21.6634],[74.5923,21.6636],[74.5867,21.6749],[74.5803,21.6851],[74.5681,21.6833],[74.5614,21.6934],[74.5599,21.7056],[74.5542,21.7162],[74.5416,21.7189],[74.5293,21.7175],[74.5167,21.7203],[74.5123,21.7322],[74.5145,21.7442],[74.5172,21.7561],[74.516,21.7688],[74.5076,21.7781],[74.5032,21.7978],[74.5093,21.8159],[74.517,21.8565],[74.5175,21.8749],[74.5184,21.8901],[74.5275,21.9035],[74.5174,21.9176],[74.5156,21.9339],[74.4968,21.9464],[74.4893,21.9568],[74.4779,21.9615],[74.4642,21.9632],[74.4517,21.9675],[74.443,21.9831],[74.4411,21.9964],[74.45,22.0055],[74.4426,22.0216],[74.4177,22.0258],[74.3964,22.0237],[74.3837,22.0118],[74.3772,22.0009],[74.3678,21.9929],[74.3596,21.9837],[74.3494,21.9764],[74.3366,21.9746],[74.3246,21.9739],[74.3126,21.9726],[74.3014,21.9668],[74.2968,21.9554],[74.295,21.9433],[74.2858,21.9352],[74.2729,21.934],[74.2609,21.9331],[74.249,21.9313],[74.2371,21.9297],[74.2251,21.9296],[74.2134,21.9269],[74.2006,21.9256],[74.1888,21.9282],[74.1795,21.9366],[74.171,21.9456],[74.1596,21.9516],[74.147,21.954],[74.1434,21.9699],[74.1519,21.9809],[74.142,21.9912],[74.1277,21.9938],[74.1082,21.9984],[74.1005,22.0106],[74.1089,22.0218],[74.1209,22.0303],[74.1321,22.0387],[74.1452,22.0437],[74.1378,22.0535],[74.1545,22.0578],[74.1618,22.0711],[74.1676,22.0824],[74.1807,22.0866],[74.1721,22.0985],[74.1586,22.102],[74.1438,22.1013],[74.1326,22.0963],[74.1291,22.1083],[74.1313,22.1202],[74.1266,22.1321],[74.1336,22.1462],[74.135,22.1616],[74.1249,22.1722],[74.1221,22.1876],[74.1212,22.2052],[74.1138,22.2192],[74.1018,22.2206],[74.0874,22.2205],[74.0734,22.2296],[74.0846,22.2381],[74.0807,22.25],[74.0794,22.2633],[74.0689,22.2724],[74.0592,22.2857],[74.0579,22.2998],[74.0668,22.3111],[74.0683,22.3258],[74.0741,22.3364],[74.0716,22.349],[74.077,22.3624],[74.0899,22.3624],[74.0999,22.373],[74.112,22.3716],[74.1171,22.3576],[74.1291,22.3527],[74.1315,22.3379],[74.1436,22.3303],[74.1638,22.3268],[74.1759,22.3247],[74.1911,22.3219],[74.1964,22.3339],[74.1948,22.3493],[74.2061,22.3536],[74.2068,22.3676],[74.2166,22.3578],[74.2266,22.3649],[74.2254,22.3782],[74.2402,22.3768],[74.253,22.3839],[74.258,22.4],[74.2739,22.393],[74.2872,22.3931],[74.2782,22.4029],[74.27,22.4148],[74.2595,22.4289],[74.2466,22.4365],[74.2283,22.44],[74.2163,22.4344],[74.2046,22.4372],[74.2049,22.4547],[74.2045,22.4667],[74.1908,22.4779],[74.1827,22.4645],[74.1862,22.4526],[74.1727,22.442],[74.1611,22.4322],[74.156,22.4455],[74.1512,22.4567],[74.1373,22.4482],[74.1311,22.4363],[74.1304,22.4215],[74.1164,22.4264],[74.1051,22.4334],[74.1007,22.4453],[74.1061,22.4622],[74.0952,22.4692],[74.0781,22.4656],[74.0788,22.4811],[74.0896,22.4889],[74.0864,22.505],[74.074,22.5106],[74.0619,22.5113],[74.0546,22.5014],[74.0457,22.4929],[74.0351,22.5027],[74.0436,22.5168],[74.0408,22.5302],[74.0446,22.5421],[74.0563,22.5478],[74.0781,22.5516],[74.0933,22.5447],[74.1058,22.5377],[74.1186,22.5398],[74.1276,22.5244],[74.1432,22.5188],[74.1568,22.5209],[74.1587,22.5343],[74.1727,22.5449],[74.1843,22.5498],[74.1952,22.5569],[74.1994,22.5702],[74.2138,22.5674],[74.2185,22.5815],[74.2274,22.5907],[74.2343,22.6068],[74.2475,22.6174],[74.2576,22.6244],[74.2591,22.6364],[74.2693,22.6434],[74.2899,22.6434],[74.3043,22.64],[74.3172,22.6365],[74.3281,22.6442],[74.3441,22.6421],[74.364,22.6365],[74.3811,22.6386],[74.3846,22.6506],[74.3849,22.6696],[74.3942,22.6857],[74.3969,22.7005],[74.4012,22.7124],[74.4031,22.7307],[74.4144,22.7448],[74.4206,22.7574],[74.4311,22.7701],[74.4392,22.7856],[74.4408,22.7996],[74.4517,22.8109],[74.4649,22.8151],[74.4719,22.8327],[74.4789,22.8586],[74.4738,22.8748],[74.4687,22.8875],[74.4664,22.9008],[74.4628,22.9135],[74.4515,22.924],[74.4386,22.9177],[74.4238,22.9198],[74.4124,22.9127],[74.4004,22.8994],[74.3883,22.9071],[74.3777,22.9155],[74.3714,22.9261],[74.36,22.9422],[74.3479,22.9534],[74.3416,22.9647],[74.3548,22.9751],[74.3681,22.9765],[74.3655,22.9898],[74.3577,23.0004],[74.3507,23.0155],[74.3492,23.0302],[74.3319,23.0392],[74.3228,23.0627],[74.3393,23.067],[74.3551,23.0758],[74.3611,23.0903],[74.3877,23.1104],[74.4068,23.1118],[74.4188,23.1085],[74.4332,23.1057],[74.4454,23.0929],[74.4582,23.0871],[74.4914,23.0884],[74.5123,23.0888],[74.5233,23.0989],[74.5354,23.1015],[74.5465,23.1128],[74.5457,23.1321],[74.566,23.1352],[74.5801,23.14],[74.5972,23.142],[74.6142,23.1483],[74.6257,23.1629],[74.642,23.1727],[74.6547,23.182],[74.6653,23.1982],[74.6876,23.1967],[74.7155,23.1947],[74.7348,23.2064],[74.7457,23.2121],[74.7508,23.2304],[74.7329,23.2238],[74.719,23.2194],[74.7026,23.2197],[74.7038,23.2332],[74.7222,23.2425],[74.7149,23.253],[74.7033,23.2616],[74.6805,23.2753],[74.6665,23.2711],[74.6522,23.2608],[74.6321,23.2634],[74.6266,23.276],[74.6153,23.2846],[74.5991,23.2836],[74.5868,23.2845],[74.5773,23.2973],[74.5621,23.2921],[74.5535,23.2825],[74.5439,23.3001],[74.5357,23.3095],[74.5337,23.323],[74.5209,23.3216],[74.5384,23.334],[74.5437,23.359],[74.5558,23.363],[74.5652,23.3752],[74.5731,23.4192],[74.5915,23.4251],[74.6131,23.4516],[74.627,23.462],[74.6522,23.4634],[74.6641,23.4733],[74.6745,23.4857],[74.6878,23.4922],[74.7007,23.5037],[74.7188,23.5036],[74.7337,23.5005],[74.7424,23.5195],[74.7571,23.5222],[74.7707,23.5358],[74.785,23.548],[74.7988,23.5404],[74.8123,23.5384],[74.8301,23.5495],[74.8454,23.5542],[74.859,23.5695],[74.8727,23.5782],[74.8746,23.5901],[74.8849,23.6033],[74.898,23.6122],[74.906,23.623],[74.9219,23.6223],[74.9397,23.6304],[74.939,23.6432],[74.9284,23.6532],[74.9242,23.6685],[74.9099,23.6769],[74.9175,23.6921],[74.9229,23.7139],[74.932,23.7283],[74.9381,23.7429],[74.9319,23.7564],[74.9399,23.7659],[74.9299,23.7942],[74.915,23.7992],[74.9119,23.8126],[74.9133,23.8366],[74.9131,23.8499],[74.9052,23.8681],[74.9105,23.8885],[74.9139,23.9034],[74.9174,23.9176],[74.9236,23.9293],[74.9298,23.941],[74.9376,23.9561],[74.9633,23.9737],[74.9729,23.9911],[74.9722,24.0036],[74.9878,24.0143],[74.993,24.0297],[74.9812,24.041],[74.9794,24.072],[74.9652,24.0827],[74.9607,24.0942],[74.9595,24.1101],[74.9391,24.1211],[74.9367,24.139],[74.9247,24.1452],[74.9275,24.1572],[74.9003,24.1743],[74.8973,24.187],[74.8811,24.2135],[74.8867,24.2249],[74.8982,24.2291],[74.9073,24.2408],[74.897,24.2492],[74.8943,24.2617],[74.8754,24.278],[74.864,24.274],[74.8439,24.2702],[74.8258,24.2733],[74.7903,24.2719],[74.7725,24.272],[74.7548,24.279],[74.7575,24.2962],[74.7671,24.3045],[74.7836,24.3168],[74.7838,24.3361],[74.7862,24.3488],[74.7846,24.3674],[74.7932,24.3761],[74.8023,24.3873],[74.8123,24.4092],[74.8252,24.4083],[74.827,24.4236],[74.8459,24.4407],[74.8575,24.4515],[74.8581,24.4673],[74.8446,24.4659],[74.8338,24.4604],[74.8183,24.462],[74.8247,24.4792],[74.8168,24.4912],[74.8017,24.4921],[74.785,24.4899],[74.7733,24.4851],[74.7608,24.4886],[74.735,24.5036],[74.7237,24.5104],[74.7157,24.5228],[74.7286,24.5348],[74.7477,24.5362],[74.7485,24.5517],[74.757,24.5637],[74.7538,24.5784],[74.7467,24.593],[74.756,24.6007],[74.7707,24.6058],[74.7863,24.6101],[74.7848,24.6293],[74.7914,24.6454],[74.7993,24.6566],[74.8087,24.67],[74.8178,24.6799],[74.7923,24.6843],[74.7761,24.6861],[74.7796,24.7007],[74.7844,24.7126],[74.7897,24.7266],[74.7814,24.7409],[74.7925,24.7502],[74.8019,24.7665],[74.8011,24.7867],[74.8098,24.7964],[74.815,24.7815],[74.8185,24.7653],[74.8293,24.7459],[74.8349,24.732],[74.8488,24.7087],[74.8518,24.6966],[74.8652,24.6921],[74.8698,24.6788],[74.875,24.6675],[74.8879,24.6577],[74.897,24.6656],[74.9085,24.6616],[74.9295,24.6592],[74.9429,24.6604],[74.952,24.6703],[74.9573,24.6827],[74.9649,24.6945],[74.9904,24.7063],[74.9921,24.7283],[74.992,24.7438],[75.0202,24.7528],[75.0213,24.7672],[75.018,24.7807],[75.0129,24.7938],[74.9983,24.7977],[74.9704,24.7909],[74.9554,24.7924],[74.9386,24.7948],[74.9221,24.7884],[74.91,24.7882],[74.8974,24.7992],[74.8847,24.8024],[74.8781,24.8132],[74.8586,24.8131],[74.8595,24.7995],[74.8489,24.7927],[74.8408,24.8034],[74.846,24.8148],[74.859,24.8202],[74.8575,24.843],[74.8529,24.8603],[74.8457,24.8721],[74.8394,24.8929],[74.8271,24.8991],[74.8241,24.9148],[74.8236,24.9285],[74.8253,24.9405],[74.8311,24.9573],[74.8464,24.9743],[74.8621,24.9658],[74.8639,24.9476],[74.8709,24.9372],[74.8791,24.9488],[74.8899,24.9415],[74.9026,24.9373],[74.9129,24.9284],[74.9069,24.9072],[74.9162,24.8994],[74.927,24.8904],[74.9397,24.8935],[74.9448,24.8779],[74.9635,24.8741],[74.9773,24.8775],[74.991,24.875],[75.0126,24.8741],[75.0229,24.8656],[75.0341,24.8586],[75.0511,24.8649],[75.0599,24.8747],[75.0735,24.8873],[75.0866,24.8866],[75.115,24.8871],[75.1177,24.9052],[75.1194,24.9181],[75.1177,24.9463],[75.1153,24.9611],[75.1191,24.9748],[75.1335,24.9752],[75.1469,24.9796],[75.1343,24.9827],[75.1458,24.9864],[75.1609,24.9876],[75.1668,25.0061],[75.1653,25.0223],[75.1547,25.0289],[75.1591,25.0455],[75.1738,25.0538],[75.1853,25.0425],[75.2006,25.0345],[75.2182,25.0414],[75.2375,25.0419],[75.2556,25.04],[75.2783,25.0447],[75.2926,25.0429],[75.3105,25.0461],[75.3227,25.0443],[75.3362,25.0449],[75.3496,25.0417],[75.3536,25.0287],[75.3431,25.0223],[75.3295,25.0176],[75.3189,25.0065],[75.3221,24.9896],[75.3264,24.9762],[75.3354,24.9647],[75.3343,24.9506],[75.3254,24.9381],[75.3175,24.9072],[75.3083,24.9263],[75.3035,24.9402],[75.2943,24.9487],[75.2878,24.9596],[75.2854,24.9767],[75.2715,24.9682],[75.2717,24.9494],[75.2849,24.9371],[75.2912,24.925],[75.2787,24.9175],[75.267,24.9142],[75.2597,24.8998],[75.2651,24.8882],[75.2793,24.8846],[75.2941,24.8714],[75.3113,24.8695],[75.3212,24.8827],[75.3353,24.8867],[75.3501,24.885],[75.372,24.878],[75.3987,24.8883],[75.4142,24.893],[75.4206,24.8816],[75.4173,24.8686],[75.3997,24.8549],[75.364,24.8425],[75.3441,24.8328],[75.3302,24.8317],[75.3198,24.8178],[75.3057,24.8133],[75.2977,24.8264],[75.2904,24.8409],[75.2789,24.8535],[75.2598,24.8575],[75.2477,24.8595],[75.2341,24.8583],[75.2367,24.8709],[75.248,24.8809],[75.2499,24.8957],[75.2361,24.8993],[75.2234,24.89],[75.2214,24.9028],[75.2082,24.91],[75.2082,24.8978],[75.2013,24.8842],[75.2104,24.8714],[75.2185,24.8595],[75.2277,24.8478],[75.241,24.8469],[75.2519,24.8372],[75.2467,24.8218],[75.2225,24.819],[75.2064,24.8099],[75.2027,24.7963],[75.1923,24.7887],[75.1895,24.7746],[75.1856,24.763],[75.1982,24.7569],[75.2169,24.7224],[75.2241,24.7355],[75.2425,24.7305],[75.262,24.7331],[75.2858,24.7259],[75.3044,24.7207],[75.3509,24.7171],[75.3639,24.7095],[75.3781,24.7064],[75.3964,24.7046],[75.4197,24.7],[75.4375,24.6955],[75.4519,24.6932],[75.4835,24.6976],[75.5059,24.7094],[75.5275,24.7179],[75.5412,24.7167],[75.569,24.7199],[75.5819,24.7227],[75.6026,24.7013],[75.6094,24.69],[75.634,24.6912],[75.6592,24.7017],[75.68,24.7278],[75.7118,24.7454],[75.7231,24.7501],[75.7418,24.7604],[75.7597,24.7648],[75.7726,24.762],[75.7862,24.7655],[75.8055,24.7563],[75.8278,24.7364],[75.8388,24.7299],[75.842,24.7175],[75.8337,24.686],[75.8271,24.6715],[75.8439,24.6693],[75.8488,24.6531],[75.8439,24.6393],[75.8429,24.6261],[75.8304,24.62],[75.8392,24.6087],[75.8384,24.5957],[75.845,24.6104],[75.8635,24.6129],[75.8741,24.6071],[75.8758,24.5908],[75.8844,24.5817],[75.8977,24.5805],[75.9111,24.5771],[75.9096,24.5645],[75.9066,24.5522],[75.9205,24.5438],[75.922,24.5273],[75.9093,24.5149],[75.8969,24.5223],[75.8911,24.5096],[75.9055,24.5053],[75.9118,24.4924],[75.9081,24.4781],[75.9094,24.4636],[75.9034,24.4461],[75.8865,24.4369],[75.8752,24.4303],[75.8612,24.4233],[75.8473,24.419],[75.829,24.4225],[75.8125,24.4368],[75.8165,24.4585],[75.805,24.4728],[75.7911,24.4752],[75.7841,24.4647],[75.7836,24.4518],[75.7682,24.4403],[75.7524,24.4316],[75.7553,24.4093],[75.7433,24.405],[75.7298,24.4036],[75.7297,24.3895],[75.7383,24.3662],[75.7418,24.353],[75.7563,24.3272],[75.7651,24.3107],[75.781,24.3086],[75.7974,24.3143],[75.8112,24.3034],[75.8168,24.2908],[75.8129,24.2771],[75.8125,24.2607],[75.8181,24.25],[75.8078,24.2407],[75.7995,24.2292],[75.7788,24.2244],[75.7678,24.2075],[75.7686,24.1933],[75.7589,24.1796],[75.7533,24.1643],[75.7435,24.1396],[75.7594,24.1404],[75.7732,24.1394],[75.779,24.1246],[75.7896,24.1098],[75.8024,24.1183],[75.8122,24.1029],[75.8306,24.1079],[75.8327,24.0957],[75.8306,24.0816],[75.8207,24.0706],[75.8073,24.0676],[75.789,24.0633],[75.7777,24.0571],[75.7802,24.0363],[75.7738,24.0191],[75.7609,24.0129],[75.762,23.998],[75.7496,23.9951],[75.7374,23.9941],[75.7355,23.9806],[75.7233,23.9731],[75.7004,23.9691],[75.6954,23.9859],[75.6841,23.9931],[75.6858,24.0179],[75.6727,24.0309],[75.6594,24.0315],[75.6477,24.0232],[75.6392,24.0046],[75.6247,23.9988],[75.6117,23.9988],[75.5974,23.9986],[75.5838,23.9919],[75.5693,23.9994],[75.5717,24.0174],[75.5611,24.0236],[75.5426,24.0256],[75.5319,24.0315],[75.5144,24.0487],[75.4918,24.0046],[75.4806,23.9923],[75.4672,23.9845],[75.4624,23.9681],[75.4617,23.9534],[75.4572,23.9382],[75.4559,23.9254],[75.4768,23.9147],[75.4996,23.9005],[75.5073,23.8906],[75.5288,23.8803],[75.5525,23.8652],[75.5625,23.8581],[75.5731,23.8465],[75.5693,23.8346],[75.5566,23.8316],[75.5625,23.8169],[75.5833,23.8152],[75.5825,23.8004],[75.6061,23.8036],[75.624,23.8005],[75.637,23.8024],[75.6493,23.7994],[75.6591,23.7889],[75.6712,23.7868],[75.6791,23.7695],[75.6901,23.776],[75.6983,23.788],[75.694,23.8046],[75.6869,23.8177],[75.7026,23.8171],[75.7157,23.8171],[75.7187,23.8324],[75.7157,23.8456],[75.7264,23.8534],[75.7175,23.8648],[75.7047,23.8748],[75.6977,23.8877],[75.7009,23.9013],[75.713,23.9],[75.7282,23.9021],[75.7401,23.8942],[75.7571,23.8842],[75.7599,23.862],[75.7696,23.8544],[75.7839,23.8577],[75.791,23.8722],[75.8139,23.8743],[75.8304,23.8848],[75.8534,23.8942],[75.8671,23.894],[75.8786,23.8846],[75.8888,23.8917],[75.9013,23.895],[75.9212,23.9042],[75.9381,23.9122],[75.9466,23.9207],[75.9665,23.9299],[75.976,23.939],[75.9798,23.9522],[75.9802,23.9688],[75.9768,23.982],[75.9635,23.9917],[75.9609,24.0043],[75.9602,24.0254],[75.9734,24.0314],[75.9901,24.0301],[76.0021,24.0352],[76.0179,24.0446],[76.033,24.0642],[76.0434,24.074],[76.0575,24.0779],[76.0802,24.084],[76.099,24.0892],[76.1086,24.0971],[76.1233,24.0923],[76.1347,24.0997],[76.1301,24.1121],[76.1369,24.1313],[76.1317,24.1439],[76.1309,24.1691],[76.1206,24.1782],[76.1213,24.1964],[76.1316,24.2124],[76.1418,24.2238],[76.1524,24.2355],[76.1498,24.261],[76.1422,24.2812],[76.1495,24.2922],[76.1627,24.2934],[76.17,24.3034],[76.1721,24.3156],[76.1811,24.3249],[76.194,24.3209],[76.2062,24.3109],[76.1991,24.2973],[76.1947,24.2848],[76.2044,24.269],[76.2036,24.2506],[76.2062,24.2327],[76.2156,24.2168],[76.2361,24.2239],[76.2477,24.2279],[76.2654,24.2215],[76.2764,24.2165],[76.2888,24.2256],[76.2939,24.2407],[76.3101,24.2464],[76.3269,24.2536],[76.3442,24.2519],[76.3583,24.2461],[76.3735,24.2377],[76.3912,24.2256],[76.4118,24.2096],[76.4217,24.2207],[76.436,24.225],[76.4474,24.2177],[76.461,24.2254],[76.4746,24.2287],[76.4794,24.2175],[76.4969,24.212],[76.5084,24.2002],[76.5105,24.179],[76.5174,24.1666],[76.5314,24.1635],[76.546,24.168],[76.5625,24.1724],[76.5797,24.1807],[76.5698,24.1963],[76.5715,24.2135],[76.5859,24.2196],[76.5974,24.2299],[76.5875,24.246],[76.6005,24.245],[76.614,24.2422],[76.6163,24.2628],[76.6301,24.2647],[76.6422,24.2662],[76.6582,24.2678],[76.6708,24.271],[76.6848,24.2827],[76.6933,24.274],[76.6966,24.2612],[76.7025,24.2488],[76.6878,24.2325],[76.6768,24.2105],[76.6742,24.1934],[76.6894,24.1837],[76.7011,24.1714],[76.7125,24.1666],[76.7268,24.1651],[76.7494,24.1725],[76.7595,24.1659],[76.7731,24.1588],[76.7909,24.1258],[76.8147,24.1265],[76.8277,24.1256],[76.8423,24.1323],[76.856,24.1389],[76.8733,24.1398],[76.8863,24.1317],[76.8999,24.1311],[76.9058,24.1532],[76.9112,24.1769],[76.9161,24.1887],[76.9332,24.1869],[76.9439,24.1989],[76.9369,24.2098],[76.9226,24.2168],[76.9165,24.232],[76.9039,24.2417],[76.8742,24.2711],[76.8671,24.2809],[76.8638,24.2938],[76.8598,24.3053],[76.8449,24.328],[76.8389,24.3426],[76.8382,24.355],[76.8491,24.3682],[76.8501,24.389],[76.8424,24.4085],[76.8493,24.4253],[76.8507,24.4374],[76.8379,24.4506],[76.8484,24.4588],[76.8506,24.4739],[76.8468,24.4876],[76.8353,24.4944],[76.8281,24.5104],[76.8192,24.5246],[76.819,24.5366],[76.8311,24.5432],[76.846,24.551],[76.8662,24.5494],[76.8748,24.5405],[76.8757,24.5262],[76.889,24.5268],[76.8929,24.5397],[76.9024,24.5475],[76.9157,24.5404],[76.9189,24.5244],[76.9153,24.5114],[76.9146,24.4877],[76.9308,24.4767],[76.9411,24.4674],[76.9529,24.4639],[76.9653,24.4609],[76.9775,24.472],[76.9925,24.4734],[77.0026,24.4835],[77.0087,24.4949],[77.0207,24.4979],[77.0248,24.517],[77.032,24.5288],[77.0503,24.5265],[77.052,24.5413],[77.0615,24.5548],[77.0647,24.5699],[77.0636,24.5853],[77.0583,24.6012],[77.0611,24.6246],[77.0603,24.6377],[77.0541,24.6541],[77.037,24.6828],[77.0345,24.6985],[77.0267,24.7109],[77.0141,24.7154],[76.9921,24.7174],[76.9823,24.7249],[76.972,24.7317],[76.9653,24.7441],[76.9633,24.7596],[76.9517,24.7655],[76.9217,24.7488],[76.9094,24.7468],[76.8969,24.7506],[76.8681,24.7496],[76.8473,24.7504],[76.847,24.7651],[76.8359,24.7851],[76.8258,24.7934],[76.8157,24.8037],[76.8087,24.815],[76.8007,24.8246],[76.8167,24.8325],[76.8316,24.8402],[76.8513,24.8402],[76.8633,24.8417],[76.8781,24.8396],[76.895,24.8395],[76.9084,24.8451],[76.9265,24.8498],[76.9431,24.8601],[76.9489,24.8729],[76.9357,24.8787],[76.9218,24.8837],[76.9122,24.8931],[76.9203,24.9049],[76.9074,24.9233],[76.8912,24.9197],[76.8932,24.9354],[76.8797,24.9458],[76.8734,24.9576],[76.8664,24.9718],[76.8697,24.9919],[76.8595,25.0069],[76.8745,25.0131],[76.8783,25.0258],[76.9011,25.034],[76.9177,25.04],[76.9299,25.0416],[76.9535,25.0485],[76.9687,25.0559],[76.9747,25.0707],[76.9937,25.08],[77.006,25.0786],[77.0176,25.0722],[77.0393,25.0681],[77.0549,25.0633],[77.068,25.0597],[77.0843,25.0626],[77.1025,25.0692],[77.1145,25.0691],[77.1283,25.0891],[77.1402,25.0962],[77.1577,25.0883],[77.1646,25.0986],[77.1696,25.1137],[77.1831,25.1118],[77.1974,25.1167],[77.2208,25.1102],[77.2416,25.1127],[77.2623,25.1193],[77.2756,25.1121],[77.2913,25.0941],[77.3029,25.0839],[77.3204,25.0907],[77.3324,25.0966],[77.3487,25.0978],[77.3608,25.1043],[77.3684,25.1141],[77.3867,25.122],[77.3955,25.112],[77.3886,25.1273],[77.3893,25.151],[77.3896,25.1684],[77.3907,25.1882],[77.4031,25.1865],[77.4148,25.1894],[77.4113,25.2066],[77.4064,25.2263],[77.3916,25.2311],[77.38,25.2454],[77.3627,25.2501],[77.3567,25.2658],[77.36,25.2802],[77.3695,25.2885],[77.3738,25.3002],[77.3736,25.3155],[77.3658,25.3285],[77.3532,25.3323],[77.3364,25.3256],[77.3439,25.3374],[77.3551,25.3644],[77.3484,25.3756],[77.3443,25.3879],[77.354,25.4036],[77.3543,25.424],[77.3371,25.4248],[77.3169,25.4328],[77.3053,25.4364],[77.283,25.4236],[77.273,25.412],[77.26,25.3995],[77.2442,25.3896],[77.2256,25.3792],[77.2211,25.3611],[77.217,25.3493],[77.2174,25.3372],[77.215,25.3245],[77.2053,25.333],[77.2003,25.3187],[77.1821,25.3133],[77.1678,25.3155],[77.1536,25.3132],[77.1363,25.3241],[77.1214,25.3313],[77.1081,25.3353],[77.0926,25.3373],[77.0755,25.3397],[77.0679,25.3297],[77.0583,25.3219],[77.0448,25.3225],[77.0341,25.3119],[77.0242,25.3011],[77.0101,25.3015],[76.9927,25.3018],[76.9587,25.2972],[76.9553,25.2846],[76.9418,25.2754],[76.9287,25.2792],[76.9292,25.2973],[76.9154,25.309],[76.9046,25.3179],[76.8932,25.3224],[76.8726,25.3243],[76.8537,25.3297],[76.8398,25.3293],[76.8261,25.327],[76.7953,25.3218],[76.7728,25.3159],[76.7598,25.3227],[76.7667,25.333],[76.7537,25.3393],[76.7404,25.3478],[76.7223,25.3459],[76.7032,25.3476],[76.6811,25.3455],[76.6648,25.3575],[76.6436,25.3764],[76.6255,25.3751],[76.6149,25.3841],[76.6025,25.389],[76.5991,25.4053],[76.589,25.4315],[76.5743,25.4367],[76.5607,25.4499],[76.5596,25.4733],[76.5507,25.4843],[76.5421,25.4974],[76.5379,25.5102],[76.5285,25.5177],[76.5203,25.5299],[76.5222,25.5504],[76.5163,25.5655],[76.5098,25.5798],[76.5158,25.607],[76.5147,25.6337],[76.5008,25.6433],[76.5108,25.6728],[76.4891,25.6834],[76.4778,25.6951],[76.4824,25.7181],[76.503,25.7286],[76.5266,25.731],[76.5304,25.7437],[76.5222,25.7663],[76.5293,25.798],[76.5355,25.8092],[76.5495,25.825],[76.5668,25.8397],[76.5853,25.8677],[76.5975,25.8765],[76.6165,25.8713],[76.6317,25.8752],[76.6356,25.8959],[76.6461,25.9089],[76.6744,25.9118],[76.6965,25.9071],[76.7145,25.901],[76.7333,25.9025],[76.7455,25.9092],[76.7556,25.9162],[76.7568,25.9284],[76.7559,25.9417],[76.7768,25.9394],[76.7948,25.9442],[76.8063,25.953],[76.8162,25.9671],[76.818,25.9843],[76.8296,25.9959],[76.8402,26.0113],[76.8304,26.0296],[76.8457,26.0403],[76.8577,26.0486],[76.8704,26.0564],[76.877,26.0721],[76.8829,26.0864],[76.8953,26.098],[76.9183,26.1026],[76.9387,26.1061],[76.9535,26.1153],[76.9686,26.124],[76.986,26.1324],[76.9965,26.1477],[77.0048,26.1592],[77.0239,26.1762],[77.0347,26.1819],[77.0526,26.1862],[77.0689,26.1854],[77.0846,26.1872],[77.0964,26.1954],[77.1051,26.2091],[77.1094,26.2251],[77.124,26.238],[77.1433,26.2382],[77.158,26.2385],[77.1702,26.2445],[77.1845,26.2368],[77.2031,26.2374],[77.2378,26.2627],[77.2514,26.267],[77.267,26.2762],[77.2899,26.2956],[77.3082,26.315],[77.3118,26.3338],[77.318,26.3464],[77.3347,26.3572],[77.3467,26.3604],[77.3603,26.3695],[77.3789,26.3638],[77.3945,26.3667],[77.4078,26.369],[77.4324,26.365],[77.4397,26.3787],[77.4264,26.3955],[77.4341,26.4092],[77.459,26.4112],[77.475,26.4146],[77.4939,26.4136],[77.5059,26.4129],[77.5229,26.4149],[77.5372,26.4235],[77.5472,26.4363],[77.5591,26.4408],[77.5791,26.4511],[77.5991,26.4542],[77.6154,26.4665],[77.6267,26.483],[77.6394,26.4892],[77.6547,26.4972],[77.6677,26.5083],[77.686,26.5026],[77.714,26.5042],[77.727,26.5154],[77.7307,26.5299],[77.7394,26.5427],[77.758,26.5506],[77.783,26.5526],[77.7977,26.5503],[77.813,26.5548],[77.8247,26.5727],[77.8184,26.5939],[77.8254,26.6052],[77.8424,26.6152],[77.8704,26.6186],[77.8888,26.6328],[77.8909,26.6545],[77.9036,26.6662],[77.9239,26.665],[77.9399,26.6627],[77.9536,26.6694],[77.9688,26.6766],[77.9886,26.7],[78.0119,26.7001],[78.0316,26.6913],[78.0491,26.6898],[78.0609,26.6818],[78.0754,26.6782],[78.0881,26.6867],[78.089,26.7007],[78.0865,26.7245],[78.0891,26.7381],[78.1117,26.7497],[78.111,26.7621],[78.0971,26.7694],[78.0944,26.7834],[78.0998,26.797],[78.1129,26.8026],[78.1313,26.7992],[78.1458,26.7917],[78.1598,26.7911],[78.1761,26.7915],[78.1634,26.8199],[78.1676,26.832],[78.1796,26.831],[78.1921,26.8298],[78.2098,26.8361],[78.223,26.8372],[78.2368,26.8317],[78.2475,26.8239],[78.2609,26.8209],[78.2668,26.8328],[78.2678,26.8497],[78.2762,26.8605],[78.2947,26.8683],[78.316,26.8694],[78.3412,26.874],[78.3625,26.8713],[78.3646,26.8688]]]}},{"type":"Feature","properties":{"name":"Maharashtra","id":"maharashtra"},"geometry":{"type":"MultiPolygon","coordinates":[[[[73.456,15.8899],[73.456,15.8899]]],[[[73.4626,15.8904],[73.4626,15.8904]]],[[[73.4662,15.896],[73.4662,15.896]]],[[[73.4601,16.0457],[73.4601,16.0457]]],[[[73.4432,16.1026],[73.4432,16.1026]]],[[[73.0843,17.8188],[73.0843,17.8188]]],[[[73.0382,18.0521],[73.0382,18.0521]]],[[[72.966,18.3013],[72.966,18.3013]]],[[[73.079,18.3104],[73.079,18.3104]]],[[[73.0821,18.3221],[73.0821,18.3221]]],[[[72.8649,18.6357],[72.8649,18.6357]]],[[[72.8126,18.7065],[72.8126,18.7065]]],[[[72.8426,18.7085],[72.8426,18.7085]]],[[[72.9015,18.9643],[72.9085,18.9538],[72.9004,18.9435],[72.9015,18.9557],[72.9015,18.9643]]],[[[72.939,18.9724],[72.939,18.9604],[72.9271,18.9579],[72.9315,18.9696],[72.939,18.9724]]],[[[73.026,18.9999],[73.026,18.9999]]],[[[72.7818,19.1354],[72.7818,19.1354]]],[[[72.7312,19.4685],[72.7312,19.4685]]],[[[74.4355,22.031],[74.4445,22.016],[74.4538,22.0062],[74.4362,22.0022],[74.443,21.9831],[74.4486,21.9711],[74.46,21.9628],[74.4722,21.9655],[74.4845,21.9608],[74.4899,21.9471],[74.5156,21.9339],[74.5174,21.9176],[74.5275,21.9088],[74.5215,21.8955],[74.5175,21.8749],[74.517,21.8565],[74.5118,21.8212],[74.5036,21.8072],[74.506,21.7826],[74.5126,21.7725],[74.5179,21.7608],[74.5135,21.7489],[74.5138,21.7368],[74.5123,21.7241],[74.5233,21.7181],[74.5353,21.7176],[74.5476,21.72],[74.5567,21.7117],[74.5612,21.7001],[74.5605,21.688],[74.572,21.6842],[74.5842,21.6847],[74.5855,21.6721],[74.5941,21.6633],[74.6064,21.6634],[74.6191,21.6609],[74.6308,21.6581],[74.6435,21.656],[74.6554,21.6544],[74.6671,21.6517],[74.6781,21.6453],[74.6883,21.6378],[74.6992,21.6311],[74.7114,21.6271],[74.724,21.624],[74.7366,21.6212],[74.7493,21.6185],[74.762,21.616],[74.774,21.6155],[74.7861,21.6114],[74.7981,21.61],[74.8105,21.6129],[74.8223,21.6105],[74.8334,21.6158],[74.8441,21.6218],[74.8557,21.6275],[74.868,21.6305],[74.8801,21.6312],[74.8921,21.6316],[74.9043,21.6285],[74.911,21.6181],[74.9222,21.612],[74.9345,21.6079],[74.9468,21.604],[74.9592,21.6005],[74.971,21.5981],[74.9835,21.5952],[74.9957,21.5907],[75.0134,21.5812],[75.0318,21.5693],[75.0536,21.5672],[75.0636,21.555],[75.0722,21.5417],[75.0836,21.5258],[75.09,21.5143],[75.0927,21.5009],[75.1004,21.4853],[75.1067,21.4696],[75.1151,21.4596],[75.1298,21.4493],[75.1474,21.4433],[75.188,21.4273],[75.2037,21.4173],[75.2199,21.4109],[75.2323,21.4166],[75.2477,21.4107],[75.2591,21.4052],[75.2766,21.4089],[75.2886,21.4118],[75.3018,21.4148],[75.3032,21.3952],[75.3209,21.3924],[75.3349,21.3947],[75.3538,21.3935],[75.3614,21.4032],[75.3787,21.3924],[75.3931,21.3841],[75.4093,21.3899],[75.4317,21.3939],[75.4436,21.391],[75.4601,21.393],[75.4848,21.3913],[75.5005,21.3916],[75.5163,21.3867],[75.5294,21.3847],[75.5399,21.3772],[75.5553,21.3775],[75.5721,21.3782],[75.5849,21.3876],[75.603,21.3905],[75.6194,21.3935],[75.6268,21.382],[75.6399,21.3815],[75.6549,21.382],[75.6734,21.3804],[75.6878,21.3843],[75.7068,21.3913],[75.7216,21.391],[75.7356,21.3927],[75.7547,21.3884],[75.7738,21.3866],[75.7922,21.3892],[75.8055,21.389],[75.8326,21.3833],[75.8434,21.3895],[75.8593,21.3873],[75.8723,21.3955],[75.8881,21.3996],[75.9051,21.3956],[75.9165,21.3898],[75.9323,21.3915],[75.948,21.393],[75.9687,21.394],[75.9849,21.3772],[76.0002,21.3748],[76.016,21.3699],[76.0346,21.3653],[76.047,21.3552],[76.0657,21.3592],[76.0772,21.3643],[76.0882,21.37],[76.1069,21.3602],[76.116,21.3388],[76.1222,21.3216],[76.1273,21.3073],[76.135,21.2915],[76.1471,21.2814],[76.1539,21.2688],[76.1581,21.2535],[76.1441,21.2426],[76.1533,21.2298],[76.164,21.2242],[76.1643,21.2118],[76.1659,21.1955],[76.1706,21.1822],[76.1668,21.1707],[76.143,21.1731],[76.1307,21.1756],[76.1143,21.1705],[76.1241,21.1591],[76.1399,21.1401],[76.1357,21.1262],[76.1515,21.115],[76.1674,21.1063],[76.1681,21.0932],[76.1808,21.0874],[76.2087,21.0902],[76.2275,21.0914],[76.2621,21.0947],[76.2732,21.0854],[76.2818,21.0753],[76.2971,21.0772],[76.3348,21.0772],[76.357,21.0797],[76.372,21.0786],[76.3901,21.0881],[76.4094,21.0941],[76.4118,21.1073],[76.4337,21.1067],[76.4477,21.1129],[76.4529,21.1244],[76.4575,21.1383],[76.4668,21.1473],[76.477,21.1553],[76.4783,21.1757],[76.4825,21.1882],[76.4912,21.1978],[76.5208,21.1892],[76.5413,21.1963],[76.5594,21.2058],[76.5752,21.2041],[76.5867,21.1987],[76.6056,21.1972],[76.62,21.1954],[76.6316,21.2054],[76.6317,21.2289],[76.6426,21.2477],[76.6585,21.2478],[76.6594,21.2621],[76.6611,21.2824],[76.6486,21.3],[76.6397,21.3106],[76.6258,21.3297],[76.6684,21.3695],[76.7191,21.4007],[76.7321,21.4088],[76.7384,21.4294],[76.7434,21.4431],[76.7565,21.4499],[76.7758,21.4601],[76.7851,21.4767],[76.7918,21.4899],[76.7702,21.5107],[76.7629,21.5226],[76.7753,21.532],[76.7878,21.5401],[76.7828,21.5515],[76.7836,21.578],[76.7915,21.5874],[76.8039,21.5968],[76.8232,21.5927],[76.8386,21.6005],[76.8478,21.6133],[76.8607,21.6123],[76.8917,21.6007],[76.9057,21.6045],[76.9787,21.666],[76.9973,21.6816],[77.0102,21.6844],[77.0233,21.6938],[77.0343,21.7005],[77.0595,21.7094],[77.069,21.7218],[77.0838,21.7186],[77.1033,21.7226],[77.1211,21.7253],[77.1333,21.7223],[77.1475,21.7147],[77.16,21.7137],[77.168,21.7258],[77.1838,21.7245],[77.1843,21.7045],[77.2014,21.6963],[77.218,21.6984],[77.2246,21.7179],[77.2399,21.7171],[77.2552,21.7152],[77.2674,21.7291],[77.2831,21.7242],[77.2869,21.7364],[77.2823,21.7481],[77.2771,21.7598],[77.2937,21.7599],[77.3089,21.7596],[77.3213,21.757],[77.3374,21.7616],[77.3534,21.7595],[77.3759,21.7571],[77.4011,21.7562],[77.4267,21.7604],[77.4385,21.7627],[77.4526,21.7643],[77.4714,21.7712],[77.4759,21.7579],[77.4888,21.7502],[77.4999,21.7449],[77.5084,21.7353],[77.5179,21.727],[77.521,21.7141],[77.5334,21.7127],[77.5422,21.701],[77.5457,21.6861],[77.5586,21.6687],[77.5575,21.6556],[77.5655,21.635],[77.571,21.6235],[77.5699,21.6111],[77.5722,21.5877],[77.5702,21.5757],[77.571,21.5626],[77.5855,21.5588],[77.6058,21.5509],[77.5949,21.5332],[77.5779,21.5292],[77.5534,21.5362],[77.5407,21.5389],[77.5119,21.5475],[77.484,21.5533],[77.4687,21.5545],[77.452,21.5556],[77.4421,21.5446],[77.4289,21.5457],[77.417,21.5331],[77.4188,21.5208],[77.4311,21.5022],[77.4392,21.4893],[77.4381,21.4756],[77.4489,21.4697],[77.4693,21.4569],[77.4688,21.4429],[77.4771,21.4209],[77.4842,21.3985],[77.487,21.3778],[77.5017,21.3792],[77.5169,21.378],[77.5398,21.3812],[77.5625,21.3734],[77.576,21.3705],[77.6015,21.3653],[77.602,21.3842],[77.6115,21.3938],[77.6293,21.391],[77.6415,21.3887],[77.6621,21.388],[77.6648,21.3736],[77.6811,21.3855],[77.6883,21.3967],[77.6926,21.3806],[77.7043,21.3777],[77.7052,21.3591],[77.7249,21.3642],[77.7383,21.3666],[77.7434,21.3801],[77.7569,21.3864],[77.7766,21.388],[77.7901,21.3892],[77.7952,21.4038],[77.8045,21.412],[77.818,21.4087],[77.8339,21.4015],[77.8466,21.3941],[77.8632,21.3881],[77.8762,21.3864],[77.8866,21.3804],[77.899,21.3784],[77.9118,21.3828],[77.9249,21.3861],[77.9388,21.3869],[77.9411,21.399],[77.9577,21.4011],[77.9715,21.4014],[77.9958,21.4138],[78.0071,21.4184],[78.0196,21.4206],[78.0435,21.435],[78.0637,21.4389],[78.0786,21.4457],[78.0925,21.456],[78.1091,21.4642],[78.1272,21.4734],[78.1428,21.4821],[78.1693,21.4985],[78.1776,21.5143],[78.168,21.526],[78.1706,21.5422],[78.1773,21.5567],[78.2155,21.5537],[78.2387,21.5655],[78.2693,21.5707],[78.2585,21.5819],[78.2622,21.5938],[78.2816,21.5868],[78.3,21.5851],[78.3018,21.5729],[78.3187,21.5756],[78.3368,21.5905],[78.3477,21.5789],[78.361,21.5783],[78.3742,21.59],[78.372,21.6108],[78.3836,21.6166],[78.399,21.6111],[78.4109,21.6066],[78.4226,21.6019],[78.4158,21.5882],[78.4159,21.5731],[78.4207,21.5548],[78.4255,21.5423],[78.4269,21.5302],[78.4303,21.5092],[78.4447,21.5019],[78.4592,21.5046],[78.4721,21.5069],[78.4856,21.512],[78.496,21.518],[78.5043,21.5267],[78.5201,21.5254],[78.5373,21.5246],[78.5524,21.5194],[78.5665,21.5157],[78.5733,21.4985],[78.5849,21.4869],[78.5986,21.4848],[78.6161,21.4815],[78.6305,21.4813],[78.6435,21.4843],[78.6591,21.4789],[78.6841,21.482],[78.6962,21.4774],[78.7139,21.468],[78.7297,21.4714],[78.7404,21.4837],[78.7505,21.4908],[78.7644,21.4743],[78.777,21.4791],[78.7846,21.4891],[78.8101,21.4909],[78.8234,21.4911],[78.8442,21.49],[78.8751,21.4879],[78.8905,21.4982],[78.9027,21.498],[78.9206,21.4876],[78.9338,21.4924],[78.9369,21.5104],[78.9262,21.5216],[78.9246,21.5387],[78.9044,21.5548],[78.924,21.5602],[78.9143,21.5696],[78.9122,21.5852],[78.9227,21.5926],[78.9403,21.5938],[78.9623,21.6059],[78.9748,21.6176],[78.9944,21.6187],[79.0058,21.604],[79.031,21.6056],[79.0479,21.6057],[79.0761,21.6077],[79.0881,21.5992],[79.1041,21.6094],[79.1112,21.6256],[79.1277,21.6281],[79.1371,21.6369],[79.1471,21.6566],[79.1862,21.6544],[79.2166,21.6502],[79.2269,21.6576],[79.2284,21.6714],[79.2182,21.6813],[79.2209,21.6966],[79.2348,21.7152],[79.2577,21.7175],[79.2718,21.709],[79.2848,21.6939],[79.3173,21.6858],[79.3426,21.6845],[79.3618,21.6795],[79.3831,21.6754],[79.3971,21.6756],[79.4077,21.6856],[79.423,21.6906],[79.4407,21.6822],[79.4585,21.6873],[79.4886,21.6741],[79.4946,21.6605],[79.4993,21.6478],[79.5026,21.6346],[79.5125,21.6265],[79.5011,21.6196],[79.5031,21.6075],[79.5058,21.5903],[79.5217,21.5803],[79.5321,21.573],[79.5361,21.555],[79.5474,21.5443],[79.5603,21.548],[79.5761,21.5434],[79.5895,21.5496],[79.6087,21.5559],[79.6253,21.5549],[79.6407,21.5555],[79.6539,21.5635],[79.6581,21.5773],[79.6848,21.5807],[79.6938,21.591],[79.7062,21.5909],[79.7326,21.6025],[79.7449,21.5979],[79.7688,21.5904],[79.7918,21.5814],[79.8032,21.5726],[79.8182,21.559],[79.825,21.5467],[79.8415,21.5418],[79.8548,21.5325],[79.8719,21.5296],[79.8858,21.5296],[79.9012,21.5244],[79.9158,21.5245],[79.9183,21.5403],[79.9272,21.5537],[79.9471,21.5553],[79.9614,21.558],[79.9856,21.5368],[79.9982,21.5366],[80.01,21.5446],[80.0227,21.5538],[80.0344,21.5575],[80.0482,21.5541],[80.0612,21.554],[80.0712,21.562],[80.082,21.5718],[80.0897,21.5823],[80.1004,21.5887],[80.1116,21.5965],[80.1186,21.6089],[80.133,21.6056],[80.1479,21.6063],[80.1599,21.6175],[80.1711,21.6237],[80.1837,21.6285],[80.1952,21.6349],[80.208,21.6297],[80.2163,21.6203],[80.2321,21.6205],[80.2476,21.6225],[80.2602,21.6201],[80.2709,21.6106],[80.2754,21.5991],[80.2866,21.5934],[80.2919,21.578],[80.3076,21.5767],[80.3202,21.5736],[80.3263,21.5616],[80.3244,21.5487],[80.3352,21.5407],[80.3464,21.5357],[80.3622,21.5285],[80.3708,21.5179],[80.3739,21.5051],[80.3749,21.4929],[80.3827,21.4824],[80.3899,21.4709],[80.401,21.4654],[80.4064,21.4512],[80.4113,21.4382],[80.4016,21.4281],[80.3968,21.4153],[80.3891,21.4043],[80.3939,21.3922],[80.3994,21.3805],[80.4141,21.3753],[80.4269,21.3731],[80.4404,21.3721],[80.4433,21.3846],[80.4476,21.3985],[80.4602,21.397],[80.4739,21.3993],[80.4899,21.3964],[80.5006,21.3908],[80.5147,21.391],[80.5269,21.3817],[80.5342,21.3721],[80.5458,21.3663],[80.5582,21.3613],[80.5598,21.3486],[80.5718,21.3456],[80.5824,21.3372],[80.5913,21.3267],[80.6053,21.3243],[80.6178,21.3192],[80.6318,21.3237],[80.6444,21.3255],[80.6565,21.3308],[80.6656,21.3221],[80.6727,21.3113],[80.673,21.2983],[80.6633,21.291],[80.6522,21.2833],[80.6434,21.2723],[80.6395,21.2575],[80.6322,21.2473],[80.6201,21.2424],[80.6105,21.2333],[80.5989,21.2251],[80.5845,21.2231],[80.5718,21.2169],[80.5612,21.2058],[80.5493,21.201],[80.535,21.1996],[80.5207,21.2035],[80.5132,21.1936],[80.5076,21.1824],[80.4955,21.1833],[80.4818,21.1766],[80.4678,21.1715],[80.4553,21.1691],[80.4528,21.1543],[80.4482,21.1415],[80.4425,21.1282],[80.4482,21.1163],[80.4387,21.107],[80.4355,21.0952],[80.441,21.0833],[80.441,21.0704],[80.4473,21.0567],[80.4471,21.0443],[80.4452,21.0309],[80.436,21.0221],[80.4276,21.0125],[80.4333,20.9998],[80.4389,20.9716],[80.4483,20.951],[80.4566,20.9372],[80.4653,20.9273],[80.4827,20.9285],[80.5007,20.9289],[80.5264,20.9321],[80.5418,20.9339],[80.5391,20.9211],[80.5462,20.9031],[80.5498,20.8889],[80.5489,20.8681],[80.5504,20.8457],[80.5548,20.8294],[80.5508,20.8155],[80.5457,20.8014],[80.5455,20.7823],[80.5455,20.7654],[80.552,20.7535],[80.5559,20.7226],[80.5639,20.7072],[80.5749,20.6984],[80.5801,20.6836],[80.5668,20.6729],[80.5527,20.6731],[80.5374,20.664],[80.5189,20.6618],[80.5076,20.6546],[80.4896,20.6399],[80.4816,20.6298],[80.4816,20.6171],[80.4929,20.6041],[80.5001,20.5869],[80.5195,20.5847],[80.5514,20.5991],[80.559,20.61],[80.5787,20.6141],[80.5925,20.6131],[80.609,20.606],[80.6223,20.6039],[80.6129,20.5906],[80.6142,20.5769],[80.6171,20.5622],[80.6118,20.551],[80.6127,20.5373],[80.6085,20.5162],[80.6072,20.5039],[80.6062,20.4871],[80.6033,20.4624],[80.5947,20.4464],[80.6034,20.4333],[80.5945,20.4207],[80.5865,20.4007],[80.5874,20.3879],[80.5984,20.3807],[80.6051,20.3662],[80.6115,20.3493],[80.6167,20.3376],[80.6067,20.3253],[80.5842,20.3193],[80.5516,20.3115],[80.5393,20.3004],[80.5267,20.2848],[80.5108,20.2696],[80.4945,20.2748],[80.4759,20.2737],[80.4565,20.2689],[80.4373,20.2585],[80.4229,20.2526],[80.409,20.2491],[80.3862,20.2446],[80.388,20.2306],[80.398,20.2128],[80.4098,20.2053],[80.414,20.1902],[80.3983,20.1834],[80.3919,20.1707],[80.3846,20.1585],[80.3938,20.144],[80.427,20.1302],[80.4396,20.1291],[80.4479,20.1416],[80.4668,20.1427],[80.4829,20.1379],[80.498,20.1389],[80.5105,20.1269],[80.5236,20.1245],[80.5358,20.1138],[80.5352,20.0922],[80.5418,20.0767],[80.5452,20.0596],[80.5411,20.0482],[80.5354,20.0112],[80.5399,19.9977],[80.5442,19.9815],[80.5347,19.9709],[80.5338,19.953],[80.526,19.9411],[80.5088,19.9259],[80.4805,19.9278],[80.4698,19.9337],[80.4645,19.9463],[80.4437,19.9527],[80.431,19.9409],[80.4093,19.9354],[80.4027,19.9096],[80.4147,19.9029],[80.431,19.8984],[80.4444,19.8936],[80.4612,19.9034],[80.4827,19.8989],[80.4917,19.8905],[80.4969,19.8772],[80.4876,19.8651],[80.475,19.8571],[80.471,19.8427],[80.4603,19.828],[80.447,19.8203],[80.4317,19.8103],[80.4173,19.8092],[80.405,19.8154],[80.3984,19.8032],[80.4177,19.7971],[80.4358,19.7919],[80.4495,19.7927],[80.4618,19.7882],[80.4781,19.7724],[80.4821,19.7895],[80.4771,19.8012],[80.4629,19.8058],[80.4692,19.8247],[80.4907,19.8254],[80.5075,19.8299],[80.5354,19.8181],[80.5419,19.8032],[80.5389,19.7807],[80.5502,19.7646],[80.5677,19.7567],[80.5787,19.7439],[80.5903,19.7344],[80.6131,19.7289],[80.6335,19.7185],[80.6456,19.7065],[80.6613,19.6975],[80.666,19.6863],[80.6654,19.673],[80.6561,19.6252],[80.6569,19.6123],[80.683,19.6106],[80.6967,19.6108],[80.721,19.6084],[80.758,19.5902],[80.765,19.5743],[80.7852,19.5604],[80.8092,19.5645],[80.8276,19.5627],[80.8361,19.549],[80.8408,19.5336],[80.8523,19.5242],[80.8736,19.5224],[80.8855,19.5093],[80.8914,19.4908],[80.8921,19.4657],[80.876,19.448],[80.8575,19.4425],[80.8351,19.4424],[80.808,19.4316],[80.7943,19.4288],[80.798,19.4116],[80.8085,19.397],[80.8127,19.3827],[80.8232,19.3747],[80.835,19.3707],[80.845,19.3609],[80.8264,19.348],[80.8128,19.3381],[80.7993,19.3252],[80.7825,19.3217],[80.7662,19.3081],[80.7551,19.2952],[80.7434,19.286],[80.7307,19.284],[80.7183,19.2855],[80.7004,19.2823],[80.6836,19.2869],[80.6853,19.3126],[80.6792,19.3241],[80.6644,19.3266],[80.6353,19.3128],[80.6177,19.3048],[80.6039,19.3118],[80.5985,19.3247],[80.5886,19.3444],[80.5823,19.3683],[80.5729,19.3984],[80.5593,19.3976],[80.5315,19.3743],[80.5227,19.3598],[80.5138,19.3482],[80.5004,19.3413],[80.4811,19.3378],[80.4705,19.3289],[80.4653,19.3159],[80.4568,19.2992],[80.4454,19.2699],[80.437,19.2611],[80.4192,19.2503],[80.4016,19.2468],[80.3885,19.2433],[80.3792,19.2326],[80.377,19.2174],[80.3861,19.1956],[80.3811,19.1807],[80.3624,19.1693],[80.3455,19.1629],[80.3355,19.1476],[80.3249,19.1415],[80.3209,19.1245],[80.3297,19.1074],[80.3241,19.0949],[80.3226,19.0822],[80.32,19.0694],[80.3022,19.0555],[80.2888,19.0463],[80.2953,19.0287],[80.2881,19.0139],[80.2723,18.9974],[80.2675,18.984],[80.269,18.9642],[80.2653,18.947],[80.2652,18.9346],[80.2914,18.9076],[80.3086,18.8862],[80.3217,18.8748],[80.3357,18.8561],[80.3456,18.8339],[80.3478,18.8159],[80.3347,18.8061],[80.3187,18.796],[80.3059,18.7943],[80.2942,18.7906],[80.2795,18.7679],[80.2654,18.7632],[80.249,18.7653],[80.2405,18.7566],[80.2475,18.7436],[80.2575,18.7313],[80.2675,18.718],[80.2467,18.7013],[80.23,18.6975],[80.2144,18.7011],[80.2019,18.6974],[80.1917,18.6836],[80.1757,18.6759],[80.1646,18.6903],[80.1522,18.6953],[80.1423,18.6863],[80.1213,18.6812],[80.1066,18.6775],[80.087,18.6976],[80.0747,18.7026],[80.0655,18.7133],[80.0533,18.7178],[80.0329,18.7464],[80.0187,18.751],[80.0124,18.7668],[79.9929,18.7735],[79.9501,18.7799],[79.932,18.7844],[79.9163,18.7973],[79.894,18.8308],[79.9208,18.8362],[79.9333,18.845],[79.939,18.8589],[79.9409,18.8774],[79.9401,18.8967],[79.9414,18.9158],[79.9409,18.9377],[79.9359,18.9576],[79.9322,18.9716],[79.9328,18.9957],[79.9345,19.0217],[79.926,19.0425],[79.9029,19.048],[79.8908,19.0455],[79.871,19.0355],[79.857,19.0422],[79.8611,19.0599],[79.8601,19.091],[79.858,19.1041],[79.8631,19.1158],[79.906,19.1418],[79.9223,19.1571],[79.9407,19.1644],[79.9353,19.1839],[79.9225,19.2034],[79.9193,19.215],[79.9319,19.2593],[79.9452,19.2841],[79.9618,19.2975],[79.9574,19.3245],[79.9645,19.3507],[79.9672,19.3746],[79.9726,19.3916],[79.97,19.4095],[79.9592,19.4259],[79.9458,19.4408],[79.945,19.4588],[79.9329,19.4691],[79.9235,19.4776],[79.911,19.4923],[79.8782,19.5007],[79.8638,19.5136],[79.8282,19.537],[79.8206,19.5524],[79.8166,19.569],[79.8052,19.5768],[79.7933,19.5801],[79.7854,19.5936],[79.7663,19.6002],[79.7543,19.6023],[79.7403,19.6031],[79.7299,19.5966],[79.7129,19.5833],[79.6957,19.5811],[79.678,19.5766],[79.665,19.5772],[79.6526,19.5767],[79.6397,19.575],[79.6214,19.5651],[79.6109,19.5492],[79.6029,19.5211],[79.6009,19.508],[79.5827,19.5031],[79.5656,19.5109],[79.5525,19.52],[79.5452,19.534],[79.5427,19.5485],[79.5262,19.5461],[79.5148,19.5408],[79.5158,19.5224],[79.4933,19.5052],[79.48,19.5038],[79.4651,19.509],[79.4582,19.519],[79.4413,19.5335],[79.4232,19.5328],[79.4018,19.5398],[79.389,19.5489],[79.3712,19.5615],[79.3409,19.5738],[79.3215,19.5718],[79.3096,19.582],[79.2932,19.5967],[79.2679,19.6067],[79.2552,19.6112],[79.2371,19.6095],[79.2438,19.5933],[79.2501,19.5777],[79.2398,19.5595],[79.2393,19.542],[79.2366,19.5268],[79.2234,19.517],[79.2081,19.4986],[79.2088,19.4848],[79.2207,19.4756],[79.189,19.4587],[79.1691,19.4678],[79.157,19.4855],[79.1403,19.5011],[79.1264,19.5065],[79.1128,19.5098],[79.1024,19.5194],[79.0966,19.5305],[79.0738,19.5286],[79.0601,19.5387],[79.0388,19.545],[79.0184,19.54],[79.0001,19.5594],[78.9864,19.5571],[78.9736,19.5499],[78.9546,19.5518],[78.9647,19.5703],[78.9779,19.5799],[78.9713,19.5973],[78.9629,19.6173],[78.9647,19.6296],[78.969,19.6492],[78.9617,19.6588],[78.9436,19.6651],[78.9159,19.6677],[78.9038,19.6646],[78.891,19.6553],[78.8779,19.6568],[78.8588,19.6563],[78.8591,19.6689],[78.864,19.6867],[78.8617,19.7059],[78.8574,19.7197],[78.8536,19.738],[78.8456,19.7584],[78.8253,19.7604],[78.8076,19.758],[78.797,19.7686],[78.7849,19.7787],[78.7632,19.7756],[78.7431,19.7797],[78.7318,19.7729],[78.7164,19.7668],[78.7018,19.7856],[78.6864,19.7899],[78.6483,19.8015],[78.6352,19.8038],[78.6193,19.8087],[78.6037,19.8175],[78.5918,19.8154],[78.5737,19.8138],[78.5579,19.8156],[78.5263,19.8217],[78.5124,19.8143],[78.5096,19.8012],[78.4939,19.7931],[78.4843,19.8072],[78.4762,19.8164],[78.4446,19.8192],[78.4287,19.8231],[78.409,19.8299],[78.3977,19.8364],[78.3892,19.8462],[78.3842,19.8636],[78.3841,19.8792],[78.3658,19.8829],[78.3467,19.8814],[78.3252,19.8905],[78.3346,19.9043],[78.3284,19.9161],[78.3102,19.9127],[78.2977,19.8733],[78.2942,19.8556],[78.3032,19.8458],[78.339,19.8392],[78.336,19.8187],[78.3516,19.8104],[78.367,19.7945],[78.3677,19.7811],[78.3648,19.7673],[78.3608,19.754],[78.3532,19.7378],[78.3443,19.7243],[78.3325,19.7085],[78.3201,19.6967],[78.3049,19.6884],[78.2858,19.6897],[78.2734,19.6702],[78.2876,19.6545],[78.2955,19.6318],[78.3089,19.6114],[78.31,19.5867],[78.3111,19.5718],[78.2999,19.5668],[78.2853,19.5603],[78.2915,19.5431],[78.2955,19.5308],[78.2987,19.5136],[78.3036,19.4938],[78.312,19.4793],[78.312,19.4659],[78.2973,19.4488],[78.282,19.453],[78.2669,19.4479],[78.252,19.43],[78.2336,19.4329],[78.2151,19.4271],[78.2055,19.4144],[78.1822,19.4118],[78.1876,19.3956],[78.1848,19.3763],[78.1814,19.3608],[78.1823,19.3454],[78.1972,19.3317],[78.1955,19.3144],[78.1832,19.279],[78.1833,19.2612],[78.1864,19.2493],[78.1701,19.2363],[78.1497,19.2301],[78.1393,19.2394],[78.1267,19.2464],[78.0994,19.2455],[78.0823,19.2548],[78.0576,19.2397],[78.048,19.2475],[78.0494,19.2627],[78.0329,19.2741],[78.0182,19.2963],[77.9959,19.3057],[77.9769,19.3211],[77.9627,19.3318],[77.9489,19.3413],[77.9372,19.3358],[77.922,19.3259],[77.9123,19.318],[77.8995,19.3178],[77.888,19.3124],[77.8752,19.3089],[77.8609,19.3021],[77.8608,19.2876],[77.8754,19.2798],[77.8931,19.2784],[77.9057,19.2672],[77.9004,19.2561],[77.8846,19.2602],[77.8674,19.2553],[77.8654,19.2379],[77.8615,19.2263],[77.8523,19.2097],[77.8465,19.197],[77.8584,19.1808],[77.8539,19.1694],[77.8492,19.1553],[77.8377,19.1383],[77.8386,19.1189],[77.8441,19.0961],[77.8338,19.0865],[77.8224,19.0964],[77.8058,19.1033],[77.8013,19.0844],[77.7945,19.0734],[77.7957,19.061],[77.7831,19.0548],[77.771,19.0562],[77.7574,19.0286],[77.7653,19.0154],[77.7684,18.9994],[77.7674,18.9814],[77.7815,18.9763],[77.8171,18.9824],[77.8129,18.9601],[77.8274,18.9457],[77.8537,18.9523],[77.8487,18.9314],[77.8411,18.9215],[77.8566,18.9061],[77.8693,18.9103],[77.8816,18.9085],[77.8826,18.8964],[77.8877,18.8851],[77.8992,18.8679],[77.9253,18.8592],[77.9296,18.8465],[77.9441,18.8423],[77.9426,18.8223],[77.9287,18.8217],[77.9076,18.8295],[77.8592,18.8141],[77.8375,18.8075],[77.8276,18.786],[77.8232,18.7685],[77.8104,18.7402],[77.8027,18.7292],[77.8022,18.7161],[77.7865,18.6943],[77.7694,18.6906],[77.7644,18.7079],[77.7499,18.6978],[77.7447,18.6839],[77.7329,18.676],[77.7281,18.6642],[77.7301,18.6481],[77.736,18.6309],[77.7481,18.6053],[77.7472,18.5891],[77.7354,18.5632],[77.7279,18.5515],[77.7124,18.5544],[77.6827,18.5408],[77.6621,18.5333],[77.6453,18.5363],[77.6522,18.5496],[77.6405,18.5539],[77.6163,18.5487],[77.5973,18.5475],[77.5982,18.535],[77.5933,18.5231],[77.5871,18.5098],[77.5939,18.4939],[77.6038,18.4853],[77.5931,18.4735],[77.5765,18.4838],[77.5706,18.4669],[77.5581,18.4653],[77.5462,18.4634],[77.5591,18.458],[77.5836,18.4536],[77.5741,18.4393],[77.5602,18.435],[77.5464,18.4406],[77.5345,18.4424],[77.5259,18.4274],[77.5441,18.4204],[77.5493,18.3877],[77.5305,18.3758],[77.5214,18.3647],[77.5195,18.3493],[77.5273,18.3394],[77.5422,18.3339],[77.5669,18.3179],[77.555,18.2983],[77.5396,18.2938],[77.5239,18.303],[77.5095,18.3067],[77.5126,18.282],[77.4977,18.2733],[77.4803,18.2687],[77.4692,18.2632],[77.4508,18.266],[77.4449,18.2772],[77.4346,18.293],[77.4364,18.3065],[77.4078,18.2996],[77.3926,18.3009],[77.3813,18.306],[77.3625,18.3083],[77.3554,18.3185],[77.367,18.3223],[77.378,18.3287],[77.3862,18.3382],[77.3983,18.3475],[77.3918,18.3659],[77.4079,18.3785],[77.4005,18.3978],[77.3698,18.4007],[77.3644,18.4298],[77.3696,18.4477],[77.3541,18.4487],[77.3453,18.4344],[77.3334,18.4419],[77.3256,18.4551],[77.3133,18.4394],[77.2948,18.4327],[77.2646,18.4184],[77.2491,18.4083],[77.2364,18.3998],[77.2329,18.3861],[77.245,18.3706],[77.2308,18.3656],[77.2214,18.3472],[77.2169,18.3249],[77.21,18.3137],[77.1954,18.3127],[77.1976,18.2955],[77.2062,18.278],[77.1917,18.2743],[77.1778,18.2819],[77.1674,18.2735],[77.1657,18.2559],[77.1514,18.2379],[77.1477,18.2214],[77.1395,18.2072],[77.121,18.2067],[77.1066,18.2018],[77.0955,18.1951],[77.1163,18.1676],[77.1089,18.1527],[77.0966,18.1581],[77.0862,18.1503],[77.0691,18.1494],[77.0577,18.1559],[77.0494,18.1732],[77.0381,18.1813],[77.0217,18.1782],[77.024,18.1627],[76.9978,18.1668],[76.993,18.1821],[76.9806,18.1894],[76.9588,18.1861],[76.951,18.1725],[76.9438,18.1547],[76.9254,18.1448],[76.93,18.1323],[76.9223,18.1202],[76.9322,18.111],[76.9534,18.1101],[76.9683,18.0971],[76.9548,18.0854],[76.947,18.0738],[76.9506,18.0583],[76.9486,18.0457],[76.9386,18.0372],[76.9177,18.0332],[76.9202,18.0138],[76.9182,18.0019],[76.9196,17.9854],[76.9182,17.9729],[76.9173,17.9605],[76.9132,17.9372],[76.9183,17.9231],[76.9002,17.9147],[76.8924,17.9029],[76.8812,17.8931],[76.8538,17.8978],[76.8318,17.8907],[76.8204,17.8845],[76.8082,17.8831],[76.8063,17.8705],[76.7746,17.877],[76.7701,17.8924],[76.743,17.899],[76.7396,17.8836],[76.7375,17.8571],[76.7546,17.8566],[76.7643,17.8495],[76.7797,17.8363],[76.7882,17.8265],[76.7814,17.8151],[76.7763,17.7994],[76.7628,17.7871],[76.7489,17.7864],[76.7246,17.7851],[76.7124,17.7751],[76.7191,17.7613],[76.718,17.7479],[76.7276,17.737],[76.7035,17.7291],[76.7008,17.7073],[76.6912,17.6981],[76.6906,17.68],[76.6781,17.6873],[76.6631,17.6879],[76.6581,17.7085],[76.6508,17.7208],[76.6374,17.7241],[76.6298,17.7419],[76.627,17.756],[76.6144,17.7683],[76.6041,17.7558],[76.5988,17.728],[76.587,17.7079],[76.5732,17.7022],[76.5681,17.7398],[76.5646,17.7537],[76.5382,17.7589],[76.5237,17.7589],[76.525,17.7347],[76.5236,17.7152],[76.511,17.7159],[76.4923,17.7149],[76.4856,17.6927],[76.4846,17.6696],[76.4523,17.6555],[76.4408,17.6494],[76.4287,17.6444],[76.4258,17.6283],[76.4207,17.6142],[76.3821,17.6008],[76.3595,17.5963],[76.3364,17.596],[76.3329,17.5738],[76.3372,17.5552],[76.34,17.5426],[76.3548,17.5387],[76.3646,17.5285],[76.356,17.5134],[76.3437,17.5081],[76.3435,17.4944],[76.3666,17.4953],[76.35,17.4721],[76.3378,17.4704],[76.3337,17.4323],[76.3639,17.4356],[76.3699,17.423],[76.37,17.4079],[76.362,17.3751],[76.4081,17.3693],[76.4105,17.3541],[76.402,17.344],[76.3839,17.3195],[76.3594,17.3103],[76.3506,17.3277],[76.3436,17.3499],[76.317,17.3454],[76.3184,17.3318],[76.305,17.3285],[76.2858,17.3304],[76.2726,17.3479],[76.2649,17.3582],[76.25,17.3579],[76.2444,17.3747],[76.2304,17.3703],[76.2035,17.3588],[76.1829,17.3565],[76.1723,17.3487],[76.1735,17.3322],[76.1789,17.3139],[76.1758,17.2972],[76.1638,17.3003],[76.1642,17.3193],[76.1631,17.3409],[76.1457,17.3479],[76.1212,17.3663],[76.102,17.3623],[76.0928,17.3544],[76.087,17.3384],[76.0735,17.3323],[76.0632,17.3519],[76.0367,17.349],[76.0213,17.3493],[76.0091,17.3475],[76.0003,17.3377],[75.9807,17.3362],[75.9598,17.3338],[75.9417,17.3249],[75.9162,17.339],[75.8981,17.3508],[75.8964,17.37],[75.8964,17.395],[75.8903,17.4136],[75.8784,17.4165],[75.8789,17.4003],[75.8649,17.3864],[75.856,17.4077],[75.8389,17.4205],[75.8247,17.4228],[75.8203,17.4066],[75.8177,17.388],[75.8151,17.3738],[75.8023,17.3701],[75.7823,17.3788],[75.7698,17.4068],[75.7505,17.4129],[75.737,17.4219],[75.7224,17.4118],[75.7081,17.4083],[75.6912,17.4126],[75.6808,17.4362],[75.6808,17.454],[75.6623,17.4597],[75.6496,17.4734],[75.6356,17.4775],[75.6313,17.4612],[75.6187,17.4391],[75.6154,17.422],[75.615,17.4096],[75.6158,17.3919],[75.6033,17.3899],[75.5882,17.383],[75.5841,17.3513],[75.5981,17.3451],[75.6131,17.3423],[75.616,17.3288],[75.606,17.3033],[75.6247,17.2938],[75.6311,17.2798],[75.6575,17.2706],[75.6609,17.24],[75.6628,17.2279],[75.6639,17.2138],[75.6436,17.1941],[75.6307,17.1862],[75.628,17.1701],[75.6427,17.1476],[75.6497,17.1332],[75.6536,17.1131],[75.6741,17.1136],[75.6755,17.1011],[75.6774,17.0877],[75.6811,17.0711],[75.671,17.0616],[75.6544,17.0551],[75.6438,17.0364],[75.6622,17.0324],[75.6731,17.0262],[75.6705,16.9988],[75.6687,16.9832],[75.6746,16.9694],[75.6637,16.9579],[75.6496,16.952],[75.6394,16.9592],[75.621,16.9678],[75.6097,16.9989],[75.5994,17.0052],[75.5758,17.0078],[75.5703,16.9636],[75.5428,16.9631],[75.53,16.9658],[75.517,16.9519],[75.5019,16.9454],[75.4918,16.9578],[75.4825,16.976],[75.4686,16.9796],[75.4535,16.9827],[75.4389,16.9709],[75.4168,16.9695],[75.3948,16.9764],[75.3717,16.9687],[75.3596,16.9569],[75.3453,16.9525],[75.3061,16.9547],[75.2884,16.9548],[75.2836,16.9429],[75.2856,16.9094],[75.2875,16.8832],[75.2683,16.8609],[75.2487,16.8645],[75.2357,16.8542],[75.23,16.8409],[75.2159,16.8403],[75.1883,16.8409],[75.189,16.8619],[75.1718,16.8648],[75.1505,16.8694],[75.1384,16.8783],[75.1384,16.8929],[75.1236,16.9004],[75.1069,16.9095],[75.0947,16.9212],[75.0941,16.9472],[75.0654,16.9393],[75.0508,16.9397],[75.0345,16.9287],[75.0303,16.9415],[75.0114,16.9426],[74.9945,16.935],[74.9814,16.9306],[74.9695,16.9359],[74.958,16.9291],[74.9384,16.941],[74.927,16.9256],[74.9382,16.9165],[74.948,16.9092],[74.9673,16.9054],[74.9641,16.8779],[74.9486,16.8801],[74.9371,16.8692],[74.912,16.8559],[74.9133,16.8414],[74.9158,16.8102],[74.9159,16.7857],[74.9238,16.77],[74.907,16.7698],[74.8926,16.7687],[74.8684,16.7711],[74.855,16.7708],[74.8041,16.7508],[74.7911,16.7481],[74.779,16.7486],[74.7694,16.7395],[74.7561,16.7296],[74.7366,16.7158],[74.7224,16.7133],[74.7078,16.7131],[74.6959,16.7105],[74.695,16.6924],[74.6875,16.6817],[74.6717,16.6635],[74.6605,16.6376],[74.6739,16.6285],[74.6853,16.6199],[74.6946,16.6108],[74.6786,16.6066],[74.6639,16.6011],[74.6517,16.607],[74.6397,16.5995],[74.6405,16.5819],[74.627,16.5809],[74.617,16.568],[74.6048,16.5621],[74.5918,16.5607],[74.5815,16.5518],[74.5691,16.5564],[74.5591,16.5671],[74.5698,16.5812],[74.5546,16.5924],[74.5502,16.609],[74.5514,16.6332],[74.5301,16.6306],[74.5103,16.6315],[74.498,16.6266],[74.4898,16.6361],[74.4813,16.6541],[74.4648,16.653],[74.4645,16.634],[74.4714,16.6218],[74.4725,16.6048],[74.447,16.6003],[74.4335,16.5944],[74.4288,16.5827],[74.4137,16.5802],[74.4022,16.5747],[74.4011,16.5609],[74.3957,16.5357],[74.3854,16.5274],[74.3711,16.5377],[74.3629,16.5486],[74.3461,16.5464],[74.3322,16.5537],[74.3222,16.5445],[74.3232,16.5322],[74.3227,16.519],[74.3239,16.5063],[74.3116,16.5069],[74.3085,16.5219],[74.2976,16.5319],[74.2896,16.5226],[74.2882,16.5395],[74.2764,16.5445],[74.2755,16.5252],[74.2844,16.5165],[74.2858,16.5034],[74.2631,16.499],[74.2645,16.4855],[74.2784,16.4796],[74.2833,16.496],[74.2999,16.5026],[74.2976,16.4816],[74.2964,16.4667],[74.3071,16.4596],[74.3219,16.45],[74.3356,16.4531],[74.3425,16.4423],[74.3438,16.4255],[74.3382,16.4134],[74.3427,16.4005],[74.3595,16.404],[74.3691,16.3943],[74.3596,16.3788],[74.3617,16.3647],[74.3511,16.3768],[74.3458,16.3895],[74.3347,16.3829],[74.3278,16.3703],[74.3322,16.357],[74.3344,16.3405],[74.3273,16.3292],[74.34,16.3169],[74.3423,16.3051],[74.3487,16.2915],[74.3364,16.2902],[74.3287,16.2794],[74.3338,16.2681],[74.3495,16.2733],[74.3599,16.2796],[74.3533,16.2918],[74.3696,16.2907],[74.3874,16.2903],[74.3913,16.2756],[74.418,16.2809],[74.4208,16.2639],[74.4363,16.2548],[74.4612,16.2484],[74.4732,16.2385],[74.4841,16.2467],[74.4948,16.238],[74.5083,16.2229],[74.5032,16.2116],[74.5133,16.2012],[74.5129,16.1883],[74.4978,16.1813],[74.4953,16.169],[74.4947,16.155],[74.4871,16.1431],[74.4971,16.1124],[74.4935,16.0986],[74.4891,16.0873],[74.478,16.0919],[74.4645,16.1021],[74.4445,16.1052],[74.4228,16.1026],[74.4152,16.0918],[74.3973,16.0871],[74.3868,16.0781],[74.3751,16.0634],[74.3682,16.053],[74.3801,16.0548],[74.3782,16.0393],[74.3901,16.0351],[74.4093,16.0453],[74.4229,16.0532],[74.4363,16.0567],[74.448,16.0524],[74.4638,16.0477],[74.4677,16.0336],[74.4564,16.0089],[74.4497,15.9985],[74.4485,15.9864],[74.4439,15.9743],[74.4352,15.9512],[74.4123,15.9252],[74.402,15.9111],[74.3919,15.9012],[74.4016,15.8873],[74.3992,15.8743],[74.4122,15.8576],[74.4031,15.849],[74.3923,15.8574],[74.3856,15.8732],[74.3766,15.8849],[74.3674,15.8732],[74.353,15.8592],[74.3874,15.8471],[74.3863,15.8333],[74.3745,15.8275],[74.3664,15.8155],[74.3745,15.8045],[74.3708,15.7822],[74.3509,15.7634],[74.3345,15.7677],[74.3241,15.7565],[74.313,15.7483],[74.2922,15.7393],[74.274,15.7531],[74.2589,15.7434],[74.2439,15.7444],[74.2352,15.754],[74.2403,15.7808],[74.2273,15.7857],[74.2174,15.7788],[74.2146,15.766],[74.2044,15.7534],[74.1712,15.75],[74.1601,15.7343],[74.1474,15.7301],[74.1349,15.7222],[74.1355,15.7093],[74.1404,15.6946],[74.1336,15.6784],[74.1175,15.6708],[74.1006,15.6723],[74.1045,15.6592],[74.1214,15.6537],[74.1126,15.6431],[74.0806,15.6262],[74.0677,15.6247],[74.0393,15.6209],[74.0356,15.6093],[74.0132,15.6093],[73.9987,15.6111],[73.9902,15.6206],[73.976,15.6289],[73.9693,15.6443],[73.9757,15.6598],[73.9722,15.6767],[73.9657,15.695],[73.956,15.7048],[73.9559,15.7169],[73.9498,15.7326],[73.9242,15.7428],[73.9086,15.7423],[73.8859,15.7473],[73.8843,15.7646],[73.8802,15.7774],[73.8759,15.7932],[73.8616,15.7939],[73.8558,15.7833],[73.8472,15.7661],[73.8403,15.7562],[73.833,15.7378],[73.8204,15.7399],[73.8028,15.7322],[73.7932,15.7237],[73.7758,15.7305],[73.7582,15.7328],[73.7441,15.7256],[73.7323,15.7206],[73.7186,15.7216],[73.7066,15.7217],[73.6919,15.7269],[73.6801,15.7244],[73.6704,15.7315],[73.661,15.739],[73.651,15.7457],[73.6615,15.7521],[73.674,15.7526],[73.6632,15.7582],[73.661,15.771],[73.6565,15.7826],[73.6568,15.7963],[73.6476,15.8043],[73.6393,15.8132],[73.6371,15.8257],[73.6324,15.8368],[73.6279,15.8485],[73.6212,15.8585],[73.6104,15.864],[73.6062,15.8754],[73.5996,15.886],[73.5954,15.8974],[73.589,15.9076],[73.5774,15.9115],[73.5671,15.9185],[73.5565,15.9246],[73.546,15.9307],[73.5351,15.9376],[73.5229,15.9376],[73.5107,15.9368],[73.5057,15.9482],[73.5054,15.9604],[73.4996,15.9712],[73.4926,15.981],[73.4887,15.9924],[73.4899,16.0071],[73.4885,16.0193],[73.4843,16.0315],[73.4785,16.0421],[73.4688,16.0499],[73.4565,16.0532],[73.4621,16.0643],[73.4649,16.0776],[73.4621,16.0896],[73.4587,16.1015],[73.4579,16.1165],[73.4549,16.1282],[73.4521,16.1418],[73.4493,16.1535],[73.4457,16.1663],[73.4424,16.1779],[73.4396,16.1896],[73.4357,16.201],[73.4468,16.2057],[73.446,16.2179],[73.4396,16.2076],[73.431,16.199],[73.4271,16.2107],[73.4249,16.224],[73.421,16.2354],[73.4168,16.2468],[73.4143,16.2588],[73.4115,16.2715],[73.4149,16.2832],[73.4271,16.2832],[73.4176,16.291],[73.4115,16.2804],[73.4068,16.2921],[73.3993,16.3015],[73.3949,16.3132],[73.3949,16.3254],[73.3874,16.3351],[73.3904,16.3476],[73.3876,16.3599],[73.399,16.3557],[73.4107,16.3585],[73.3982,16.3599],[73.3865,16.3632],[73.3724,16.3599],[73.3721,16.3735],[73.3699,16.3857],[73.3815,16.389],[73.3932,16.3921],[73.4049,16.3949],[73.3943,16.4007],[73.3826,16.3979],[73.3699,16.396],[73.3651,16.4076],[73.3618,16.4199],[73.3593,16.4324],[73.3565,16.4446],[73.3476,16.4529],[73.3435,16.4646],[73.3418,16.4776],[73.3332,16.486],[73.3296,16.4979],[73.3265,16.5102],[73.3185,16.5199],[73.3163,16.5321],[73.3143,16.5449],[73.3182,16.5565],[73.3315,16.5565],[73.3401,16.5474],[73.346,16.534],[73.3524,16.5235],[73.3629,16.5176],[73.3543,16.5088],[73.366,16.5122],[73.3788,16.5118],[73.3704,16.5204],[73.3596,16.5257],[73.3543,16.5376],[73.3662,16.5396],[73.354,16.5421],[73.3471,16.5524],[73.3593,16.5524],[73.3729,16.5507],[73.3843,16.5546],[73.3721,16.5524],[73.3601,16.5549],[73.3549,16.566],[73.3426,16.5662],[73.3429,16.5785],[73.3304,16.5774],[73.3229,16.5879],[73.319,16.5993],[73.3282,16.6076],[73.3399,16.6043],[73.3487,16.596],[73.341,16.6054],[73.351,16.6124],[73.3521,16.6246],[73.3401,16.6213],[73.3399,16.6334],[73.3299,16.6415],[73.3329,16.6535],[73.3318,16.6674],[73.3296,16.6796],[73.3249,16.6907],[73.3174,16.7004],[73.3154,16.7126],[73.3099,16.7238],[73.3062,16.7354],[73.3068,16.7474],[73.3054,16.7607],[73.3074,16.7735],[73.3099,16.7857],[73.3174,16.7951],[73.3201,16.8068],[73.3307,16.8126],[73.3187,16.8099],[73.3035,16.8088],[73.2954,16.819],[73.2943,16.831],[73.2918,16.8429],[73.2926,16.8554],[73.2937,16.8676],[73.2868,16.8782],[73.294,16.8879],[73.3063,16.8893],[73.2971,16.8971],[73.2854,16.8926],[73.2793,16.9032],[73.2854,16.914],[73.2824,16.9257],[73.2865,16.9371],[73.2818,16.9496],[73.2918,16.9563],[73.2937,16.9696],[73.2943,16.986],[73.2829,16.9899],[73.271,16.9865],[73.269,16.9993],[73.281,17.0007],[73.2835,17.0126],[73.2771,17.0229],[73.2651,17.0215],[73.2543,17.0271],[73.2571,17.0399],[73.2679,17.0454],[73.2757,17.036],[73.2774,17.024],[73.2899,17.0218],[73.2862,17.0093],[73.2926,17.0196],[73.286,17.0299],[73.2937,17.0399],[73.3049,17.0343],[73.3171,17.0368],[73.3051,17.0371],[73.2951,17.0438],[73.2829,17.0432],[73.2876,17.0543],[73.2882,17.0665],[73.296,17.0757],[73.284,17.079],[73.2846,17.091],[73.2846,17.1035],[73.2749,17.1135],[73.2712,17.1251],[73.2682,17.1374],[73.2649,17.149],[73.2613,17.1612],[73.2585,17.1743],[73.2537,17.1854],[73.2426,17.1912],[73.2321,17.1974],[73.2443,17.1968],[73.2462,17.2087],[73.2446,17.2207],[73.2346,17.2276],[73.2332,17.2396],[73.224,17.2474],[73.2213,17.2593],[73.2168,17.271],[73.2046,17.2685],[73.2012,17.2801],[73.1974,17.2926],[73.191,17.3043],[73.2026,17.3007],[73.2154,17.3026],[73.2235,17.2935],[73.226,17.2815],[73.2354,17.2893],[73.2393,17.3007],[73.2424,17.3124],[73.2321,17.3193],[73.2221,17.326],[73.2257,17.3376],[73.2157,17.3446],[73.2199,17.3565],[73.216,17.3679],[73.2099,17.3787],[73.201,17.3874],[73.1888,17.3851],[73.1765,17.3874],[73.171,17.3982],[73.1785,17.4082],[73.1854,17.4182],[73.1868,17.4307],[73.1974,17.4374],[73.186,17.4418],[73.1843,17.454],[73.1921,17.4635],[73.1904,17.4754],[73.1862,17.4868],[73.1826,17.4988],[73.1796,17.5107],[73.1704,17.5188],[73.1632,17.5285],[73.1518,17.5338],[73.1443,17.5432],[73.1387,17.554],[73.1399,17.5679],[73.1515,17.5735],[73.1632,17.5685],[73.1674,17.5801],[73.1621,17.5912],[73.1513,17.5985],[73.1415,17.6057],[73.1354,17.6162],[73.1332,17.6282],[73.1274,17.6388],[73.1349,17.6482],[73.128,17.6585],[73.1207,17.6682],[73.116,17.6793],[73.114,17.6915],[73.1229,17.7004],[73.1332,17.7068],[73.1335,17.7213],[73.1285,17.7326],[73.1251,17.7446],[73.1215,17.7563],[73.1171,17.7676],[73.1129,17.7796],[73.1082,17.7907],[73.1032,17.8029],[73.0943,17.8113],[73.0946,17.8237],[73.0888,17.8343],[73.0993,17.8407],[73.1099,17.8349],[73.1229,17.8354],[73.1321,17.8276],[73.1235,17.8368],[73.1113,17.8363],[73.1004,17.8418],[73.0888,17.8454],[73.0843,17.8571],[73.0801,17.8685],[73.0751,17.8796],[73.0715,17.8918],[73.0596,17.8943],[73.0518,17.9037],[73.0549,17.9157],[73.0521,17.9274],[73.0654,17.9268],[73.076,17.9329],[73.0868,17.939],[73.0754,17.9346],[73.0618,17.9329],[73.0476,17.9324],[73.0362,17.9368],[73.0293,17.9468],[73.0301,17.9596],[73.0338,17.9713],[73.0387,17.9826],[73.0299,17.991],[73.0179,17.991],[73.0176,18.004],[73.0079,18.0115],[73.0082,18.0235],[73.0207,18.024],[73.0313,18.0298],[73.0393,18.039],[73.0282,18.0338],[73.0263,18.0457],[73.0387,18.0493],[73.0263,18.0493],[73.0199,18.0385],[73.0096,18.0451],[73.0021,18.0546],[72.9901,18.0549],[72.9935,18.0665],[73.0024,18.0746],[72.9954,18.0849],[72.9915,18.0963],[72.9826,18.1051],[72.9768,18.116],[72.9721,18.1276],[72.981,18.1365],[72.9857,18.1485],[72.9904,18.1599],[72.9851,18.171],[72.9818,18.1829],[72.9876,18.1935],[72.9771,18.1996],[72.9674,18.2068],[72.9593,18.2157],[72.9485,18.2218],[72.9374,18.2171],[72.9346,18.229],[72.9404,18.2399],[72.9424,18.2518],[72.9396,18.2643],[72.9368,18.276],[72.946,18.2849],[72.9563,18.2776],[72.9682,18.2751],[72.9715,18.2635],[72.9732,18.2515],[72.9815,18.2421],[72.9932,18.2463],[73.0054,18.2451],[73.0179,18.2457],[73.0287,18.2401],[73.041,18.2357],[73.0529,18.2318],[73.064,18.2268],[73.0701,18.2157],[73.0671,18.204],[73.0568,18.1974],[73.0565,18.1854],[73.0651,18.1768],[73.069,18.1654],[73.0804,18.1615],[73.0863,18.1507],[73.0863,18.1629],[73.0807,18.174],[73.071,18.1812],[73.0615,18.1888],[73.0707,18.1974],[73.0765,18.2087],[73.0807,18.2215],[73.0782,18.2337],[73.069,18.2418],[73.0615,18.2524],[73.0674,18.2629],[73.0646,18.2746],[73.0526,18.2799],[73.0476,18.291],[73.0471,18.3032],[73.0607,18.3001],[73.0729,18.2988],[73.0832,18.2921],[73.0826,18.3049],[73.0849,18.3168],[73.0851,18.3296],[73.0793,18.3176],[73.0718,18.3079],[73.0599,18.3035],[73.0485,18.3074],[73.0393,18.2996],[73.0437,18.2876],[73.0504,18.2774],[73.0437,18.2665],[73.0315,18.2663],[73.0204,18.2718],[73.0146,18.2824],[73.0004,18.2843],[72.994,18.2735],[72.9904,18.2854],[72.9832,18.2951],[72.9732,18.3018],[72.966,18.3115],[72.959,18.3213],[72.9529,18.3337],[72.944,18.3418],[72.9351,18.3499],[72.9221,18.349],[72.9146,18.359],[72.9151,18.371],[72.9251,18.3779],[72.9251,18.3901],[72.9134,18.3932],[72.9065,18.4035],[72.9076,18.4157],[72.9054,18.4276],[72.9054,18.441],[72.9007,18.4524],[72.8949,18.4638],[72.9004,18.4746],[72.9013,18.4876],[72.9037,18.4999],[72.9112,18.5093],[72.911,18.5218],[72.9071,18.5332],[72.9187,18.5301],[72.9285,18.5418],[72.9229,18.5529],[72.9174,18.564],[72.9115,18.5746],[72.9082,18.5863],[72.9015,18.5963],[72.896,18.6074],[72.8904,18.6185],[72.8851,18.6299],[72.896,18.6357],[72.8843,18.6413],[72.8726,18.6385],[72.866,18.649],[72.8632,18.6607],[72.8626,18.6738],[72.8601,18.6876],[72.856,18.699],[72.8613,18.7104],[72.8643,18.7318],[72.8626,18.7443],[72.8657,18.7563],[72.8651,18.7685],[72.8632,18.7804],[72.8637,18.7935],[72.869,18.8043],[72.8812,18.804],[72.8926,18.799],[72.9046,18.8013],[72.9143,18.7921],[72.9238,18.7999],[72.9302,18.8101],[72.9354,18.821],[72.9474,18.8204],[72.9532,18.8096],[72.9593,18.799],[72.9685,18.7912],[72.9771,18.7996],[72.9824,18.8104],[72.9796,18.8221],[72.9835,18.834],[72.981,18.846],[72.9849,18.8577],[72.9729,18.8593],[72.9624,18.8532],[72.9515,18.8479],[72.9393,18.8485],[72.9276,18.8515],[72.9238,18.8635],[72.9174,18.874],[72.9104,18.8838],[72.9085,18.8971],[72.9168,18.906],[72.9285,18.9112],[72.9365,18.9021],[72.9451,18.911],[72.9571,18.9079],[72.9613,18.9196],[72.9538,18.929],[72.9457,18.9396],[72.944,18.9515],[72.9493,18.9624],[72.9551,18.9732],[72.9668,18.9668],[72.9793,18.9626],[72.9901,18.9682],[73.0024,18.9713],[73.0126,18.9779],[73.0199,18.9876],[73.031,18.9926],[73.0238,19.0024],[73.0118,18.999],[73.0021,19.0063],[73.0021,19.0185],[73.0029,19.031],[72.999,19.0438],[72.9946,19.0554],[72.9849,19.0626],[72.9726,19.0607],[72.9621,19.0518],[72.961,19.0396],[72.9557,19.0287],[72.9465,19.0204],[72.9362,19.0138],[72.9265,19.0065],[72.9137,18.9996],[72.9054,18.9904],[72.896,18.9982],[72.8857,19.0076],[72.8732,19.0068],[72.8621,19.0018],[72.8574,18.9901],[72.8526,18.9787],[72.8507,18.9668],[72.8474,18.9549],[72.8457,18.9415],[72.8443,18.929],[72.8351,18.9212],[72.8279,18.9115],[72.8185,18.9035],[72.8118,18.8932],[72.804,18.9024],[72.8071,18.914],[72.8185,18.9182],[72.8215,18.9301],[72.8232,18.9424],[72.8157,18.9518],[72.8038,18.9501],[72.7954,18.9412],[72.7937,18.9535],[72.801,18.9632],[72.8049,18.9749],[72.814,18.9829],[72.8118,18.996],[72.8138,19.0096],[72.8154,19.024],[72.8265,19.0185],[72.8351,19.0274],[72.8382,19.0393],[72.8265,19.044],[72.8238,19.056],[72.821,19.0679],[72.8262,19.0799],[72.8268,19.094],[72.824,19.106],[72.8204,19.1176],[72.8146,19.1282],[72.8068,19.1376],[72.8065,19.1496],[72.8157,19.1579],[72.8251,19.166],[72.831,19.1765],[72.8199,19.1715],[72.8126,19.1618],[72.8046,19.1527],[72.8001,19.1415],[72.7946,19.1307],[72.7876,19.1415],[72.7865,19.1535],[72.781,19.1643],[72.791,19.171],[72.7962,19.1824],[72.7965,19.1946],[72.8026,19.2051],[72.8107,19.2143],[72.8165,19.2249],[72.8238,19.2346],[72.8285,19.2457],[72.8396,19.2507],[72.8357,19.2621],[72.8307,19.2504],[72.8215,19.2421],[72.8157,19.2313],[72.8065,19.2235],[72.7999,19.2129],[72.7921,19.2026],[72.7857,19.1924],[72.7851,19.2051],[72.781,19.2165],[72.779,19.2288],[72.7807,19.241],[72.7826,19.2532],[72.7838,19.2654],[72.7793,19.2771],[72.784,19.2885],[72.7843,19.3026],[72.7932,19.3113],[72.7965,19.3232],[72.7949,19.3351],[72.7868,19.344],[72.7776,19.3518],[72.7712,19.3621],[72.7624,19.3704],[72.7582,19.3826],[72.766,19.3918],[72.7615,19.4054],[72.7596,19.4179],[72.7557,19.4293],[72.7518,19.4412],[72.7474,19.4524],[72.7454,19.4643],[72.7538,19.4732],[72.7654,19.4774],[72.7749,19.4849],[72.7799,19.496],[72.7787,19.5088],[72.7857,19.5188],[72.7787,19.5287],[72.7835,19.5163],[72.7751,19.5076],[72.7632,19.5051],[72.7521,19.5099],[72.7415,19.516],[72.7349,19.5265],[72.7251,19.5335],[72.7171,19.544],[72.7215,19.5557],[72.7199,19.5676],[72.7171,19.5793],[72.7143,19.591],[72.7257,19.5949],[72.7374,19.5976],[72.7307,19.6085],[72.7274,19.621],[72.7199,19.6304],[72.7146,19.6413],[72.7115,19.6529],[72.7107,19.6668],[72.7071,19.679],[72.7096,19.6912],[72.7104,19.7038],[72.7051,19.7146],[72.6968,19.7238],[72.7087,19.7262],[72.7124,19.7418],[72.7168,19.7535],[72.7107,19.7424],[72.7007,19.7321],[72.6915,19.7399],[72.6865,19.7518],[72.6865,19.7638],[72.6879,19.7763],[72.6879,19.7887],[72.6896,19.8007],[72.681,19.8093],[72.6729,19.8185],[72.6599,19.821],[72.6532,19.831],[72.6549,19.844],[72.651,19.8554],[72.6626,19.8521],[72.6738,19.8565],[72.681,19.8663],[72.6818,19.8801],[72.6815,19.8924],[72.6765,19.904],[72.6776,19.9163],[72.6712,19.9265],[72.6715,19.9385],[72.6824,19.944],[72.6879,19.9549],[72.6996,19.9607],[72.7101,19.9682],[72.7221,19.9665],[72.7307,19.9571],[72.7324,19.9451],[72.7454,19.9415],[72.7538,19.9326],[72.7468,19.944],[72.7357,19.949],[72.7329,19.9607],[72.7243,19.9693],[72.719,19.9804],[72.7221,19.9929],[72.7207,20.0057],[72.7179,20.0176],[72.7157,20.0299],[72.7149,20.0426],[72.7113,20.0546],[72.709,20.0665],[72.711,20.0788],[72.7249,20.081],[72.729,20.0924],[72.734,20.1038],[72.7382,20.1184],[72.7376,20.1326],[72.7546,20.133],[72.7745,20.1308],[72.7876,20.1301],[72.8018,20.125],[72.8013,20.1378],[72.8054,20.15],[72.826,20.1463],[72.8336,20.1836],[72.8497,20.1893],[72.8461,20.2036],[72.8644,20.2086],[72.8719,20.2226],[72.8843,20.2266],[72.8998,20.2217],[72.9168,20.2248],[72.9418,20.2178],[72.9608,20.214],[72.9759,20.1896],[72.986,20.1765],[72.9862,20.1627],[72.9732,20.1308],[72.9853,20.1135],[73.0043,20.1179],[73.0076,20.1325],[73.0102,20.1104],[73.0247,20.0963],[73.0318,20.0844],[73.0453,20.0718],[73.0592,20.0679],[73.058,20.0967],[73.0782,20.0953],[73.0984,20.0937],[73.1104,20.0846],[73.1231,20.0779],[73.1367,20.0853],[73.1567,20.074],[73.1702,20.0656],[73.1814,20.0516],[73.1989,20.0623],[73.198,20.0778],[73.2139,20.0906],[73.2177,20.1063],[73.2163,20.122],[73.2303,20.1282],[73.2326,20.1406],[73.2381,20.1281],[73.2536,20.1285],[73.265,20.1338],[73.2835,20.1458],[73.2936,20.1539],[73.2907,20.1744],[73.2941,20.1939],[73.3111,20.2072],[73.3279,20.2025],[73.3481,20.1991],[73.3593,20.2091],[73.3669,20.1963],[73.3763,20.2053],[73.3885,20.2063],[73.3981,20.196],[73.4168,20.2003],[73.4299,20.2062],[73.4261,20.2236],[73.4228,20.2368],[73.4216,20.2537],[73.4244,20.2691],[73.4362,20.279],[73.4308,20.298],[73.4285,20.3119],[73.4254,20.3377],[73.4234,20.3521],[73.4148,20.3816],[73.3981,20.3747],[73.3913,20.3902],[73.4076,20.3963],[73.4131,20.4078],[73.4297,20.4144],[73.4308,20.4288],[73.4379,20.4457],[73.449,20.4667],[73.4611,20.4781],[73.4698,20.4923],[73.4723,20.514],[73.4847,20.5257],[73.4973,20.5362],[73.4818,20.5434],[73.4858,20.5641],[73.4837,20.5784],[73.4686,20.5888],[73.4548,20.5946],[73.4404,20.5951],[73.4338,20.6147],[73.416,20.6262],[73.4113,20.6386],[73.4016,20.6492],[73.415,20.656],[73.4304,20.6609],[73.4433,20.6744],[73.4529,20.683],[73.4473,20.7011],[73.4587,20.7143],[73.4752,20.7217],[73.4842,20.7091],[73.4934,20.6943],[73.4972,20.681],[73.4878,20.6721],[73.4955,20.6627],[73.5079,20.6586],[73.5178,20.6701],[73.5304,20.6731],[73.5448,20.6692],[73.5537,20.6553],[73.5629,20.6474],[73.5842,20.6479],[73.6028,20.6379],[73.6222,20.6253],[73.6295,20.6123],[73.6351,20.5917],[73.6368,20.5793],[73.6509,20.5764],[73.6619,20.5657],[73.6762,20.5642],[73.6924,20.5753],[73.7096,20.5745],[73.7243,20.5758],[73.7377,20.574],[73.7482,20.5674],[73.7639,20.5833],[73.7757,20.5888],[73.7871,20.6023],[73.8024,20.6058],[73.8166,20.6094],[73.8307,20.6149],[73.8464,20.6235],[73.8431,20.6444],[73.8471,20.6564],[73.8415,20.6751],[73.8254,20.6736],[73.8226,20.6938],[73.8336,20.6996],[73.8636,20.6943],[73.8736,20.7077],[73.8773,20.7213],[73.8889,20.7311],[73.9038,20.7306],[73.9209,20.7235],[73.9351,20.7346],[73.9495,20.7423],[73.9472,20.7608],[73.9381,20.7897],[73.9411,20.8038],[73.9463,20.8187],[73.9451,20.8401],[73.9337,20.845],[73.9301,20.8601],[73.9312,20.8766],[73.9273,20.8991],[73.9203,20.9112],[73.9096,20.9214],[73.8963,20.933],[73.8951,20.9465],[73.9018,20.9617],[73.9154,20.9648],[73.9064,20.9832],[73.8792,20.9865],[73.8572,20.9977],[73.8408,20.9931],[73.8275,20.9961],[73.814,21.0008],[73.8077,21.0226],[73.7938,21.0198],[73.7749,21.0105],[73.7756,21.0276],[73.7661,21.0401],[73.7476,21.04],[73.7422,21.0555],[73.7408,21.0729],[73.7405,21.0849],[73.7495,21.1077],[73.7389,21.1013],[73.7148,21.1072],[73.7106,21.119],[73.7032,21.109],[73.6934,21.101],[73.6789,21.1093],[73.6599,21.1084],[73.6577,21.121],[73.6455,21.123],[73.6287,21.1201],[73.6236,21.138],[73.6142,21.147],[73.6049,21.1551],[73.5923,21.1529],[73.5883,21.1679],[73.5982,21.1747],[73.6132,21.1761],[73.6147,21.1635],[73.6375,21.1531],[73.6364,21.1327],[73.6715,21.1451],[73.6813,21.1521],[73.6982,21.1501],[73.7132,21.1505],[73.7224,21.1392],[73.7367,21.1383],[73.746,21.1476],[73.7408,21.1604],[73.7531,21.1682],[73.7797,21.1646],[73.7911,21.1762],[73.8075,21.1746],[73.8225,21.1719],[73.8292,21.1823],[73.8359,21.1952],[73.8213,21.1953],[73.8186,21.2086],[73.8201,21.2219],[73.8275,21.2331],[73.8363,21.2423],[73.8322,21.2583],[73.8584,21.27],[73.8717,21.2674],[73.8843,21.2626],[73.9235,21.281],[73.9485,21.2976],[73.9513,21.315],[73.952,21.3306],[73.957,21.3445],[73.9566,21.3616],[73.9553,21.3743],[73.9556,21.39],[73.9528,21.4024],[73.9619,21.3931],[73.9774,21.395],[73.9888,21.4045],[74.0055,21.4118],[74.0158,21.418],[74.0291,21.4186],[74.0428,21.4188],[74.0521,21.4281],[74.0542,21.4411],[74.0563,21.454],[74.0624,21.4651],[74.0667,21.4774],[74.077,21.4705],[74.0781,21.4578],[74.0919,21.4555],[74.1054,21.4529],[74.1169,21.449],[74.1226,21.46],[74.1349,21.4636],[74.1447,21.4547],[74.1585,21.4531],[74.1679,21.4622],[74.1802,21.4616],[74.1915,21.4664],[74.2029,21.4594],[74.2167,21.4593],[74.2232,21.4699],[74.231,21.4798],[74.2417,21.472],[74.2497,21.4629],[74.2632,21.4657],[74.2722,21.4756],[74.2861,21.4772],[74.2981,21.478],[74.3106,21.4827],[74.3187,21.4922],[74.3286,21.4994],[74.3317,21.5122],[74.3355,21.5402],[74.3226,21.5412],[74.3141,21.5501],[74.3128,21.5624],[74.301,21.5591],[74.2892,21.556],[74.2795,21.5484],[74.2726,21.5378],[74.2599,21.5355],[74.2497,21.5423],[74.2402,21.5502],[74.2299,21.543],[74.2187,21.5369],[74.208,21.5309],[74.1983,21.5385],[74.1907,21.5482],[74.1863,21.5596],[74.1738,21.5615],[74.1613,21.5588],[74.1518,21.5511],[74.1398,21.5512],[74.1284,21.5567],[74.1164,21.557],[74.1037,21.5576],[74.0917,21.5566],[74.0792,21.5592],[74.0672,21.5591],[74.0543,21.5522],[74.0417,21.5513],[74.0256,21.5526],[74.0053,21.5408],[73.9835,21.542],[73.9875,21.5224],[73.9745,21.5241],[73.9699,21.5386],[73.9611,21.5193],[73.9394,21.5101],[73.9361,21.5224],[73.9105,21.5202],[73.9036,21.5088],[73.8866,21.5047],[73.8703,21.4973],[73.854,21.5073],[73.845,21.5216],[73.8402,21.5369],[73.8338,21.5535],[73.8291,21.573],[73.8245,21.5983],[73.8068,21.6024],[73.7906,21.6185],[73.8001,21.6346],[73.829,21.6398],[73.8452,21.6332],[73.8603,21.6418],[73.8856,21.6451],[73.8944,21.6571],[73.8964,21.7003],[73.8902,21.7106],[73.8783,21.7169],[73.8651,21.7294],[73.8464,21.742],[73.8312,21.7629],[73.8429,21.7721],[73.8384,21.7841],[73.8342,21.7966],[73.8321,21.8109],[73.8176,21.8085],[73.8105,21.8233],[73.8279,21.8349],[73.8415,21.8385],[73.8637,21.8367],[73.8796,21.8386],[73.8995,21.8545],[73.9219,21.8566],[73.9364,21.8631],[73.9492,21.8703],[73.9608,21.876],[73.9797,21.8875],[74.0049,21.8994],[74.023,21.906],[74.0356,21.916],[74.0467,21.9228],[74.0616,21.9281],[74.0987,21.9376],[74.1136,21.9447],[74.1382,21.9534],[74.151,21.954],[74.1632,21.9499],[74.1742,21.9434],[74.1821,21.9337],[74.1927,21.9271],[74.2046,21.9254],[74.2164,21.9276],[74.2291,21.93],[74.2411,21.9301],[74.2539,21.9321],[74.2669,21.9336],[74.2789,21.9345],[74.2915,21.9366],[74.2959,21.948],[74.2981,21.9599],[74.3052,21.9697],[74.3176,21.9733],[74.3296,21.9742],[74.3416,21.9749],[74.3538,21.9787],[74.3624,21.9877],[74.3724,21.9949],[74.3837,22.0118],[74.3964,22.0237],[74.4177,22.0258],[74.4355,22.031]]]]}},{"type":"Feature","properties":{"name":"Manipur","id":"manipur"},"geometry":{"type":"Polygon","coordinates":[[[94.5772,25.6483],[94.5952,25.6439],[94.5838,25.6345],[94.5769,25.6204],[94.5686,25.6078],[94.5596,25.5941],[94.5615,25.5783],[94.5614,25.5605],[94.5599,25.5457],[94.5613,25.5307],[94.5574,25.5128],[94.5682,25.5066],[94.585,25.4969],[94.5949,25.4881],[94.6075,25.4824],[94.6253,25.4691],[94.6482,25.4616],[94.666,25.4554],[94.6824,25.4597],[94.6797,25.4424],[94.6781,25.4265],[94.671,25.4125],[94.6588,25.4095],[94.6444,25.4016],[94.635,25.3924],[94.6274,25.3747],[94.6276,25.3621],[94.6221,25.3368],[94.6152,25.3252],[94.6096,25.3135],[94.6019,25.2987],[94.5989,25.2811],[94.5993,25.2669],[94.5935,25.2462],[94.5887,25.2299],[94.5854,25.2157],[94.5921,25.2055],[94.6017,25.1952],[94.6131,25.1895],[94.6309,25.1904],[94.6435,25.1765],[94.6577,25.1724],[94.6774,25.165],[94.6872,25.1579],[94.7035,25.1598],[94.7136,25.1499],[94.7289,25.1437],[94.7419,25.1394],[94.7452,25.1268],[94.7453,25.1112],[94.7481,25.0899],[94.751,25.0754],[94.7492,25.0579],[94.7457,25.0444],[94.743,25.0301],[94.7352,25.0127],[94.7261,25.0013],[94.7132,24.9937],[94.7058,24.9836],[94.7019,24.9684],[94.7091,24.9558],[94.7171,24.9465],[94.7059,24.9343],[94.6938,24.9097],[94.6889,24.895],[94.6797,24.8869],[94.6616,24.8774],[94.6561,24.8629],[94.6412,24.8487],[94.6348,24.8293],[94.6348,24.8148],[94.6273,24.8043],[94.6253,24.786],[94.633,24.7728],[94.625,24.754],[94.6177,24.7441],[94.6122,24.7328],[94.6072,24.7199],[94.591,24.7109],[94.5865,24.7223],[94.5746,24.7256],[94.5766,24.7121],[94.5625,24.7183],[94.5466,24.7075],[94.5529,24.6928],[94.5507,24.6749],[94.5406,24.649],[94.5315,24.6324],[94.5208,24.6168],[94.5075,24.6015],[94.4982,24.5928],[94.4853,24.5822],[94.4725,24.5779],[94.4595,24.5668],[94.4558,24.5553],[94.4502,24.5427],[94.4455,24.5315],[94.4405,24.5204],[94.4324,24.5042],[94.4215,24.4905],[94.409,24.4896],[94.4115,24.4697],[94.4005,24.4621],[94.4089,24.4441],[94.4075,24.4312],[94.3992,24.4131],[94.3834,24.4076],[94.3668,24.4046],[94.3763,24.3928],[94.3861,24.3846],[94.3775,24.3711],[94.3694,24.3619],[94.3557,24.3465],[94.34,24.339],[94.3263,24.3389],[94.3275,24.323],[94.3282,24.3061],[94.328,24.2924],[94.3218,24.2759],[94.3148,24.2598],[94.3073,24.2486],[94.2951,24.2399],[94.2916,24.2231],[94.2851,24.2026],[94.2837,24.1799],[94.2665,24.1722],[94.2601,24.1558],[94.258,24.1429],[94.2592,24.1198],[94.2567,24.1066],[94.2597,24.0896],[94.254,24.0777],[94.2472,24.0626],[94.2331,24.0669],[94.2436,24.048],[94.2316,24.0215],[94.2203,24.006],[94.2103,23.9924],[94.2013,23.978],[94.1945,23.965],[94.1935,23.9512],[94.196,23.9377],[94.1834,23.9371],[94.1708,23.9351],[94.169,23.9115],[94.1682,23.8891],[94.165,23.8649],[94.1615,23.8528],[94.1471,23.8561],[94.1351,23.8461],[94.1229,23.8427],[94.1148,23.8525],[94.1141,23.8666],[94.1042,23.8772],[94.101,23.889],[94.0855,23.8932],[94.0685,23.8956],[94.0566,23.8976],[94.0493,23.9074],[94.0432,23.918],[94.0277,23.926],[94.0177,23.934],[94.0015,23.9312],[93.9816,23.9333],[93.9694,23.9339],[93.9618,23.9434],[93.9416,23.9528],[93.9264,23.9554],[93.9139,23.9575],[93.8961,23.9548],[93.8816,23.9471],[93.8662,23.9379],[93.8486,23.9381],[93.8375,23.9321],[93.816,23.9298],[93.8057,23.9374],[93.8036,23.9511],[93.7943,23.9628],[93.7793,23.9779],[93.7703,23.99],[93.7622,24.0041],[93.7466,24.0085],[93.7328,24.0018],[93.7202,24.0056],[93.7061,24.0064],[93.6865,24.0097],[93.6744,24.0081],[93.6628,24.0047],[93.6524,24.0135],[93.6353,24.0134],[93.6207,24.0142],[93.6196,24],[93.6159,23.9815],[93.6061,23.9714],[93.5926,23.968],[93.5805,23.9701],[93.5724,23.9832],[93.5573,23.9797],[93.5549,23.9652],[93.5395,23.9633],[93.5242,23.9547],[93.5087,23.9489],[93.4959,23.9572],[93.4858,23.9676],[93.4722,23.9707],[93.4667,23.9876],[93.4661,24.0002],[93.4574,24.0151],[93.444,24.0278],[93.44,24.0436],[93.4329,24.0617],[93.4247,24.0717],[93.4105,24.0817],[93.3911,24.0882],[93.3705,24.0922],[93.3615,24.1002],[93.3514,24.1124],[93.3538,24.0977],[93.3393,24.0932],[93.3376,24.0789],[93.342,24.0674],[93.3363,24.0567],[93.3125,24.0541],[93.2982,24.0516],[93.2854,24.0465],[93.2739,24.0339],[93.2553,24.0238],[93.2623,24.0577],[93.2637,24.0728],[93.248,24.0853],[93.2267,24.0865],[93.2253,24.074],[93.221,24.0614],[93.2167,24.0501],[93.1983,24.0525],[93.1784,24.0541],[93.167,24.0612],[93.1699,24.0751],[93.1585,24.0838],[93.1422,24.0868],[93.1351,24.0729],[93.1208,24.0603],[93.1109,24.0501],[93.1023,24.0627],[93.0952,24.0803],[93.0852,24.0904],[93.0795,24.103],[93.0652,24.0943],[93.0537,24.0907],[93.0377,24.0952],[93.0273,24.1036],[93.0141,24.1045],[93.0007,24.1152],[92.9848,24.1148],[92.9736,24.1239],[92.9861,24.1289],[92.9929,24.1404],[92.9931,24.1532],[93.0054,24.1606],[93.0033,24.174],[93.0031,24.1943],[93.0166,24.2],[93.0237,24.2176],[93.0266,24.2326],[93.0067,24.254],[93.0139,24.2717],[93.0111,24.2881],[93.0239,24.3007],[93.0352,24.3184],[93.0434,24.3434],[93.0216,24.3468],[93.0193,24.3588],[93.0221,24.3742],[93.0244,24.3905],[93.0005,24.4033],[93.016,24.4025],[93.0292,24.4063],[93.0393,24.4176],[93.0322,24.4289],[93.0367,24.4439],[93.0379,24.4612],[93.0485,24.4755],[93.0358,24.4969],[93.0443,24.5058],[93.0528,24.5196],[93.0485,24.5309],[93.0527,24.5447],[93.0612,24.5548],[93.0727,24.5611],[93.0611,24.5748],[93.0785,24.5749],[93.0962,24.5802],[93.0885,24.59],[93.0754,24.5962],[93.0868,24.6113],[93.0794,24.6213],[93.0893,24.6339],[93.0848,24.6477],[93.0963,24.6527],[93.099,24.6665],[93.1047,24.6791],[93.0918,24.6778],[93.0903,24.6929],[93.0802,24.7041],[93.093,24.7155],[93.0973,24.7281],[93.1072,24.7419],[93.1,24.7544],[93.1057,24.7695],[93.1071,24.7833],[93.1127,24.8022],[93.1198,24.8173],[93.1313,24.806],[93.1429,24.8011],[93.1529,24.7935],[93.1658,24.7986],[93.1788,24.7961],[93.1902,24.8062],[93.1988,24.815],[93.193,24.8263],[93.2016,24.8402],[93.1986,24.8527],[93.2101,24.859],[93.2191,24.8697],[93.2291,24.8773],[93.2348,24.8899],[93.2362,24.9025],[93.239,24.915],[93.2533,24.9188],[93.2445,24.9301],[93.2441,24.9438],[93.2492,24.9551],[93.2624,24.9514],[93.2633,24.9639],[93.2529,24.9726],[93.2533,24.9864],[93.2571,24.9985],[93.2492,25.0132],[93.2578,25.0217],[93.2638,25.0359],[93.2695,25.0466],[93.2845,25.0515],[93.297,25.0477],[93.3089,25.0585],[93.3088,25.0706],[93.3223,25.0884],[93.3358,25.0958],[93.3405,25.1144],[93.3464,25.1251],[93.3469,25.1377],[93.3486,25.1535],[93.3492,25.1667],[93.3531,25.1818],[93.3608,25.192],[93.3706,25.2036],[93.3781,25.2161],[93.3855,25.2286],[93.3871,25.2424],[93.4036,25.2631],[93.4207,25.2663],[93.4264,25.2811],[93.4386,25.2866],[93.452,25.2947],[93.4656,25.2991],[93.474,25.3093],[93.4746,25.2924],[93.4768,25.279],[93.4949,25.2787],[93.5108,25.2756],[93.5042,25.2534],[93.5164,25.2448],[93.5294,25.2484],[93.5412,25.2454],[93.5547,25.2505],[93.5701,25.2356],[93.5782,25.2257],[93.5903,25.2199],[93.5929,25.2067],[93.608,25.2021],[93.6211,25.2249],[93.6289,25.2357],[93.6381,25.2504],[93.6435,25.2659],[93.6516,25.279],[93.6656,25.2984],[93.6729,25.3115],[93.6721,25.3287],[93.6871,25.3312],[93.6915,25.3474],[93.6928,25.3616],[93.7116,25.3581],[93.719,25.3704],[93.731,25.3804],[93.7413,25.3894],[93.7467,25.4057],[93.7603,25.4141],[93.7811,25.4247],[93.7881,25.4359],[93.7937,25.4487],[93.8024,25.4604],[93.8139,25.4847],[93.8076,25.4956],[93.7972,25.5044],[93.7734,25.4978],[93.7643,25.5155],[93.769,25.5307],[93.7795,25.538],[93.8078,25.5445],[93.8233,25.5482],[93.8333,25.5564],[93.8442,25.5617],[93.8622,25.5575],[93.8784,25.562],[93.892,25.5684],[93.9048,25.5674],[93.9171,25.5667],[93.9301,25.5654],[93.9435,25.5634],[93.9574,25.5568],[93.9726,25.5612],[93.9805,25.5713],[94.0006,25.5739],[94.0118,25.5791],[94.0077,25.5909],[94.0255,25.5934],[94.0349,25.5815],[94.0541,25.5768],[94.0647,25.5664],[94.08,25.5616],[94.095,25.5464],[94.0921,25.5327],[94.1061,25.5289],[94.1285,25.5259],[94.1452,25.5276],[94.1518,25.5419],[94.1601,25.5553],[94.1795,25.5502],[94.1918,25.551],[94.1901,25.5346],[94.1992,25.5228],[94.2069,25.5116],[94.2149,25.5002],[94.2291,25.496],[94.2521,25.4991],[94.2669,25.5024],[94.2799,25.5055],[94.299,25.5007],[94.309,25.4938],[94.3207,25.4993],[94.329,25.5084],[94.3647,25.5215],[94.3885,25.5366],[94.4045,25.5409],[94.4168,25.5419],[94.4256,25.5529],[94.4251,25.573],[94.43,25.5927],[94.4443,25.596],[94.474,25.6216],[94.4912,25.6198],[94.5054,25.617],[94.5109,25.6299],[94.5242,25.6434],[94.5395,25.6511],[94.5518,25.6625],[94.5651,25.6808],[94.573,25.6977],[94.5871,25.6919],[94.5881,25.6773],[94.5834,25.6652],[94.5768,25.6528],[94.5772,25.6483]]]}},{"type":"Feature","properties":{"name":"Meghalaya","id":"meghalaya"},"geometry":{"type":"Polygon","coordinates":[[[91.8538,26.1048],[91.8758,26.0977],[91.8752,26.0846],[91.8693,26.0569],[91.8832,26.03],[91.9009,26.0263],[91.917,26.0215],[91.9187,26.0072],[91.934,26.0147],[91.9463,26.0145],[91.9578,26.0189],[91.9782,26.0259],[91.9874,26.0387],[92.0004,26.0392],[92.0176,26.0396],[92.0348,26.0397],[92.0502,26.033],[92.0632,26.0347],[92.0788,26.0418],[92.0934,26.0485],[92.1089,26.0497],[92.1234,26.0449],[92.1382,26.0528],[92.149,26.0616],[92.1691,26.0776],[92.1789,26.0692],[92.2018,26.07],[92.2161,26.0693],[92.2283,26.0676],[92.2412,26.0625],[92.2657,26.0654],[92.2807,26.0692],[92.2939,26.0778],[92.2557,26.0289],[92.2214,26.0023],[92.211,25.9947],[92.2009,25.9856],[92.181,25.9752],[92.1674,25.9677],[92.1653,25.954],[92.1563,25.9448],[92.1614,25.9325],[92.1599,25.9152],[92.1743,25.9092],[92.1867,25.9158],[92.2006,25.9082],[92.2175,25.9099],[92.2156,25.8938],[92.2033,25.8901],[92.195,25.8813],[92.181,25.8716],[92.181,25.8514],[92.1714,25.8377],[92.1633,25.8258],[92.1531,25.8127],[92.1537,25.7955],[92.151,25.7836],[92.156,25.7645],[92.1648,25.7448],[92.1642,25.7287],[92.1537,25.7227],[92.1559,25.7091],[92.161,25.6973],[92.1644,25.6849],[92.1605,25.6733],[92.171,25.6669],[92.1848,25.6811],[92.1969,25.687],[92.2106,25.6959],[92.2249,25.714],[92.2368,25.7084],[92.2536,25.7101],[92.2705,25.7109],[92.2846,25.7159],[92.3061,25.7231],[92.3335,25.7252],[92.3481,25.7319],[92.363,25.7365],[92.3715,25.7465],[92.3851,25.7536],[92.3921,25.7426],[92.4048,25.7437],[92.4164,25.7405],[92.4213,25.7295],[92.4332,25.7315],[92.442,25.7209],[92.4296,25.7133],[92.4333,25.6952],[92.443,25.6877],[92.4552,25.6842],[92.4715,25.6749],[92.4813,25.6639],[92.4883,25.65],[92.4933,25.6361],[92.5017,25.6229],[92.5173,25.6201],[92.5332,25.6159],[92.5532,25.6138],[92.5572,25.5962],[92.5609,25.5827],[92.5647,25.5683],[92.5761,25.5597],[92.5875,25.553],[92.6026,25.5574],[92.6125,25.5655],[92.6261,25.568],[92.6341,25.5789],[92.6483,25.5924],[92.6605,25.5851],[92.6607,25.5703],[92.6499,25.56],[92.645,25.5466],[92.6376,25.5285],[92.6216,25.5158],[92.6096,25.5126],[92.5936,25.5031],[92.581,25.4952],[92.5678,25.4808],[92.5674,25.4675],[92.5823,25.4729],[92.5982,25.4717],[92.5998,25.4571],[92.6053,25.4419],[92.607,25.4272],[92.6118,25.4161],[92.6286,25.425],[92.6396,25.4196],[92.6505,25.4317],[92.6569,25.4157],[92.6709,25.4167],[92.68,25.4086],[92.6935,25.4],[92.7004,25.3878],[92.7129,25.3845],[92.7206,25.3749],[92.7348,25.3825],[92.7406,25.3668],[92.7501,25.3544],[92.7588,25.3399],[92.7725,25.3396],[92.7844,25.3325],[92.788,25.3176],[92.7869,25.3007],[92.7922,25.2868],[92.7821,25.2759],[92.7698,25.2689],[92.7646,25.2493],[92.7722,25.2333],[92.7863,25.2314],[92.8031,25.2215],[92.7929,25.2124],[92.7796,25.2031],[92.7676,25.2048],[92.7545,25.2054],[92.742,25.2031],[92.7242,25.1992],[92.7046,25.1905],[92.6939,25.1814],[92.6794,25.1831],[92.6669,25.1771],[92.6608,25.1623],[92.6512,25.1524],[92.638,25.1452],[92.6308,25.1318],[92.6247,25.1187],[92.61,25.1241],[92.5944,25.1283],[92.5817,25.1319],[92.568,25.1301],[92.5532,25.1307],[92.5399,25.1373],[92.5275,25.1399],[92.5252,25.1256],[92.5331,25.1121],[92.5429,25.0996],[92.5265,25.1059],[92.5098,25.1055],[92.4843,25.1081],[92.4798,25.0957],[92.4765,25.0783],[92.4709,25.0669],[92.4637,25.0556],[92.4633,25.0371],[92.451,25.041],[92.4379,25.0338],[92.4259,25.0318],[92.4121,25.0349],[92.4011,25.0415],[92.3874,25.0425],[92.3754,25.0444],[92.3629,25.0515],[92.3486,25.0516],[92.3543,25.0634],[92.3524,25.0753],[92.3385,25.0813],[92.3245,25.0772],[92.3101,25.0732],[92.2914,25.0789],[92.278,25.0826],[92.2615,25.0877],[92.2444,25.0965],[92.2323,25.0981],[92.2248,25.108],[92.2135,25.1135],[92.2257,25.1187],[92.212,25.1262],[92.1989,25.1258],[92.1875,25.122],[92.1775,25.1293],[92.1661,25.1336],[92.154,25.1385],[92.1433,25.1447],[92.1408,25.1572],[92.132,25.1669],[92.1188,25.1731],[92.1051,25.1802],[92.0924,25.1838],[92.0796,25.1873],[92.0672,25.19],[92.0506,25.1874],[92.0363,25.1848],[92.0239,25.1862],[92.008,25.1886],[91.9958,25.1796],[91.9796,25.1756],[91.9668,25.1831],[91.9547,25.1839],[91.9426,25.184],[91.9302,25.1858],[91.9182,25.1866],[91.9031,25.1836],[91.8889,25.1809],[91.8733,25.1786],[91.8578,25.1776],[91.8374,25.1824],[91.8258,25.1781],[91.8126,25.1738],[91.7993,25.1719],[91.7875,25.1696],[91.7754,25.1695],[91.7638,25.1733],[91.7529,25.1798],[91.7468,25.1668],[91.7453,25.1529],[91.7333,25.1521],[91.7204,25.1573],[91.7084,25.1587],[91.7026,25.1472],[91.6905,25.138],[91.6752,25.1369],[91.6647,25.1309],[91.6513,25.1273],[91.637,25.1263],[91.6292,25.1372],[91.6202,25.146],[91.6071,25.1431],[91.6054,25.1558],[91.6097,25.1681],[91.5981,25.1743],[91.5846,25.1719],[91.5792,25.1606],[91.5669,25.1588],[91.5589,25.1493],[91.5463,25.1465],[91.5335,25.1442],[91.5136,25.1453],[91.5046,25.1373],[91.4926,25.1367],[91.4784,25.1339],[91.4725,25.1478],[91.4565,25.148],[91.4423,25.151],[91.4301,25.156],[91.422,25.1688],[91.4083,25.1653],[91.3951,25.1671],[91.3813,25.1664],[91.3705,25.1752],[91.3585,25.1704],[91.3464,25.1717],[91.3345,25.1761],[91.3226,25.1832],[91.3077,25.183],[91.2949,25.1858],[91.2875,25.1953],[91.2756,25.2034],[91.2638,25.2006],[91.2515,25.1946],[91.238,25.1958],[91.2251,25.1981],[91.2102,25.1995],[91.1957,25.1988],[91.1835,25.1959],[91.1653,25.1942],[91.1525,25.1956],[91.1383,25.1936],[91.1212,25.1939],[91.1088,25.1959],[91.095,25.197],[91.0825,25.1975],[91.0709,25.1914],[91.0559,25.1878],[91.0429,25.1852],[91.0295,25.1848],[91.0146,25.1806],[91.0017,25.1775],[90.987,25.1734],[90.9736,25.1719],[90.9585,25.1677],[90.9433,25.1634],[90.9299,25.1606],[90.9118,25.1598],[90.8997,25.1647],[90.8857,25.1643],[90.8709,25.1587],[90.8584,25.1558],[90.8434,25.1592],[90.8273,25.1609],[90.8144,25.1625],[90.8042,25.172],[90.7924,25.1773],[90.7785,25.1798],[90.7672,25.1739],[90.7547,25.1647],[90.7417,25.1648],[90.7271,25.1627],[90.7148,25.1643],[90.7044,25.1553],[90.6954,25.1635],[90.6834,25.1713],[90.672,25.1767],[90.6712,25.1909],[90.6581,25.1836],[90.647,25.1785],[90.6339,25.1724],[90.6204,25.1743],[90.6048,25.1761],[90.592,25.1729],[90.5797,25.172],[90.5638,25.1719],[90.5503,25.1737],[90.5362,25.1731],[90.5212,25.1737],[90.5081,25.1714],[90.4976,25.1651],[90.4844,25.1591],[90.4651,25.1533],[90.455,25.1444],[90.4406,25.1483],[90.4284,25.1515],[90.4164,25.1593],[90.4028,25.1612],[90.3867,25.1626],[90.375,25.1674],[90.3649,25.1741],[90.3507,25.1844],[90.3415,25.1935],[90.3287,25.1937],[90.313,25.1915],[90.2981,25.1954],[90.2845,25.1987],[90.2682,25.1999],[90.2557,25.2031],[90.2414,25.2068],[90.2286,25.2034],[90.2152,25.2089],[90.2023,25.2119],[90.189,25.2181],[90.1749,25.224],[90.1583,25.2253],[90.1432,25.2251],[90.1288,25.2265],[90.1152,25.2269],[90.1023,25.2366],[90.0857,25.2425],[90.0713,25.2519],[90.0598,25.2629],[90.043,25.2652],[90.0244,25.2728],[90.0083,25.2824],[89.9957,25.2793],[89.9835,25.2846],[89.9799,25.2982],[89.9672,25.3033],[89.9547,25.2972],[89.9437,25.3022],[89.9311,25.3023],[89.9179,25.3074],[89.9052,25.3063],[89.8941,25.2954],[89.8815,25.287],[89.8676,25.2884],[89.8534,25.2901],[89.8343,25.2957],[89.8429,25.3061],[89.8381,25.3174],[89.837,25.3324],[89.8296,25.3455],[89.8225,25.3557],[89.8238,25.3687],[89.8218,25.3826],[89.828,25.3946],[89.8289,25.4089],[89.8339,25.4237],[89.8398,25.4386],[89.8466,25.4486],[89.8553,25.4597],[89.8548,25.4731],[89.8687,25.4764],[89.88,25.4886],[89.8756,25.5055],[89.8703,25.5215],[89.8712,25.537],[89.8738,25.5493],[89.8864,25.5579],[89.9044,25.5595],[89.9181,25.5626],[89.9358,25.5627],[89.9494,25.5683],[89.9665,25.5717],[89.9751,25.5835],[89.9895,25.5888],[90.0021,25.5842],[90.0111,25.5984],[90.0184,25.6084],[90.0045,25.6238],[89.9833,25.6267],[89.947,25.6588],[89.9418,25.6737],[89.937,25.6866],[89.9211,25.6944],[89.9126,25.7071],[89.8942,25.7272],[89.8954,25.7441],[89.9114,25.7416],[89.9279,25.7414],[89.9337,25.7525],[89.9435,25.7605],[89.9524,25.7702],[89.9526,25.7834],[89.952,25.8109],[89.9446,25.8245],[89.9589,25.8266],[89.9735,25.8281],[89.9908,25.8355],[90.0016,25.8422],[90.0115,25.8497],[90.0208,25.8616],[90.0144,25.8718],[90.0153,25.8886],[90.0279,25.8943],[90.0421,25.8908],[90.0522,25.8987],[90.0589,25.9103],[90.0724,25.9193],[90.0874,25.9263],[90.0961,25.9395],[90.1079,25.9506],[90.1187,25.9613],[90.1341,25.9578],[90.1474,25.9645],[90.1584,25.9583],[90.1727,25.9587],[90.1805,25.947],[90.194,25.957],[90.2084,25.9616],[90.2274,25.9551],[90.2778,25.9632],[90.3243,25.9744],[90.3299,25.9885],[90.3393,25.9969],[90.365,26.0103],[90.3808,26.0116],[90.394,26.0141],[90.4076,26.0076],[90.4165,25.9969],[90.4286,25.989],[90.4471,25.9965],[90.4591,26.0032],[90.4709,26.0126],[90.4896,26.0096],[90.5001,26.0014],[90.5136,25.9824],[90.5241,25.9699],[90.5345,25.958],[90.5348,25.9456],[90.5322,25.9326],[90.5185,25.9094],[90.5125,25.8962],[90.5255,25.901],[90.5392,25.9155],[90.5534,25.9291],[90.5714,25.939],[90.5788,25.958],[90.5919,25.9521],[90.6054,25.947],[90.629,25.9374],[90.6076,25.9196],[90.6107,25.9074],[90.6248,25.8989],[90.6269,25.9113],[90.6378,25.9233],[90.654,25.9297],[90.6702,25.9343],[90.686,25.9508],[90.7131,25.9522],[90.7254,25.9488],[90.7403,25.9549],[90.7403,25.9409],[90.7507,25.9341],[90.7462,25.9219],[90.7589,25.9216],[90.7691,25.9085],[90.7817,25.9212],[90.7917,25.9357],[90.8087,25.9472],[90.8239,25.9451],[90.8362,25.9473],[90.8568,25.9443],[90.8696,25.9424],[90.8814,25.9506],[90.8924,25.9391],[90.9012,25.9296],[90.9125,25.9203],[90.9159,25.9432],[90.9321,25.9397],[90.9427,25.9476],[90.9538,25.9367],[90.9669,25.9053],[90.9666,25.891],[90.9848,25.8899],[90.9969,25.8887],[91.0137,25.8843],[91.0257,25.8884],[91.0265,25.8666],[91.0151,25.8591],[91.0087,25.8382],[91.0016,25.8258],[91.0127,25.8211],[91.0249,25.8276],[91.042,25.8394],[91.0659,25.8464],[91.0785,25.8526],[91.0729,25.8383],[91.0572,25.832],[91.0633,25.8204],[91.0814,25.8293],[91.1208,25.8313],[91.1317,25.8419],[91.1454,25.8473],[91.1617,25.8493],[91.179,25.8428],[91.193,25.8552],[91.2026,25.8405],[91.1945,25.8306],[91.1882,25.8156],[91.1872,25.8033],[91.184,25.7826],[91.1859,25.7699],[91.1887,25.7389],[91.198,25.731],[91.2159,25.7239],[91.2325,25.7292],[91.2554,25.7478],[91.2756,25.7469],[91.2873,25.7641],[91.2969,25.7782],[91.3063,25.7964],[91.325,25.8238],[91.3322,25.8337],[91.3444,25.8394],[91.3569,25.8415],[91.3705,25.8443],[91.3885,25.8473],[91.4012,25.8511],[91.4189,25.8547],[91.4308,25.8478],[91.4412,25.8416],[91.455,25.8513],[91.4687,25.859],[91.483,25.8629],[91.496,25.8623],[91.5079,25.8648],[91.5191,25.8731],[91.5289,25.8809],[91.5173,25.8747],[91.4983,25.8672],[91.4774,25.8687],[91.4787,25.8847],[91.4885,25.8948],[91.5033,25.8922],[91.5085,25.9098],[91.5248,25.9208],[91.5359,25.934],[91.5217,25.9249],[91.5108,25.9154],[91.5163,25.9383],[91.5182,25.9528],[91.5324,25.9622],[91.5489,25.9751],[91.5548,25.9866],[91.5654,26.0018],[91.5697,26.0168],[91.5758,26.0331],[91.5881,26.0301],[91.5971,26.0171],[91.6165,26.0247],[91.6322,26.0224],[91.633,26.0049],[91.6247,25.9859],[91.6321,25.9708],[91.6301,25.9446],[91.6109,25.9446],[91.6228,25.931],[91.6479,25.9137],[91.6619,25.9099],[91.676,25.9118],[91.6864,25.9212],[91.702,25.9379],[91.7139,25.9472],[91.7216,25.9651],[91.7198,25.9783],[91.7212,26.0018],[91.7228,26.0198],[91.7264,26.0469],[91.7346,26.0566],[91.7595,26.0713],[91.7785,26.0912],[91.7904,26.087],[91.8018,26.1049],[91.8156,26.1114],[91.8266,26.1181],[91.8538,26.1048]]]}},{"type":"Feature","properties":{"name":"Mizoram","id":"mizoram"},"geometry":{"type":"Polygon","coordinates":[[[92.8008,24.4191],[92.8165,24.4123],[92.8303,24.4018],[92.825,24.3905],[92.829,24.3778],[92.8443,24.3799],[92.8516,24.3924],[92.8629,24.3995],[92.8782,24.3989],[92.8908,24.4023],[92.901,24.3934],[92.9093,24.4032],[92.9234,24.4057],[92.9357,24.3955],[92.9512,24.4048],[92.9603,24.3959],[92.9756,24.4078],[92.9883,24.4076],[93.0005,24.4033],[93.0244,24.3905],[93.0171,24.38],[93.0201,24.366],[93.0216,24.3468],[93.0434,24.3434],[93.0352,24.3184],[93.0239,24.3007],[93.0111,24.2881],[93.0139,24.2717],[93.0067,24.254],[93.018,24.2364],[93.0237,24.2176],[93.0166,24.2],[93.003,24.1975],[93.0109,24.1822],[93.0055,24.1632],[92.9931,24.1532],[92.9929,24.1404],[92.9861,24.1289],[92.9736,24.1239],[92.9848,24.1148],[93.0007,24.1152],[93.0141,24.1045],[93.0273,24.1036],[93.0377,24.0952],[93.0537,24.0907],[93.0652,24.0943],[93.0795,24.103],[93.0852,24.0904],[93.0952,24.0803],[93.1009,24.0665],[93.1038,24.0526],[93.1194,24.0565],[93.1294,24.0641],[93.1351,24.0792],[93.1479,24.0881],[93.1613,24.0776],[93.167,24.0612],[93.1784,24.0541],[93.194,24.0563],[93.2167,24.0501],[93.221,24.0614],[93.2253,24.074],[93.2267,24.0865],[93.2423,24.0866],[93.2637,24.0728],[93.2666,24.0603],[93.2524,24.0338],[93.2739,24.0339],[93.2854,24.0465],[93.2982,24.0516],[93.3125,24.0541],[93.3374,24.0534],[93.3332,24.0398],[93.3422,24.0307],[93.3403,24.0124],[93.339,23.9959],[93.3374,23.9828],[93.3516,23.978],[93.3559,23.9613],[93.3624,23.9508],[93.371,23.9405],[93.391,23.934],[93.3996,23.9244],[93.3967,23.8987],[93.3954,23.8767],[93.3969,23.8638],[93.3967,23.8507],[93.4001,23.8353],[93.4014,23.8194],[93.411,23.8077],[93.4076,23.7902],[93.4044,23.7751],[93.4053,23.7616],[93.4105,23.7486],[93.4177,23.7325],[93.4155,23.7181],[93.4233,23.704],[93.4365,23.6962],[93.4447,23.6824],[93.4361,23.6718],[93.4304,23.6602],[93.4286,23.6452],[93.4327,23.6188],[93.4334,23.5951],[93.4331,23.5824],[93.4271,23.5717],[93.4272,23.553],[93.4278,23.5382],[93.4219,23.5272],[93.4112,23.5133],[93.4081,23.4965],[93.4044,23.485],[93.406,23.4673],[93.3998,23.4469],[93.3972,23.4333],[93.3976,23.4155],[93.4039,23.4017],[93.4142,23.388],[93.4017,23.3795],[93.3965,23.3681],[93.3763,23.3626],[93.3658,23.3545],[93.372,23.3442],[93.3793,23.3327],[93.3767,23.3195],[93.3776,23.3066],[93.3812,23.2936],[93.3754,23.2826],[93.3773,23.2642],[93.3833,23.2448],[93.3947,23.2243],[93.3874,23.2112],[93.3853,23.188],[93.3815,23.1749],[93.376,23.1589],[93.3791,23.1436],[93.3907,23.1479],[93.382,23.1275],[93.3691,23.1206],[93.364,23.1062],[93.3574,23.091],[93.3511,23.0803],[93.353,23.0648],[93.3406,23.0552],[93.3368,23.0436],[93.3296,23.0316],[93.3212,23.0219],[93.3062,23.0137],[93.2959,23.0055],[93.2786,23.0056],[93.2681,23.0123],[93.2532,23.0065],[93.2412,23.0141],[93.2317,23.0271],[93.2202,23.0452],[93.2062,23.0569],[93.1945,23.0603],[93.1768,23.0531],[93.162,23.0519],[93.1473,23.0617],[93.1376,23.054],[93.1351,23.0416],[93.1316,23.0259],[93.1358,23.0129],[93.1292,23.0008],[93.1426,22.9937],[93.1476,22.9806],[93.1427,22.9686],[93.1488,22.9565],[93.1526,22.9415],[93.1572,22.9267],[93.1684,22.9191],[93.1523,22.9129],[93.1388,22.9132],[93.1388,22.9002],[93.1356,22.8826],[93.1302,22.8694],[93.1208,22.8548],[93.1208,22.8373],[93.1112,22.8282],[93.1162,22.8163],[93.1043,22.8118],[93.1028,22.7921],[93.108,22.7703],[93.1113,22.753],[93.1092,22.7378],[93.1019,22.7274],[93.0991,22.7143],[93.0979,22.7013],[93.1069,22.6863],[93.1035,22.6741],[93.1106,22.6591],[93.1148,22.6392],[93.1243,22.6301],[93.1364,22.6229],[93.1429,22.6076],[93.1456,22.5861],[93.1337,22.5773],[93.1244,22.5671],[93.1155,22.5547],[93.116,22.5405],[93.1199,22.5287],[93.1337,22.5199],[93.1306,22.5059],[93.1378,22.4951],[93.1363,22.4796],[93.1421,22.4633],[93.1567,22.4521],[93.1754,22.4513],[93.1822,22.4388],[93.1908,22.4273],[93.1889,22.4135],[93.1955,22.4033],[93.1923,22.3908],[93.1926,22.3708],[93.1971,22.3586],[93.2,22.3436],[93.2066,22.3295],[93.1984,22.3201],[93.2013,22.3061],[93.2011,22.292],[93.204,22.2757],[93.2086,22.2611],[93.1964,22.2556],[93.1837,22.2491],[93.1709,22.2497],[93.1572,22.2474],[93.1464,22.2411],[93.1565,22.2287],[93.1586,22.2112],[93.1698,22.2001],[93.163,22.1823],[93.1484,22.1768],[93.1307,22.1791],[93.1228,22.189],[93.1172,22.2013],[93.1022,22.1988],[93.0888,22.2026],[93.077,22.2101],[93.0598,22.204],[93.0483,22.1989],[93.0537,22.1758],[93.052,22.1567],[93.047,22.1391],[93.0592,22.1275],[93.0665,22.1133],[93.0598,22.0998],[93.0463,22.1013],[93.0322,22.1049],[93.016,22.1055],[93.0156,22.0931],[93.0118,22.0793],[93.0038,22.0611],[92.9999,22.0395],[93.0067,22.023],[93.0104,22.0112],[93.0101,21.9958],[93.0066,21.9799],[92.9924,21.9808],[92.9818,22.0019],[92.9695,22.0141],[92.9666,22.0271],[92.9528,22.0274],[92.9421,22.0183],[92.9322,22.0019],[92.9248,21.9871],[92.9194,21.9738],[92.9145,21.9566],[92.9047,21.9808],[92.8964,22.0039],[92.8894,22.0182],[92.8795,22.0259],[92.8725,22.0365],[92.8701,22.0542],[92.8633,22.0676],[92.849,22.0624],[92.8414,22.072],[92.8256,22.0797],[92.8171,22.0956],[92.8033,22.1023],[92.7888,22.1089],[92.7768,22.11],[92.7701,22.1231],[92.7513,22.1327],[92.7378,22.139],[92.7179,22.1526],[92.7034,22.1538],[92.7006,22.1384],[92.6997,22.1224],[92.6971,22.0993],[92.6975,22.0862],[92.6896,22.1071],[92.6845,22.0921],[92.6858,22.0765],[92.6873,22.0631],[92.6867,22.05],[92.6895,22.0357],[92.6873,22.0239],[92.6768,22.0141],[92.6632,22.0155],[92.6493,22.0034],[92.641,21.9922],[92.6301,21.985],[92.6181,21.9814],[92.6089,21.9928],[92.6088,22.0061],[92.6042,22.0202],[92.6013,22.0344],[92.6023,22.0469],[92.6033,22.059],[92.5997,22.0706],[92.5933,22.0822],[92.5887,22.0942],[92.5844,22.1055],[92.5753,22.1183],[92.5712,22.1323],[92.5853,22.1348],[92.598,22.1347],[92.61,22.1213],[92.6122,22.1331],[92.6148,22.1469],[92.6135,22.1606],[92.6139,22.1729],[92.6048,22.1825],[92.6031,22.1946],[92.6004,22.2094],[92.5995,22.2222],[92.5983,22.2385],[92.5977,22.2572],[92.5928,22.2713],[92.5885,22.2846],[92.5857,22.3037],[92.5874,22.3175],[92.5845,22.331],[92.5795,22.3471],[92.5771,22.3602],[92.5703,22.3771],[92.5656,22.3919],[92.5647,22.4057],[92.5621,22.4261],[92.5595,22.4379],[92.5582,22.4514],[92.5575,22.4635],[92.5532,22.4811],[92.5506,22.5025],[92.5512,22.5148],[92.5476,22.5279],[92.5441,22.5419],[92.5416,22.5541],[92.5314,22.5623],[92.5337,22.575],[92.5399,22.5854],[92.5399,22.6002],[92.5372,22.6141],[92.5362,22.6269],[92.534,22.6428],[92.5317,22.6561],[92.5274,22.6691],[92.5239,22.6835],[92.5204,22.6953],[92.5176,22.7077],[92.5134,22.7193],[92.5072,22.7324],[92.5044,22.7442],[92.4886,22.7474],[92.4874,22.7597],[92.4865,22.7728],[92.4777,22.7843],[92.4778,22.7983],[92.4688,22.8071],[92.4612,22.8169],[92.46,22.8291],[92.4575,22.8417],[92.4592,22.8538],[92.4535,22.8656],[92.4506,22.8775],[92.4479,22.8906],[92.4363,22.8855],[92.4299,22.8967],[92.4207,22.9089],[92.4114,22.9167],[92.4009,22.9255],[92.3892,22.9306],[92.3758,22.9338],[92.3779,22.9465],[92.3792,22.9598],[92.3794,22.9757],[92.3855,22.9869],[92.3858,23.0017],[92.3826,23.0134],[92.3866,23.028],[92.3905,23.0418],[92.3937,23.0582],[92.3884,23.0701],[92.3859,23.0837],[92.3764,23.0917],[92.3674,23.103],[92.3689,23.1175],[92.3726,23.1295],[92.3663,23.1425],[92.3696,23.1555],[92.3678,23.1713],[92.3662,23.1835],[92.3616,23.1971],[92.3645,23.2088],[92.3637,23.2223],[92.3611,23.2375],[92.3732,23.2397],[92.3862,23.24],[92.3984,23.2407],[92.4065,23.25],[92.3992,23.2614],[92.3977,23.2759],[92.389,23.2888],[92.3889,23.3035],[92.3829,23.3181],[92.3722,23.3268],[92.3811,23.3413],[92.3837,23.3536],[92.3772,23.3648],[92.3654,23.3679],[92.3687,23.3804],[92.3622,23.3911],[92.3623,23.4038],[92.354,23.4136],[92.3529,23.4294],[92.3408,23.4312],[92.3372,23.4457],[92.3336,23.4575],[92.3305,23.4694],[92.3301,23.4816],[92.3265,23.4937],[92.3265,23.5063],[92.3218,23.5189],[92.3172,23.5307],[92.3161,23.5454],[92.3154,23.5602],[92.312,23.5755],[92.3059,23.5913],[92.2936,23.596],[92.2933,23.6148],[92.3002,23.6253],[92.2866,23.6278],[92.2813,23.639],[92.2852,23.6513],[92.2925,23.6701],[92.2959,23.6823],[92.2942,23.6961],[92.2856,23.7068],[92.2767,23.7211],[92.2663,23.7387],[92.2683,23.7564],[92.2678,23.77],[92.2637,23.7917],[92.2623,23.8049],[92.2695,23.8178],[92.2837,23.8163],[92.2821,23.8309],[92.2739,23.8417],[92.2852,23.8573],[92.292,23.8714],[92.3042,23.8638],[92.3196,23.8652],[92.3204,23.878],[92.3185,23.8905],[92.323,23.9042],[92.3294,23.9189],[92.3181,23.9304],[92.3127,23.9412],[92.3126,23.9575],[92.3126,23.9702],[92.3227,23.9798],[92.3272,24.0019],[92.3172,24.0176],[92.3193,24.0302],[92.3154,24.0449],[92.3186,24.0573],[92.3192,24.0695],[92.3281,24.0806],[92.3279,24.0938],[92.3323,24.1053],[92.3282,24.1246],[92.3282,24.1386],[92.3344,24.1508],[92.3318,24.1636],[92.33,24.18],[92.3248,24.1948],[92.319,24.209],[92.3136,24.2211],[92.3009,24.222],[92.2963,24.2338],[92.2953,24.248],[92.3105,24.2513],[92.3765,24.2513],[92.3957,24.2525],[92.4165,24.2534],[92.4201,24.2352],[92.4185,24.2216],[92.4197,24.2025],[92.4221,24.1885],[92.4332,24.1833],[92.4378,24.1705],[92.4366,24.1524],[92.4506,24.1437],[92.4631,24.1364],[92.4748,24.1429],[92.4829,24.1527],[92.4948,24.1599],[92.5049,24.1673],[92.5151,24.1755],[92.5297,24.1748],[92.5378,24.1965],[92.5424,24.2106],[92.5474,24.2244],[92.5471,24.2377],[92.5589,24.2479],[92.5818,24.2454],[92.5936,24.2486],[92.606,24.2492],[92.6155,24.2636],[92.619,24.2813],[92.6183,24.2997],[92.6231,24.3203],[92.6243,24.3327],[92.6377,24.3355],[92.649,24.3288],[92.6565,24.3391],[92.667,24.3456],[92.6796,24.3478],[92.6907,24.3548],[92.6933,24.3678],[92.7041,24.3762],[92.7074,24.3924],[92.7142,24.4053],[92.7238,24.4359],[92.7305,24.4528],[92.7436,24.4746],[92.7488,24.4885],[92.7545,24.5011],[92.7645,24.5188],[92.7791,24.4865],[92.7822,24.4748],[92.7899,24.4561],[92.7939,24.444],[92.8003,24.432],[92.8008,24.4191]]]}},{"type":"Feature","properties":{"name":"Nagaland","id":"nagaland"},"geometry":{"type":"Polygon","coordinates":[[[95.2144,26.937],[95.2293,26.9306],[95.234,26.9188],[95.2338,26.9059],[95.2339,26.8908],[95.2178,26.8869],[95.2064,26.8779],[95.1845,26.8648],[95.193,26.8512],[95.2086,26.8507],[95.199,26.8399],[95.2036,26.8213],[95.2151,26.7984],[95.2275,26.7923],[95.2403,26.7892],[95.2316,26.7777],[95.2241,26.7617],[95.221,26.7474],[95.2161,26.7353],[95.2282,26.7238],[95.2361,26.7122],[95.2337,26.6971],[95.2345,26.6831],[95.2274,26.672],[95.2195,26.6607],[95.2098,26.6515],[95.197,26.6474],[95.182,26.6433],[95.1714,26.6301],[95.1583,26.6232],[95.1537,26.6096],[95.1522,26.5976],[95.1545,26.5808],[95.1445,26.5679],[95.1338,26.5624],[95.1213,26.553],[95.1191,26.5396],[95.1132,26.5187],[95.1046,26.5091],[95.096,26.4985],[95.084,26.4859],[95.0758,26.4759],[95.0672,26.4615],[95.0751,26.4524],[95.0906,26.4473],[95.1,26.436],[95.1087,26.4237],[95.1054,26.4111],[95.1217,26.398],[95.1357,26.3878],[95.1346,26.3757],[95.1297,26.362],[95.1317,26.3465],[95.128,26.3307],[95.1299,26.3172],[95.1315,26.3026],[95.1298,26.2887],[95.1213,26.2794],[95.1249,26.2642],[95.1283,26.2526],[95.1212,26.2387],[95.1332,26.2256],[95.1425,26.2142],[95.1283,26.2031],[95.1258,26.1827],[95.1181,26.1689],[95.1205,26.1551],[95.1279,26.137],[95.1209,26.122],[95.1206,26.1097],[95.1315,26.1003],[95.1442,26.101],[95.1575,26.0962],[95.171,26.0968],[95.1854,26.0847],[95.1816,26.0726],[95.173,26.0618],[95.1652,26.0446],[95.1626,26.0314],[95.1489,26.0188],[95.1407,26.0065],[95.128,25.9953],[95.1175,25.9877],[95.1101,25.9757],[95.1002,25.9649],[95.0885,25.9576],[95.0734,25.949],[95.0574,25.947],[95.0449,25.9348],[95.0331,25.9244],[95.0219,25.91],[95.0198,25.898],[95.019,25.8848],[95.0154,25.872],[95.0244,25.8585],[95.0332,25.8465],[95.0342,25.8339],[95.0375,25.8202],[95.0494,25.8101],[95.0476,25.7877],[95.0525,25.7627],[95.0444,25.7533],[95.0337,25.7414],[95.0189,25.7385],[95.0024,25.7326],[94.9932,25.7143],[94.9837,25.7043],[94.9732,25.6967],[94.9538,25.6834],[94.9429,25.6753],[94.9351,25.6646],[94.9319,25.652],[94.9266,25.6406],[94.9223,25.6245],[94.9197,25.6111],[94.9047,25.6014],[94.889,25.5931],[94.8971,25.5774],[94.905,25.5671],[94.8878,25.5654],[94.8586,25.5634],[94.8434,25.5557],[94.8339,25.5467],[94.8297,25.5349],[94.8253,25.5209],[94.8186,25.5069],[94.8125,25.4954],[94.7971,25.4937],[94.7845,25.4902],[94.7727,25.4813],[94.7623,25.4915],[94.7515,25.4825],[94.7392,25.4768],[94.7218,25.4725],[94.7024,25.4686],[94.6886,25.4655],[94.6698,25.4554],[94.6565,25.4586],[94.633,25.4657],[94.6075,25.4824],[94.5949,25.4881],[94.585,25.4969],[94.5746,25.5052],[94.5574,25.5128],[94.5613,25.5307],[94.5599,25.5457],[94.5614,25.5605],[94.5615,25.5783],[94.5596,25.5941],[94.5669,25.6041],[94.5769,25.6204],[94.5838,25.6345],[94.5946,25.6427],[94.5761,25.6447],[94.5814,25.6574],[94.5856,25.67],[94.59,25.6812],[94.583,25.6932],[94.568,25.6922],[94.5522,25.6674],[94.5447,25.6575],[94.5315,25.6501],[94.5145,25.6305],[94.5078,25.6189],[94.4934,25.6143],[94.474,25.6216],[94.4493,25.6011],[94.4377,25.5959],[94.4257,25.5815],[94.4264,25.5615],[94.4203,25.5427],[94.4045,25.5409],[94.3885,25.5366],[94.3647,25.5215],[94.329,25.5084],[94.3207,25.4993],[94.309,25.4938],[94.299,25.5007],[94.2907,25.5095],[94.2741,25.503],[94.2573,25.5034],[94.2317,25.4983],[94.2149,25.5002],[94.2069,25.5116],[94.1992,25.5228],[94.1901,25.5346],[94.1949,25.5524],[94.1828,25.5533],[94.1679,25.547],[94.1529,25.5478],[94.1482,25.5317],[94.1387,25.5237],[94.1061,25.5289],[94.0921,25.5327],[94.095,25.5464],[94.086,25.5597],[94.0694,25.559],[94.0541,25.5768],[94.039,25.5799],[94.0273,25.588],[94.0147,25.5961],[94.0118,25.5791],[94.0006,25.5739],[93.9805,25.5713],[93.9726,25.5612],[93.9574,25.5568],[93.9435,25.5634],[93.9301,25.5654],[93.9171,25.5667],[93.9048,25.5674],[93.892,25.5684],[93.8784,25.562],[93.8622,25.5575],[93.8442,25.5617],[93.8333,25.5564],[93.8233,25.5482],[93.8078,25.5445],[93.7795,25.538],[93.769,25.5307],[93.7693,25.5177],[93.7658,25.4999],[93.7885,25.5065],[93.804,25.499],[93.8139,25.4847],[93.809,25.4656],[93.7984,25.4539],[93.7902,25.4434],[93.7845,25.4319],[93.7644,25.4181],[93.7467,25.4057],[93.7401,25.3952],[93.731,25.3804],[93.719,25.3704],[93.7116,25.3581],[93.6928,25.3616],[93.6915,25.3474],[93.6871,25.3312],[93.6721,25.3287],[93.6729,25.3115],[93.6656,25.2984],[93.6516,25.279],[93.6435,25.2659],[93.6381,25.2504],[93.6289,25.2357],[93.6211,25.2249],[93.6126,25.2062],[93.601,25.2024],[93.592,25.2139],[93.5816,25.226],[93.5708,25.2325],[93.5631,25.2466],[93.5472,25.2485],[93.5294,25.2484],[93.5164,25.2448],[93.5042,25.2534],[93.5108,25.2756],[93.4949,25.2787],[93.4768,25.279],[93.4746,25.2924],[93.474,25.3093],[93.4631,25.3199],[93.4619,25.3366],[93.4519,25.3442],[93.4623,25.3589],[93.4782,25.3799],[93.4739,25.3931],[93.4672,25.4031],[93.4654,25.4159],[93.4619,25.4347],[93.4436,25.4506],[93.4275,25.4553],[93.4029,25.4592],[93.3904,25.4692],[93.3913,25.4814],[93.3864,25.4934],[93.3718,25.5011],[93.3668,25.5129],[93.3576,25.5277],[93.3492,25.5383],[93.3357,25.5454],[93.3455,25.5611],[93.3607,25.5604],[93.3694,25.5703],[93.3827,25.5762],[93.3906,25.5891],[93.4068,25.5965],[93.4076,25.6094],[93.4183,25.6211],[93.4275,25.6315],[93.4392,25.6344],[93.452,25.6375],[93.4656,25.6442],[93.4834,25.6458],[93.4902,25.656],[93.5021,25.662],[93.5102,25.671],[93.5203,25.6837],[93.5259,25.6997],[93.538,25.7032],[93.5488,25.7147],[93.5448,25.727],[93.5569,25.7377],[93.5701,25.7517],[93.5838,25.7577],[93.5927,25.7662],[93.6056,25.7675],[93.6223,25.7798],[93.627,25.7916],[93.629,25.8044],[93.6403,25.8134],[93.6485,25.824],[93.6608,25.8244],[93.6726,25.8281],[93.6829,25.8358],[93.692,25.8441],[93.7036,25.8535],[93.6909,25.8893],[93.6858,25.9049],[93.6977,25.9171],[93.7125,25.9227],[93.7289,25.9284],[93.7501,25.9373],[93.7589,25.9487],[93.7703,25.9535],[93.773,25.966],[93.7852,25.9583],[93.7894,25.946],[93.7886,25.933],[93.7963,25.9182],[93.7981,25.9063],[93.7918,25.8949],[93.7875,25.8789],[93.7858,25.8669],[93.7836,25.8539],[93.7826,25.8382],[93.7888,25.826],[93.7958,25.8144],[93.8116,25.8213],[93.8214,25.8324],[93.8243,25.8471],[93.8327,25.8563],[93.8517,25.863],[93.8687,25.8554],[93.8827,25.8459],[93.8916,25.8586],[93.9018,25.871],[93.9138,25.8818],[93.9239,25.8898],[93.9402,25.901],[93.9598,25.9053],[93.972,25.9175],[93.9827,25.9263],[93.9711,25.9449],[93.9692,25.9608],[93.956,25.9742],[93.9606,25.997],[93.9584,26.0119],[93.9631,26.0334],[93.9726,26.045],[93.9808,26.0586],[93.9911,26.0726],[93.986,26.0836],[93.9922,26.0978],[93.9996,26.1085],[93.9912,26.1181],[93.9983,26.1294],[94.0052,26.1419],[93.9997,26.1582],[94.0048,26.1733],[94.013,26.1863],[94.0266,26.1971],[94.0368,26.2097],[94.0405,26.2235],[94.0442,26.24],[94.0529,26.2558],[94.0646,26.2618],[94.076,26.2692],[94.0768,26.2852],[94.0903,26.2971],[94.1027,26.3087],[94.1045,26.322],[94.1184,26.3227],[94.124,26.3359],[94.1388,26.3416],[94.1545,26.34],[94.1721,26.3444],[94.18,26.3541],[94.1677,26.3533],[94.1736,26.3676],[94.1791,26.3887],[94.1768,26.4134],[94.1765,26.4281],[94.1865,26.4605],[94.2011,26.4699],[94.2094,26.4837],[94.2236,26.5006],[94.2399,26.5114],[94.2521,26.5277],[94.2626,26.5439],[94.2767,26.5588],[94.2898,26.5641],[94.2856,26.5466],[94.2856,26.5341],[94.2888,26.5183],[94.2902,26.496],[94.2939,26.4807],[94.3033,26.4673],[94.3165,26.4629],[94.3248,26.4722],[94.3293,26.4838],[94.3434,26.49],[94.3518,26.4992],[94.3587,26.5091],[94.3776,26.5131],[94.3783,26.5253],[94.3914,26.5328],[94.4025,26.5388],[94.408,26.5497],[94.4093,26.569],[94.4148,26.5833],[94.406,26.6019],[94.4079,26.6143],[94.4345,26.6254],[94.4545,26.639],[94.4586,26.6553],[94.4645,26.6675],[94.4857,26.6737],[94.4983,26.6737],[94.5071,26.683],[94.5197,26.6946],[94.5409,26.7096],[94.5547,26.7084],[94.5623,26.6938],[94.5747,26.691],[94.5828,26.7056],[94.5949,26.7066],[94.5983,26.7199],[94.5999,26.7377],[94.6119,26.7327],[94.6211,26.7212],[94.6403,26.724],[94.6534,26.7236],[94.6651,26.7278],[94.6866,26.7326],[94.6969,26.7397],[94.7114,26.7528],[94.7319,26.764],[94.7417,26.7736],[94.7541,26.7743],[94.7683,26.7834],[94.7731,26.795],[94.7856,26.7986],[94.8022,26.8061],[94.7966,26.8185],[94.8092,26.8233],[94.8154,26.8368],[94.8217,26.8493],[94.8323,26.8627],[94.8388,26.874],[94.8515,26.8813],[94.859,26.8933],[94.8653,26.9069],[94.8815,26.9267],[94.8945,26.9373],[94.9088,26.9423],[94.9238,26.9503],[94.9336,26.9385],[94.9471,26.9402],[94.9642,26.9406],[94.9707,26.9284],[94.9857,26.9182],[94.9995,26.9243],[95.0166,26.9244],[95.0286,26.9325],[95.0546,26.9409],[95.0653,26.9482],[95.0869,26.9527],[95.11,26.9669],[95.1169,26.9837],[95.137,26.9936],[95.1495,26.9998],[95.1955,27.0429],[95.1979,27.0198],[95.2001,27.0062],[95.1952,26.99],[95.2078,26.9847],[95.215,26.9704],[95.2092,26.9567],[95.2122,26.9433],[95.2144,26.937]]]}},{"type":"Feature","properties":{"name":"Odisha","id":"odisha"},"geometry":{"type":"MultiPolygon","coordinates":[[[[84.7699,19.106],[84.7699,19.106]]],[[[84.7565,19.111],[84.7565,19.111]]],[[[84.7832,19.111],[84.7782,19.0999],[84.7718,19.0896],[84.7663,19.0785],[84.7302,19.0893],[84.7426,19.0879],[84.7551,19.0854],[84.7576,19.0974],[84.769,19.1024],[84.7793,19.1087],[84.7832,19.111]]],[[[86.2406,19.9094],[86.2406,19.9094]]],[[[86.3725,19.9544],[86.3608,19.9508],[86.3714,19.9569],[86.3725,19.9544]]],[[[86.3869,19.9628],[86.3869,19.9628]]],[[[86.3925,19.9661],[86.3925,19.9661]]],[[[86.3686,19.9739],[86.3686,19.9739]]],[[[86.3211,19.9881],[86.3211,19.9881]]],[[[86.3214,19.9989],[86.3214,19.9989]]],[[[86.3356,19.9908],[86.3272,20],[86.3356,19.9908]]],[[[86.3104,20.0162],[86.3104,20.0162]]],[[[86.2531,20.0253],[86.2531,20.0253]]],[[[86.4109,20.0183],[86.4109,20.0183]]],[[[86.2725,20.0244],[86.2725,20.0244]]],[[[86.3203,20.0294],[86.3203,20.0294]]],[[[86.315,20.0317],[86.3214,20.0214],[86.3083,20.0233],[86.315,20.0317]]],[[[86.2658,20.0336],[86.2658,20.0336]]],[[[86.31,20.0408],[86.31,20.0408]]],[[[86.3006,20.0425],[86.3006,20.0425]]],[[[86.4264,20.0386],[86.4264,20.0386]]],[[[86.295,20.0497],[86.295,20.0497]]],[[[86.2703,20.0581],[86.2797,20.0503],[86.29,20.0439],[86.3008,20.0381],[86.2917,20.0294],[86.2797,20.0267],[86.2694,20.0339],[86.2575,20.0322],[86.2459,20.0289],[86.2479,20.0409],[86.2555,20.0503],[86.2664,20.0578],[86.2703,20.0581]]],[[[86.2634,20.0581],[86.2528,20.0522],[86.2634,20.0581]]],[[[86.4372,20.0594],[86.4372,20.0594]]],[[[86.4911,20.1497],[86.4911,20.1497]]],[[[86.5017,20.1758],[86.4979,20.1639],[86.4977,20.176],[86.5017,20.1758]]],[[[86.553,20.2053],[86.553,20.2053]]],[[[86.7917,20.3736],[86.7917,20.3736]]],[[[86.7939,20.3799],[86.7939,20.3799]]],[[[86.7931,20.3842],[86.7931,20.3842]]],[[[86.8028,20.4208],[86.8131,20.4144],[86.814,20.4022],[86.8094,20.3908],[86.8075,20.3783],[86.8011,20.3886],[86.8014,20.4008],[86.8025,20.4128],[86.8028,20.4208]]],[[[86.7897,20.3876],[86.79,20.4002],[86.7906,20.4128],[86.7903,20.425],[86.7944,20.4133],[86.7933,20.4011],[86.7922,20.389],[86.7897,20.3876]]],[[[86.8027,20.4595],[86.8027,20.4595]]],[[[86.8053,20.4919],[86.8094,20.4806],[86.806,20.4684],[86.8058,20.4808],[86.8053,20.4919]]],[[[86.8742,20.6736],[86.8742,20.6736]]],[[[86.7981,20.6919],[86.7936,20.6806],[86.7942,20.6928],[86.7981,20.6919]]],[[[87.003,20.7108],[87.003,20.7108]]],[[[87.0085,20.7081],[87.0115,20.7199],[87.0085,20.7081]]],[[[87.0575,20.7444],[87.0575,20.7444]]],[[[87.0706,20.7362],[87.0712,20.7485],[87.0706,20.7362]]],[[[87.0908,20.7575],[87.0796,20.7531],[87.0845,20.7644],[87.0908,20.7575]]],[[[86.8707,20.7718],[86.883,20.7686],[86.8956,20.7672],[86.91,20.7683],[86.9233,20.7682],[86.9366,20.7669],[86.9486,20.7667],[86.9609,20.7667],[86.973,20.7703],[86.9867,20.7718],[86.9964,20.7647],[86.9997,20.7531],[87.0069,20.7431],[87.005,20.7311],[87.0022,20.7194],[86.995,20.7095],[86.9831,20.7125],[86.9713,20.7148],[86.9592,20.7145],[86.947,20.7158],[86.9349,20.7164],[86.9236,20.7122],[86.9126,20.7065],[86.902,20.7005],[86.8912,20.6938],[86.882,20.6859],[86.873,20.6775],[86.865,20.668],[86.8647,20.68],[86.8681,20.6917],[86.8772,20.6997],[86.8847,20.7092],[86.8772,20.7194],[86.8789,20.7325],[86.8761,20.7203],[86.8833,20.7097],[86.8753,20.7],[86.8639,20.6928],[86.8556,20.6831],[86.8567,20.6708],[86.8556,20.6588],[86.8453,20.6522],[86.838,20.6623],[86.8306,20.6722],[86.8189,20.6766],[86.8067,20.6768],[86.7958,20.6711],[86.8074,20.6669],[86.8157,20.658],[86.8217,20.6475],[86.8132,20.6388],[86.8024,20.6449],[86.7903,20.6453],[86.7781,20.6467],[86.7819,20.6583],[86.7906,20.6669],[86.7978,20.6772],[86.8036,20.6911],[86.805,20.7036],[86.8147,20.7136],[86.82,20.7247],[86.8225,20.7375],[86.8258,20.7492],[86.8358,20.7658],[86.8475,20.7731],[86.8611,20.7756],[86.8707,20.7718]]],[[[86.8753,20.7758],[86.8753,20.7758]]],[[[86.865,20.7811],[86.865,20.7811]]],[[[86.9842,20.7822],[86.9842,20.7822]]],[[[86.9481,20.7846],[86.9481,20.7846]]],[[[86.8819,20.7886],[86.8942,20.7875],[86.9061,20.7847],[86.9181,20.7819],[86.9306,20.7806],[86.9428,20.7792],[86.9322,20.7733],[86.92,20.7742],[86.9078,20.7747],[86.8953,20.7717],[86.8833,20.7731],[86.8728,20.7792],[86.8808,20.7883],[86.8819,20.7886]]],[[[87.0165,20.8028],[87.0057,20.8096],[87.0023,20.822],[87.0126,20.8283],[87.02,20.8186],[87.0174,20.8044],[87.0165,20.8028]]],[[[87.1239,21.5197],[87.1239,21.5197]]],[[[86.0783,22.5304],[86.0916,22.5092],[86.0981,22.4956],[86.1073,22.4849],[86.1199,22.4856],[86.1462,22.4791],[86.166,22.4767],[86.1967,22.4677],[86.2091,22.4628],[86.2204,22.4491],[86.2426,22.4445],[86.2596,22.4413],[86.2798,22.4455],[86.288,22.4254],[86.3007,22.4153],[86.3098,22.3973],[86.3199,22.3804],[86.3393,22.3661],[86.3527,22.3515],[86.363,22.3396],[86.3755,22.3371],[86.3906,22.3253],[86.4013,22.3194],[86.4217,22.3139],[86.4334,22.3015],[86.4402,22.3114],[86.4384,22.3234],[86.4582,22.3221],[86.4684,22.3323],[86.4817,22.342],[86.4999,22.341],[86.508,22.324],[86.5196,22.3206],[86.5232,22.3078],[86.5324,22.2982],[86.5457,22.2989],[86.5612,22.297],[86.5743,22.2939],[86.5856,22.2866],[86.5909,22.2748],[86.6026,22.2784],[86.6161,22.276],[86.6272,22.2668],[86.6414,22.2642],[86.6483,22.2532],[86.6482,22.2357],[86.6603,22.2342],[86.674,22.225],[86.6918,22.2174],[86.7115,22.2177],[86.7177,22.1979],[86.7172,22.1856],[86.7169,22.1638],[86.7154,22.1435],[86.7323,22.1449],[86.7522,22.144],[86.7715,22.1468],[86.7868,22.1537],[86.8005,22.1459],[86.8005,22.1305],[86.8044,22.1171],[86.8208,22.1136],[86.8313,22.1007],[86.8417,22.0918],[86.9088,22.0864],[86.9223,22.0858],[86.9443,22.082],[86.9572,22.0834],[86.9705,22.074],[86.9875,22.0551],[86.9952,22.0458],[87.0094,22.0415],[87.0247,22.0327],[87.0223,22.0121],[87.028,21.9984],[87.0322,21.9861],[87.0203,21.9684],[87.0149,21.9533],[87.0055,21.9407],[87.0025,21.9224],[86.9979,21.9075],[87.0048,21.8955],[87.0168,21.8872],[87.0251,21.8703],[87.0538,21.8609],[87.0777,21.8598],[87.0946,21.8603],[87.0929,21.8742],[87.0961,21.8862],[87.0888,21.8981],[87.0996,21.911],[87.1103,21.918],[87.1235,21.9202],[87.1368,21.918],[87.1478,21.9259],[87.1599,21.9339],[87.1598,21.9491],[87.1606,21.9624],[87.1674,21.9734],[87.1884,21.957],[87.2029,21.9564],[87.2212,21.9532],[87.2348,21.9544],[87.2322,21.9404],[87.2521,21.921],[87.2394,21.9068],[87.2348,21.8956],[87.2473,21.8717],[87.2448,21.8564],[87.2553,21.8439],[87.2617,21.8333],[87.2676,21.8215],[87.2731,21.8058],[87.287,21.8038],[87.2966,21.7953],[87.3092,21.7889],[87.3229,21.786],[87.3353,21.7836],[87.3521,21.7857],[87.3678,21.7746],[87.3687,21.7626],[87.3833,21.7709],[87.3938,21.7638],[87.4121,21.7638],[87.4248,21.7657],[87.4393,21.7644],[87.4433,21.7421],[87.4514,21.7324],[87.4628,21.7264],[87.4708,21.7072],[87.4697,21.6916],[87.4683,21.6773],[87.4649,21.6586],[87.4586,21.6449],[87.4707,21.6431],[87.4775,21.6318],[87.4827,21.618],[87.4775,21.6071],[87.4639,21.6064],[87.4544,21.5989],[87.4458,21.5903],[87.4344,21.5825],[87.4242,21.5747],[87.415,21.5664],[87.4061,21.5578],[87.393,21.5611],[87.3834,21.5535],[87.3725,21.5481],[87.3603,21.5517],[87.3483,21.5519],[87.335,21.5533],[87.3228,21.5547],[87.31,21.555],[87.2961,21.555],[87.2841,21.5547],[87.2711,21.5536],[87.2586,21.5527],[87.2457,21.5516],[87.2322,21.55],[87.2184,21.5482],[87.2058,21.5472],[87.1946,21.5417],[87.1825,21.538],[87.1712,21.5337],[87.1599,21.5293],[87.1492,21.5235],[87.1385,21.5178],[87.1272,21.5133],[87.116,21.5179],[87.1119,21.5064],[87.1031,21.4975],[87.0944,21.4892],[87.0858,21.4808],[87.0744,21.4714],[87.0628,21.4756],[87.05,21.4767],[87.0619,21.4728],[87.0617,21.4606],[87.0498,21.4587],[87.0402,21.4512],[87.0305,21.4437],[87.0206,21.4369],[87.0105,21.4298],[87.0003,21.4228],[86.99,21.4158],[86.9797,21.4089],[86.9708,21.3983],[86.9614,21.3894],[86.9531,21.3806],[86.9447,21.3717],[86.9364,21.3614],[86.9286,21.3522],[86.9203,21.3431],[86.91,21.3369],[86.9039,21.3242],[86.8936,21.3172],[86.8894,21.3056],[86.8836,21.2947],[86.8753,21.2847],[86.8683,21.2747],[86.8614,21.2642],[86.855,21.2536],[86.8494,21.2428],[86.8489,21.2294],[86.8411,21.2197],[86.8394,21.2075],[86.8289,21.2011],[86.8225,21.19],[86.8186,21.1783],[86.8267,21.1694],[86.8251,21.1574],[86.8247,21.145],[86.8275,21.1331],[86.8303,21.1211],[86.8342,21.1097],[86.8392,21.0978],[86.8433,21.0864],[86.8494,21.0758],[86.8547,21.065],[86.8606,21.0531],[86.8683,21.0436],[86.8761,21.0328],[86.8836,21.0225],[86.8908,21.0125],[86.8967,21.0014],[86.9017,20.9889],[86.9059,20.9766],[86.9101,20.9651],[86.9128,20.9533],[86.9169,20.9413],[86.9225,20.9306],[86.9289,20.92],[86.9342,20.9092],[86.9389,20.8978],[86.9445,20.8868],[86.9517,20.8764],[86.9581,20.8658],[86.9622,20.8544],[86.9652,20.8419],[86.9687,20.8301],[86.9686,20.8181],[86.9661,20.805],[86.9636,20.7925],[86.9533,20.7861],[86.9403,20.7897],[86.9258,20.7906],[86.91,20.7922],[86.8967,20.7931],[86.885,20.7958],[86.8728,20.795],[86.8614,20.7903],[86.8508,20.7839],[86.8394,20.7792],[86.8292,20.7725],[86.8206,20.7639],[86.8153,20.7528],[86.8186,20.7403],[86.8167,20.7283],[86.8067,20.7142],[86.7992,20.7042],[86.7931,20.6933],[86.7883,20.6822],[86.7856,20.67],[86.7781,20.6606],[86.7703,20.6508],[86.7664,20.6392],[86.7651,20.6265],[86.7575,20.6167],[86.7686,20.6222],[86.7719,20.6339],[86.7758,20.6456],[86.7883,20.6433],[86.8006,20.6437],[86.8117,20.6386],[86.8227,20.6436],[86.8188,20.6551],[86.8119,20.6654],[86.7992,20.6661],[86.8065,20.6758],[86.8188,20.6753],[86.8302,20.6711],[86.8369,20.6609],[86.8438,20.6507],[86.855,20.6561],[86.8653,20.6636],[86.8747,20.6712],[86.8831,20.6803],[86.8925,20.6881],[86.9025,20.6978],[86.915,20.7028],[86.9262,20.7075],[86.938,20.7114],[86.9503,20.71],[86.9631,20.7094],[86.9761,20.7061],[86.9878,20.7028],[87,20.7003],[86.9881,20.6985],[87,20.6953],[87.0121,20.6985],[87.0241,20.7015],[87.0353,20.7064],[87.027,20.6963],[87.0166,20.6897],[87.0067,20.6826],[86.9961,20.6753],[86.9861,20.6681],[86.9747,20.6617],[86.9633,20.6544],[86.9528,20.6481],[86.9419,20.6414],[86.93,20.6342],[86.92,20.6267],[86.9086,20.6211],[86.8989,20.6139],[86.8889,20.6072],[86.8783,20.6011],[86.8669,20.5939],[86.8569,20.5869],[86.8469,20.5792],[86.8364,20.5725],[86.825,20.5642],[86.8145,20.5583],[86.8042,20.5503],[86.7934,20.5448],[86.7844,20.5358],[86.7786,20.525],[86.7753,20.5131],[86.7667,20.5042],[86.7555,20.4996],[86.7506,20.4886],[86.7478,20.4769],[86.7358,20.4794],[86.738,20.4675],[86.7339,20.4561],[86.7333,20.4439],[86.7328,20.4319],[86.7336,20.4186],[86.73,20.4058],[86.7431,20.405],[86.7525,20.3975],[86.765,20.3975],[86.7767,20.3942],[86.7819,20.3833],[86.7717,20.3769],[86.7647,20.3669],[86.7732,20.3754],[86.7855,20.3772],[86.78,20.3661],[86.7892,20.3583],[86.7819,20.3483],[86.7744,20.3389],[86.7664,20.3297],[86.7558,20.3231],[86.7453,20.3172],[86.7364,20.3086],[86.7244,20.3064],[86.7133,20.3017],[86.7189,20.2903],[86.7089,20.2831],[86.6972,20.2786],[86.6855,20.2717],[86.6739,20.2686],[86.6722,20.2811],[86.6725,20.2678],[86.6806,20.2589],[86.6683,20.2563],[86.6562,20.2526],[86.6446,20.2482],[86.6321,20.2429],[86.6198,20.2379],[86.6069,20.2317],[86.5961,20.2256],[86.5853,20.2203],[86.5736,20.2172],[86.5619,20.2114],[86.5494,20.2061],[86.5383,20.2008],[86.5275,20.1944],[86.5172,20.1864],[86.5089,20.1772],[86.4956,20.1806],[86.4875,20.1717],[86.4767,20.1656],[86.4736,20.1531],[86.4617,20.155],[86.4714,20.1478],[86.4742,20.1611],[86.4844,20.1697],[86.4908,20.1586],[86.4861,20.1472],[86.4746,20.1414],[86.48,20.1297],[86.4708,20.1219],[86.4628,20.1119],[86.4703,20.1025],[86.4642,20.1133],[86.4744,20.1228],[86.4808,20.1333],[86.4878,20.1233],[86.4914,20.135],[86.495,20.1467],[86.5011,20.1578],[86.5075,20.1683],[86.5178,20.1758],[86.5275,20.1831],[86.5388,20.1894],[86.55,20.1947],[86.5406,20.1872],[86.5311,20.1797],[86.5225,20.1711],[86.5153,20.1614],[86.5086,20.1511],[86.5008,20.1394],[86.4961,20.1283],[86.4883,20.1186],[86.4797,20.1072],[86.4717,20.0964],[86.4625,20.0869],[86.4539,20.0781],[86.4444,20.0706],[86.4368,20.061],[86.4258,20.0561],[86.4136,20.0558],[86.4256,20.0545],[86.4172,20.0449],[86.4158,20.0328],[86.4087,20.0228],[86.4128,20.0108],[86.4083,19.9978],[86.3992,19.9889],[86.3906,19.9803],[86.3783,19.9786],[86.3814,19.9906],[86.3747,19.9803],[86.3622,19.9803],[86.35,19.9833],[86.3397,19.9897],[86.3386,20.0018],[86.3344,20.0136],[86.3283,20.0242],[86.3224,20.035],[86.3118,20.0415],[86.3011,20.047],[86.2927,20.0559],[86.2808,20.0542],[86.2708,20.0619],[86.2585,20.0597],[86.2479,20.0532],[86.2456,20.0414],[86.2406,20.0294],[86.2495,20.0213],[86.2611,20.0181],[86.2735,20.0178],[86.2845,20.0229],[86.2967,20.0214],[86.3059,20.0133],[86.3118,20.0025],[86.318,19.9922],[86.3118,19.9818],[86.3239,19.9836],[86.3344,19.9769],[86.3347,19.9639],[86.3264,19.955],[86.3367,19.9625],[86.3491,19.9655],[86.3597,19.9597],[86.3517,19.9506],[86.3395,19.9474],[86.3275,19.9447],[86.3144,19.9412],[86.3017,19.9372],[86.2904,19.9328],[86.2787,19.9273],[86.2672,19.9216],[86.2542,19.9152],[86.2414,19.9139],[86.2317,19.9067],[86.2266,19.9186],[86.2161,19.9127],[86.2247,19.9022],[86.2125,19.8955],[86.1991,19.8908],[86.1853,19.8863],[86.1728,19.8828],[86.1608,19.8789],[86.1489,19.8753],[86.1367,19.8714],[86.1241,19.868],[86.1114,19.8647],[86.0997,19.8617],[86.0878,19.8585],[86.0758,19.8569],[86.0633,19.855],[86.0508,19.8527],[86.0381,19.8544],[86.0281,19.8475],[86.0389,19.8528],[86.0305,19.8439],[86.0185,19.8416],[86.0066,19.8391],[85.9947,19.8375],[85.9828,19.8353],[85.9706,19.8331],[85.9583,19.8308],[85.9464,19.8281],[85.9344,19.8256],[85.9214,19.8233],[85.9086,19.8225],[85.8981,19.8152],[85.8864,19.8125],[85.8747,19.8094],[85.8631,19.8056],[85.8511,19.8017],[85.838,19.7988],[85.8249,19.7948],[85.8132,19.7915],[85.8012,19.7873],[85.789,19.7836],[85.7772,19.7781],[85.7644,19.7741],[85.7526,19.7698],[85.7408,19.7656],[85.7281,19.7617],[85.7161,19.7575],[85.7044,19.7539],[85.693,19.7495],[85.6805,19.7457],[85.6692,19.7408],[85.6603,19.7319],[85.6475,19.7294],[85.6364,19.7242],[85.6253,19.7192],[85.6143,19.7144],[85.6036,19.7089],[85.5928,19.7033],[85.5819,19.6975],[85.57,19.6928],[85.5589,19.6872],[85.5481,19.6817],[85.5364,19.6764],[85.5254,19.6715],[85.5135,19.6655],[85.5028,19.6592],[85.4917,19.6539],[85.4806,19.6492],[85.4694,19.6442],[85.4583,19.6394],[85.4465,19.635],[85.4328,19.6292],[85.4192,19.6231],[85.4072,19.6167],[85.3957,19.6107],[85.3847,19.6053],[85.3739,19.5992],[85.3627,19.5934],[85.3519,19.5872],[85.3409,19.5814],[85.3308,19.5747],[85.3206,19.5681],[85.3094,19.5625],[85.2994,19.5558],[85.289,19.5497],[85.2792,19.5425],[85.2692,19.5353],[85.2578,19.5264],[85.2472,19.5192],[85.2372,19.5125],[85.2272,19.5058],[85.2161,19.4972],[85.2053,19.49],[85.1947,19.4822],[85.1844,19.4756],[85.1742,19.4683],[85.1642,19.4614],[85.1544,19.4539],[85.1422,19.4453],[85.132,19.4369],[85.1218,19.4292],[85.1125,19.4211],[85.1038,19.4126],[85.0964,19.4025],[85.0874,19.3899],[85.0797,19.3794],[85.0689,19.3731],[85.0617,19.3633],[85.0508,19.3575],[85.0397,19.3514],[85.0289,19.3456],[85.0183,19.3392],[85.0069,19.3319],[84.996,19.326],[84.9857,19.3193],[84.976,19.3121],[84.9671,19.304],[84.9576,19.2962],[84.9479,19.289],[84.9379,19.2821],[84.929,19.274],[84.9199,19.2657],[84.9079,19.2643],[84.9049,19.2526],[84.8951,19.2454],[84.886,19.2374],[84.8776,19.2288],[84.8685,19.2207],[84.8601,19.2121],[84.8515,19.2032],[84.8429,19.1946],[84.8351,19.1854],[84.8274,19.176],[84.8193,19.1671],[84.8118,19.1576],[84.8049,19.1465],[84.7988,19.1357],[84.7918,19.1257],[84.7832,19.1171],[84.7738,19.1096],[84.7618,19.1121],[84.7499,19.1163],[84.7385,19.1124],[84.7346,19.101],[84.7329,19.1129],[84.7354,19.1249],[84.7468,19.1293],[84.7496,19.1413],[84.7376,19.1429],[84.7249,19.1401],[84.7179,19.1299],[84.7085,19.1224],[84.7068,19.1101],[84.714,19.1004],[84.6975,19.1088],[84.6939,19.1216],[84.7065,19.1436],[84.6921,19.1517],[84.6781,19.1535],[84.665,19.1567],[84.6654,19.1447],[84.6645,19.1282],[84.6534,19.1229],[84.6404,19.1222],[84.6255,19.1183],[84.6094,19.1175],[84.5946,19.1235],[84.6029,19.0966],[84.6144,19.0923],[84.6198,19.0765],[84.6314,19.0726],[84.6446,19.0845],[84.6596,19.0709],[84.6545,19.0523],[84.6368,19.0571],[84.6261,19.0503],[84.6127,19.0548],[84.6005,19.0329],[84.597,19.0197],[84.5781,19.0189],[84.5736,19.0351],[84.5781,19.0621],[84.5661,19.065],[84.5536,19.0474],[84.5348,19.0454],[84.5099,19.0375],[84.4978,19.0249],[84.4821,19.0099],[84.4755,18.996],[84.4731,18.9826],[84.4522,18.9883],[84.4374,18.9975],[84.4222,19.0085],[84.4253,18.9953],[84.428,18.9826],[84.4406,18.9669],[84.4203,18.9494],[84.4156,18.938],[84.4294,18.9137],[84.4203,18.9049],[84.4062,18.9061],[84.4121,18.8939],[84.3978,18.8861],[84.3785,18.8932],[84.3653,18.8963],[84.379,18.8855],[84.3862,18.8717],[84.3741,18.8765],[84.3547,18.8829],[84.3596,18.8719],[84.3716,18.8672],[84.3624,18.8511],[84.347,18.86],[84.336,18.8667],[84.3341,18.8516],[84.3381,18.8362],[84.3443,18.8227],[84.3293,18.809],[84.3336,18.7951],[84.3157,18.7862],[84.3043,18.7807],[84.2839,18.7908],[84.2732,18.7825],[84.2589,18.7748],[84.246,18.7734],[84.2312,18.7801],[84.2167,18.7873],[84.2038,18.7826],[84.1903,18.7767],[84.1798,18.769],[84.167,18.7701],[84.1549,18.776],[84.1404,18.7677],[84.1279,18.7613],[84.1229,18.7483],[84.1076,18.7548],[84.0916,18.7452],[84.0793,18.7461],[84.0658,18.7517],[84.0605,18.7627],[84.0492,18.7707],[84.0479,18.7835],[84.0343,18.7901],[84.0271,18.8022],[84.0125,18.8006],[84,18.8048],[83.9823,18.8],[83.9694,18.8038],[83.9556,18.8031],[83.9437,18.7963],[83.9336,18.8069],[83.9206,18.8116],[83.9078,18.8164],[83.8955,18.8149],[83.8869,18.8054],[83.8846,18.8178],[83.8702,18.8184],[83.8643,18.839],[83.848,18.8476],[83.8371,18.8647],[83.8423,18.8882],[83.8403,18.9041],[83.8231,18.9055],[83.8212,18.922],[83.8134,18.9336],[83.8161,18.9487],[83.8106,18.9648],[83.8025,18.9818],[83.7912,18.9924],[83.7883,19.0078],[83.7757,19.009],[83.7685,18.9991],[83.757,18.9939],[83.7411,18.9839],[83.7417,18.9671],[83.7484,18.9514],[83.7615,18.9446],[83.7699,18.933],[83.7772,18.9191],[83.7774,18.9044],[83.7628,18.9065],[83.7561,18.9167],[83.7421,18.9231],[83.7365,18.939],[83.73,18.9602],[83.7263,18.9756],[83.7114,18.985],[83.7044,18.9953],[83.7148,19.0021],[83.7233,19.0119],[83.6998,19.015],[83.6844,19.0439],[83.6667,19.0645],[83.6569,19.0749],[83.6575,19.0878],[83.6503,19.1001],[83.6447,19.1133],[83.6333,19.1244],[83.6302,19.1448],[83.6141,19.1338],[83.6005,19.1277],[83.5937,19.1155],[83.6044,19.0929],[83.5932,19.0849],[83.5822,19.0756],[83.5818,19.0628],[83.5788,19.0498],[83.5611,19.0504],[83.5604,19.064],[83.555,19.0781],[83.5449,19.0694],[83.5515,19.0504],[83.5428,19.0368],[83.5331,19.0194],[83.5314,19.0054],[83.5153,19.0049],[83.4954,19.0111],[83.4926,19.024],[83.5082,19.022],[83.5101,19.0362],[83.5085,19.0499],[83.5054,19.0648],[83.4963,19.0555],[83.4804,19.0665],[83.4732,19.0778],[83.4594,19.0697],[83.4567,19.0561],[83.4628,19.044],[83.4774,19.0255],[83.4751,19.0115],[83.4718,18.999],[83.4585,19.0021],[83.4482,18.9959],[83.4502,18.9824],[83.4583,18.9725],[83.4623,18.9592],[83.4555,18.9456],[83.4427,18.9477],[83.4329,18.9614],[83.4148,18.9779],[83.4106,18.9926],[83.3961,18.9958],[83.3772,18.9947],[83.3623,18.9947],[83.358,19.0061],[83.3463,19.0099],[83.3327,18.9998],[83.3292,18.9882],[83.3164,18.9904],[83.3043,18.987],[83.3133,18.9666],[83.3256,18.959],[83.3289,18.9468],[83.3212,18.936],[83.322,18.9233],[83.3345,18.9158],[83.3395,18.9295],[83.3448,18.9452],[83.3544,18.9545],[83.3639,18.9379],[83.3802,18.9233],[83.3641,18.9228],[83.3552,18.933],[83.3477,18.921],[83.3565,18.9048],[83.3768,18.9025],[83.3725,18.8898],[83.3857,18.8755],[83.4018,18.8671],[83.4113,18.8593],[83.3999,18.8537],[83.3987,18.8335],[83.3865,18.8258],[83.3728,18.8212],[83.3623,18.8321],[83.3501,18.8216],[83.36,18.8074],[83.3478,18.8013],[83.3369,18.7947],[83.323,18.7983],[83.3042,18.7989],[83.2921,18.7925],[83.2795,18.7896],[83.2699,18.7753],[83.2717,18.7632],[83.2594,18.7576],[83.2451,18.7581],[83.2293,18.7641],[83.2171,18.7636],[83.2219,18.752],[83.2145,18.7372],[83.2092,18.7245],[83.2019,18.7361],[83.1854,18.7441],[83.177,18.7544],[83.1562,18.7573],[83.1449,18.7669],[83.133,18.7724],[83.1158,18.7621],[83.1165,18.748],[83.106,18.7385],[83.0992,18.7269],[83.0896,18.7163],[83.0779,18.7053],[83.0691,18.6941],[83.0558,18.6671],[83.051,18.6542],[83.0362,18.6477],[83.0226,18.6444],[83.0115,18.639],[83.0146,18.6263],[83.0213,18.6105],[83.0095,18.5914],[83.0277,18.5823],[83.0397,18.5921],[83.0521,18.5931],[83.0447,18.5782],[83.0311,18.5718],[83.0337,18.5583],[83.0402,18.5449],[83.0512,18.5349],[83.0715,18.5425],[83.0871,18.5411],[83.0823,18.5272],[83.0732,18.5147],[83.0688,18.502],[83.0552,18.4881],[83.0438,18.4721],[83.0341,18.4608],[83.0164,18.4477],[83.0248,18.4367],[83.0373,18.4348],[83.0333,18.4233],[83.0486,18.4249],[83.0612,18.4239],[83.0553,18.4081],[83.0637,18.3957],[83.0562,18.3773],[83.0395,18.3701],[83.0238,18.3764],[83.0116,18.3782],[82.9971,18.3749],[82.9861,18.3659],[82.9764,18.3549],[82.9598,18.3572],[82.9482,18.3521],[82.9327,18.3514],[82.9201,18.3597],[82.9027,18.3559],[82.8919,18.3669],[82.8849,18.3786],[82.891,18.3922],[82.8884,18.4063],[82.8794,18.4146],[82.87,18.4062],[82.856,18.4108],[82.8398,18.4118],[82.8358,18.4242],[82.8242,18.4299],[82.7992,18.4394],[82.7871,18.4267],[82.7762,18.4197],[82.7816,18.4043],[82.7933,18.395],[82.7868,18.3846],[82.781,18.3725],[82.7842,18.3542],[82.7714,18.3397],[82.7618,18.3278],[82.7506,18.3233],[82.7378,18.3199],[82.7253,18.3116],[82.7109,18.3128],[82.7017,18.3048],[82.6903,18.2971],[82.6754,18.2924],[82.6588,18.2866],[82.6522,18.2721],[82.6449,18.2571],[82.6476,18.2447],[82.6372,18.2349],[82.6269,18.2287],[82.6164,18.2381],[82.6095,18.2493],[82.5983,18.2545],[82.5887,18.2621],[82.5885,18.275],[82.5903,18.2878],[82.5878,18.302],[82.5764,18.3068],[82.586,18.3159],[82.6021,18.3173],[82.6003,18.3308],[82.6079,18.3417],[82.5986,18.354],[82.6009,18.3661],[82.5892,18.3771],[82.5756,18.3799],[82.556,18.3885],[82.5423,18.389],[82.5326,18.3968],[82.5376,18.4122],[82.5461,18.4241],[82.5538,18.4377],[82.5384,18.4432],[82.5302,18.4343],[82.5267,18.4473],[82.5161,18.4559],[82.5275,18.4682],[82.5245,18.4828],[82.522,18.497],[82.5074,18.5081],[82.4815,18.5151],[82.4757,18.5294],[82.4534,18.517],[82.4371,18.4973],[82.4291,18.4851],[82.4203,18.4699],[82.3974,18.4516],[82.3823,18.4317],[82.3717,18.4202],[82.3613,18.4099],[82.3725,18.3981],[82.3752,18.3831],[82.3844,18.3724],[82.3788,18.3617],[82.3695,18.3504],[82.3566,18.3336],[82.3454,18.3218],[82.3429,18.3073],[82.358,18.3082],[82.3692,18.3178],[82.3844,18.3187],[82.393,18.3064],[82.3854,18.2891],[82.3719,18.2741],[82.3437,18.2717],[82.3339,18.2523],[82.332,18.2401],[82.3225,18.2281],[82.3267,18.2162],[82.3197,18.201],[82.3061,18.1957],[82.3082,18.1813],[82.3193,18.1714],[82.333,18.1634],[82.3487,18.1618],[82.359,18.1491],[82.3643,18.1349],[82.3449,18.1346],[82.3334,18.1424],[82.3354,18.1273],[82.3325,18.107],[82.3322,18.0941],[82.3432,18.0825],[82.3432,18.0678],[82.3369,18.0491],[82.3249,18.0427],[82.313,18.0452],[82.2965,18.0461],[82.2979,18.062],[82.2851,18.0594],[82.267,18.0483],[82.2622,18.0363],[82.2689,18.0199],[82.2705,17.9977],[82.2611,17.9824],[82.2417,17.9798],[82.237,17.992],[82.223,17.9929],[82.2078,18.0007],[82.1969,18.0087],[82.1774,18.0106],[82.1731,18.0256],[82.1637,18.0416],[82.1473,18.0404],[82.1324,18.0356],[82.1292,18.0487],[82.1133,18.0578],[82.0924,18.0528],[82.0801,18.0604],[82.0644,18.0584],[82.0597,18.0451],[82.0452,18.0456],[82.0326,18.0517],[82.0168,18.0551],[82.0016,18.0448],[82.0021,18.0282],[81.9915,18.0218],[81.9805,18.0113],[81.964,17.9999],[81.9518,17.9921],[81.9361,17.9841],[81.9137,17.9799],[81.8993,17.9685],[81.8851,17.9658],[81.8741,17.9598],[81.8468,17.9508],[81.8333,17.951],[81.8198,17.9455],[81.801,17.9361],[81.7893,17.9214],[81.7824,17.9097],[81.7622,17.8966],[81.7263,17.8741],[81.7032,17.8611],[81.6979,17.8755],[81.6883,17.8848],[81.6777,17.8776],[81.6631,17.8769],[81.6527,17.8682],[81.646,17.8563],[81.6428,17.8393],[81.6314,17.8304],[81.6157,17.822],[81.5997,17.8154],[81.5749,17.8273],[81.5539,17.8164],[81.5257,17.8109],[81.5113,17.8066],[81.4963,17.8065],[81.4812,17.8029],[81.4727,17.8179],[81.4594,17.8247],[81.4376,17.8153],[81.4259,17.8213],[81.4143,17.8164],[81.4093,17.8048],[81.3943,17.8081],[81.3831,17.8141],[81.3933,17.8358],[81.3981,17.8468],[81.3899,17.8594],[81.3905,17.8743],[81.3959,17.8876],[81.4117,17.8854],[81.4231,17.8774],[81.436,17.8754],[81.4437,17.8932],[81.4482,17.9051],[81.4459,17.9172],[81.4548,17.9466],[81.467,17.9549],[81.4733,17.9653],[81.4731,17.9833],[81.4789,18.0037],[81.4775,18.02],[81.4775,18.0387],[81.4947,18.058],[81.496,18.0707],[81.5087,18.0924],[81.5119,18.1292],[81.5217,18.1483],[81.5149,18.1722],[81.5048,18.1838],[81.5111,18.2019],[81.5229,18.2274],[81.5237,18.2487],[81.5395,18.2621],[81.5676,18.2732],[81.5818,18.2882],[81.592,18.2975],[81.6061,18.2994],[81.6214,18.3037],[81.6468,18.3115],[81.6604,18.3158],[81.6494,18.3306],[81.6581,18.3393],[81.6808,18.341],[81.6992,18.3436],[81.7175,18.3432],[81.7371,18.3442],[81.7468,18.3555],[81.7555,18.3862],[81.7604,18.3998],[81.7674,18.4148],[81.7976,18.4398],[81.8289,18.469],[81.8443,18.4815],[81.849,18.5006],[81.8579,18.5131],[81.8708,18.5176],[81.8826,18.5292],[81.8961,18.5284],[81.8976,18.5427],[81.9008,18.5572],[81.9132,18.5612],[81.9255,18.5577],[81.9435,18.5554],[81.9458,18.5749],[81.9545,18.5867],[81.9385,18.5918],[81.9262,18.6032],[81.913,18.6129],[81.8999,18.6196],[81.8873,18.6244],[81.8882,18.6374],[81.8854,18.6503],[81.9049,18.6464],[81.9155,18.6358],[81.9356,18.6329],[81.9474,18.6288],[81.9459,18.6464],[81.9516,18.661],[81.9551,18.6802],[81.9677,18.6906],[81.9919,18.6977],[82.01,18.7106],[82.0337,18.7188],[82.0494,18.7176],[82.0674,18.7171],[82.0786,18.7121],[82.0849,18.7327],[82.0867,18.7469],[82.1057,18.7584],[82.1291,18.7577],[82.1307,18.7701],[82.1455,18.7733],[82.1517,18.7838],[82.1589,18.7951],[82.1587,18.8092],[82.1649,18.8302],[82.1624,18.8451],[82.1613,18.8577],[82.1582,18.8695],[82.1704,18.8776],[82.1708,18.8916],[82.1854,18.897],[82.1987,18.9055],[82.2138,18.9121],[82.2277,18.9067],[82.2396,18.9105],[82.2267,18.994],[82.2251,19.0146],[82.1941,19.0602],[82.2086,19.0785],[82.2121,19.0905],[82.1999,19.0922],[82.2015,19.1158],[82.1762,19.1251],[82.1698,19.1129],[82.1598,19.1265],[82.1647,19.1395],[82.1641,19.1546],[82.1768,19.155],[82.1711,19.1683],[82.1734,19.1843],[82.158,19.1932],[82.1612,19.2084],[82.1516,19.2236],[82.152,19.2389],[82.151,19.2584],[82.1549,19.2748],[82.1685,19.2907],[82.1737,19.3163],[82.1803,19.3322],[82.169,19.3372],[82.1572,19.3428],[82.1423,19.3482],[82.1408,19.3619],[82.1508,19.3703],[82.1664,19.3659],[82.174,19.3769],[82.1778,19.4056],[82.1831,19.4176],[82.1705,19.4295],[82.1341,19.4248],[82.1193,19.4239],[82.1068,19.4431],[82.0969,19.4611],[82.1018,19.4737],[82.099,19.4896],[82.0921,19.5098],[82.0708,19.5159],[82.0598,19.5036],[82.0224,19.5018],[82.0302,19.5142],[82.041,19.5257],[82.0461,19.5386],[82.0404,19.5522],[82.0441,19.5648],[82.0378,19.5772],[82.034,19.5907],[82.0451,19.6017],[82.0485,19.6158],[82.0508,19.6316],[82.0464,19.644],[82.0477,19.6627],[82.0385,19.6928],[82.0416,19.7083],[82.0426,19.7231],[82.044,19.7377],[82.0572,19.7534],[82.059,19.7751],[82.0522,19.7913],[82.0349,19.7927],[82.0082,19.7966],[81.9924,19.7944],[81.9801,19.7958],[81.9702,19.8127],[81.9615,19.8244],[81.9574,19.836],[81.9604,19.8547],[81.9394,19.8648],[81.9245,19.8687],[81.8981,19.8785],[81.8692,19.8928],[81.8584,19.8995],[81.8496,19.9081],[81.8457,19.923],[81.8488,19.9386],[81.8373,19.9501],[81.8469,19.9704],[81.8503,19.9826],[81.8516,19.9961],[81.8576,20.0091],[81.8602,20.0234],[81.8661,20.0352],[81.8738,20.0462],[81.885,20.0417],[81.9014,20.0591],[81.9154,20.0738],[81.9219,20.0869],[81.9339,20.0993],[81.9548,20.0915],[81.9736,20.0756],[81.9833,20.057],[81.9927,20.0478],[82.0069,20.0473],[82.0143,20.0364],[82.0148,20.0195],[82.0244,20.01],[82.031,20.0229],[82.049,20.0352],[82.0579,20.0499],[82.0698,20.048],[82.083,20.0327],[82.0952,20.0268],[82.1055,20.0178],[82.1161,20.0104],[82.1284,20.0126],[82.1483,20.003],[82.1658,19.9981],[82.1758,19.9855],[82.1938,19.9813],[82.2106,19.9908],[82.2244,19.9959],[82.2527,19.9765],[82.2686,19.9579],[82.2695,19.9452],[82.2833,19.9181],[82.2953,19.899],[82.2982,19.8835],[82.3179,19.8592],[82.3251,19.8405],[82.3394,19.83],[82.3562,19.8466],[82.368,19.8545],[82.3773,19.863],[82.3862,19.8768],[82.397,19.8845],[82.4104,19.8934],[82.4249,19.8976],[82.4395,19.9029],[82.4584,19.8946],[82.4757,19.9005],[82.4942,19.8974],[82.4985,19.8852],[82.5124,19.8841],[82.5231,19.8728],[82.5364,19.8769],[82.5509,19.8746],[82.5667,19.8717],[82.5776,19.8634],[82.5908,19.8662],[82.5915,19.8524],[82.5815,19.8405],[82.5718,19.8278],[82.5718,19.8076],[82.5793,19.7972],[82.5793,19.7847],[82.5813,19.7727],[82.5951,19.7731],[82.6033,19.7836],[82.6189,19.7861],[82.6273,19.7962],[82.6363,19.808],[82.6457,19.8254],[82.66,19.8237],[82.6833,19.8237],[82.6984,19.8269],[82.7059,19.8381],[82.7139,19.8621],[82.7064,19.8785],[82.7005,19.8933],[82.7004,19.9066],[82.7043,19.9183],[82.7065,19.9335],[82.7116,19.9445],[82.7109,19.9833],[82.7006,19.9929],[82.6864,19.9946],[82.6505,19.9994],[82.6363,19.9983],[82.6236,19.9976],[82.6144,19.987],[82.5984,19.9856],[82.5824,19.9899],[82.5436,20.0121],[82.5242,20.0104],[82.5021,20.0135],[82.4901,20.0186],[82.4759,20.0301],[82.4583,20.0339],[82.4414,20.0354],[82.4248,20.0435],[82.4062,20.0463],[82.3909,20.0596],[82.3926,20.0733],[82.3947,20.0892],[82.3926,20.1082],[82.3878,20.1269],[82.3823,20.1382],[82.3833,20.1605],[82.4057,20.179],[82.4076,20.1941],[82.4131,20.208],[82.4082,20.2206],[82.4043,20.2396],[82.4054,20.2559],[82.4123,20.2699],[82.428,20.2786],[82.424,20.2965],[82.4224,20.3097],[82.4072,20.3221],[82.3988,20.3317],[82.398,20.3468],[82.4025,20.3613],[82.4104,20.3772],[82.4099,20.4027],[82.4243,20.4102],[82.4292,20.4258],[82.4177,20.4383],[82.4194,20.4573],[82.4101,20.4733],[82.3973,20.4519],[82.3896,20.4654],[82.3838,20.4827],[82.3812,20.5018],[82.3699,20.5139],[82.3488,20.5229],[82.3422,20.5377],[82.3278,20.5493],[82.3278,20.562],[82.3406,20.5697],[82.3377,20.5849],[82.3455,20.5979],[82.3579,20.6092],[82.3663,20.6203],[82.3638,20.6396],[82.3658,20.6611],[82.3543,20.675],[82.3456,20.6949],[82.3443,20.7095],[82.3394,20.7258],[82.3404,20.7467],[82.3351,20.7585],[82.3369,20.7793],[82.3357,20.7974],[82.3331,20.8197],[82.334,20.8406],[82.3412,20.8681],[82.3466,20.8838],[82.3592,20.8827],[82.3559,20.8699],[82.368,20.8641],[82.3828,20.8699],[82.4014,20.8624],[82.4073,20.848],[82.4135,20.8296],[82.4365,20.8295],[82.4484,20.8222],[82.4625,20.8276],[82.4634,20.8397],[82.4776,20.8467],[82.4814,20.8615],[82.4847,20.8796],[82.4831,20.8997],[82.4936,20.9093],[82.5134,20.9172],[82.5263,20.9277],[82.5457,20.9349],[82.5665,20.967],[82.5781,20.9789],[82.5951,20.9971],[82.6044,21.0059],[82.6086,21.0182],[82.6223,21.0366],[82.6091,21.0639],[82.6152,21.0752],[82.6318,21.087],[82.643,21.0978],[82.6371,21.1116],[82.6453,21.1207],[82.6384,21.1316],[82.6328,21.1427],[82.6458,21.1517],[82.662,21.1508],[82.6845,21.1581],[82.7005,21.1533],[82.7212,21.1589],[82.7354,21.1579],[82.7523,21.1597],[82.7821,21.141],[82.7956,21.1506],[82.8068,21.1566],[82.84,21.1634],[82.854,21.157],[82.8688,21.1597],[82.8792,21.1491],[82.8951,21.1598],[82.908,21.1603],[82.9219,21.1582],[82.9374,21.1611],[82.949,21.1698],[82.9636,21.1617],[82.9799,21.1575],[82.993,21.1543],[83.0055,21.1458],[83.0159,21.1397],[83.0295,21.1313],[83.0364,21.1212],[83.0514,21.1172],[83.0644,21.1111],[83.0816,21.1067],[83.0952,21.1043],[83.1083,21.1077],[83.1198,21.1011],[83.134,21.1052],[83.1488,21.1199],[83.1614,21.1315],[83.1766,21.1307],[83.1901,21.1355],[83.1937,21.1577],[83.2001,21.1689],[83.2052,21.184],[83.2076,21.2014],[83.2154,21.2155],[83.2147,21.2404],[83.2184,21.2601],[83.2319,21.2653],[83.2424,21.2764],[83.2573,21.2756],[83.2677,21.2686],[83.2713,21.2805],[83.2727,21.2961],[83.2588,21.3021],[83.2542,21.3196],[83.255,21.3319],[83.2661,21.3454],[83.2708,21.3592],[83.27,21.375],[83.2872,21.3715],[83.3016,21.3678],[83.3193,21.3581],[83.3346,21.3558],[83.3748,21.34],[83.388,21.3389],[83.4027,21.3484],[83.3942,21.3611],[83.3931,21.3832],[83.3938,21.3994],[83.3814,21.4096],[83.3739,21.4222],[83.3701,21.4361],[83.3503,21.444],[83.3434,21.4649],[83.3421,21.4853],[83.3346,21.4956],[83.3459,21.5082],[83.3543,21.5353],[83.3658,21.5497],[83.3633,21.5678],[83.3682,21.5971],[83.3807,21.6128],[83.3952,21.6242],[83.4052,21.6318],[83.4241,21.6385],[83.4412,21.6493],[83.4414,21.6325],[83.4413,21.6181],[83.4487,21.6082],[83.463,21.6055],[83.4699,21.6268],[83.4845,21.6256],[83.4831,21.6396],[83.4662,21.6441],[83.4408,21.6552],[83.4286,21.6689],[83.4211,21.6865],[83.4318,21.6939],[83.4497,21.691],[83.4616,21.7063],[83.478,21.728],[83.4841,21.7416],[83.4739,21.7496],[83.4779,21.7646],[83.4672,21.7827],[83.484,21.7943],[83.4913,21.8087],[83.5061,21.8004],[83.5222,21.7941],[83.5366,21.7939],[83.5348,21.8068],[83.5277,21.823],[83.5409,21.8347],[83.5575,21.8344],[83.5735,21.8297],[83.5845,21.8436],[83.5715,21.8719],[83.5767,21.8862],[83.5815,21.8974],[83.5993,21.906],[83.5878,21.9261],[83.5534,21.9322],[83.5577,21.9439],[83.5352,21.9635],[83.5345,21.9762],[83.5408,21.9932],[83.5486,22.0067],[83.5389,22.0144],[83.5327,22.0286],[83.5341,22.0434],[83.5384,22.0554],[83.551,22.0556],[83.5656,22.0568],[83.5835,22.055],[83.6003,22.0655],[83.5892,22.0764],[83.5737,22.0888],[83.5589,22.0955],[83.5658,22.1129],[83.5925,22.14],[83.6023,22.1518],[83.6118,22.1771],[83.6193,22.1964],[83.6458,22.2246],[83.6646,22.232],[83.679,22.2406],[83.693,22.2455],[83.719,22.2433],[83.7457,22.2412],[83.7569,22.2504],[83.7713,22.2573],[83.7786,22.2745],[83.7908,22.2846],[83.8048,22.2899],[83.8194,22.2925],[83.8201,22.3051],[83.8252,22.3196],[83.843,22.3263],[83.8533,22.3388],[83.8671,22.341],[83.897,22.3397],[83.9053,22.3526],[83.9155,22.3597],[83.9296,22.3563],[83.9432,22.3585],[83.9566,22.3611],[83.9782,22.3651],[83.993,22.3692],[84.0017,22.3804],[84.009,22.3914],[84.0144,22.4041],[84.026,22.4191],[84.04,22.4329],[84.0395,22.4487],[84.0416,22.4641],[84.0238,22.4707],[84.0155,22.4824],[83.9971,22.4908],[83.9807,22.4987],[83.9738,22.5091],[83.9801,22.522],[83.993,22.5274],[84.0096,22.5203],[84.0247,22.5162],[84.0507,22.5124],[84.0605,22.505],[84.0716,22.4942],[84.0878,22.4849],[84.0999,22.4803],[84.1178,22.4714],[84.1307,22.47],[84.1375,22.4572],[84.1331,22.4453],[84.1359,22.4207],[84.1525,22.4009],[84.1752,22.3889],[84.1941,22.3718],[84.2261,22.3741],[84.2405,22.3745],[84.2609,22.3537],[84.2732,22.3451],[84.285,22.3421],[84.3146,22.3389],[84.334,22.3429],[84.3533,22.3451],[84.3674,22.3496],[84.3879,22.3464],[84.4191,22.3508],[84.4314,22.36],[84.4421,22.373],[84.4557,22.3752],[84.4728,22.3827],[84.4745,22.4017],[84.5018,22.4153],[84.521,22.4149],[84.5407,22.4206],[84.5722,22.423],[84.5891,22.4254],[84.6136,22.4276],[84.6321,22.4286],[84.6616,22.4139],[84.6815,22.4149],[84.7113,22.4139],[84.7261,22.4166],[84.7439,22.4148],[84.7527,22.442],[84.7781,22.4435],[84.7913,22.4428],[84.8078,22.4469],[84.8105,22.4352],[84.8284,22.4292],[84.8395,22.434],[84.8553,22.432],[84.8712,22.4382],[84.8815,22.4294],[84.8938,22.418],[84.9077,22.4196],[84.9199,22.426],[84.9314,22.4396],[84.9408,22.4474],[84.9524,22.4528],[84.9524,22.4394],[84.9778,22.4509],[84.9941,22.4583],[85.0216,22.4671],[85.0333,22.4769],[85.0467,22.4774],[85.0625,22.4784],[85.0732,22.4729],[85.0711,22.4559],[85.0605,22.4495],[85.0629,22.4361],[85.0637,22.4232],[85.0746,22.4135],[85.0807,22.3955],[85.0831,22.3784],[85.075,22.361],[85.0741,22.3486],[85.093,22.3411],[85.0905,22.3249],[85.0951,22.3124],[85.1077,22.3152],[85.1148,22.3004],[85.1084,22.2895],[85.0824,22.2777],[85.0705,22.2722],[85.0743,22.2509],[85.0695,22.2306],[85.0625,22.2162],[85.0469,22.1858],[85.0415,22.1707],[85.0332,22.1608],[85.0262,22.1485],[85.0312,22.1374],[85.0274,22.1226],[85.0195,22.1084],[84.9936,22.0979],[84.9805,22.0913],[84.9874,22.0767],[85.0023,22.0799],[85.009,22.0907],[85.02,22.1034],[85.0351,22.1081],[85.0695,22.1071],[85.0841,22.1004],[85.099,22.0961],[85.1045,22.0828],[85.1133,22.0711],[85.1254,22.0691],[85.1408,22.0736],[85.1555,22.0705],[85.1637,22.053],[85.1644,22.0652],[85.1768,22.0667],[85.1835,22.0549],[85.2107,22.0432],[85.2139,22.0272],[85.2149,22.0107],[85.2309,22.0003],[85.2411,22.0125],[85.2465,22.0254],[85.2561,22.0425],[85.2655,22.0603],[85.2742,22.0801],[85.2874,22.0932],[85.3001,22.1071],[85.3154,22.1158],[85.3385,22.1247],[85.3536,22.1206],[85.3587,22.1328],[85.3629,22.1466],[85.3793,22.1517],[85.3944,22.1586],[85.4103,22.1561],[85.4358,22.1442],[85.457,22.1358],[85.4717,22.1241],[85.4858,22.1165],[85.5057,22.1115],[85.5242,22.1031],[85.536,22.0944],[85.5486,22.0886],[85.5602,22.0849],[85.5822,22.081],[85.5966,22.0747],[85.6073,22.0818],[85.6196,22.0778],[85.6312,22.0815],[85.6401,22.0902],[85.6503,22.0813],[85.6647,22.0666],[85.672,22.0515],[85.6879,22.0561],[85.7047,22.0543],[85.7176,22.0577],[85.7338,22.0645],[85.7461,22.0699],[85.7578,22.085],[85.7734,22.0902],[85.7843,22.099],[85.7972,22.1063],[85.8147,22.1021],[85.819,22.0896],[85.8308,22.077],[85.8144,22.0701],[85.7968,22.0745],[85.7703,22.0513],[85.7789,22.0363],[85.7722,22.0247],[85.7618,22.0179],[85.7605,21.9969],[85.7714,21.9837],[85.7843,21.9786],[85.801,21.9817],[85.8154,21.9801],[85.8223,21.9701],[85.8404,21.9765],[85.8713,21.9748],[85.8861,21.9754],[85.9028,21.9666],[85.9097,21.9776],[85.9092,21.9901],[85.9122,22.0048],[85.9234,22.0141],[85.9386,22.0166],[85.9515,22.0316],[85.958,22.0425],[85.9633,22.0544],[85.9712,22.0668],[85.9773,22.08],[85.9892,22.0935],[86.0005,22.109],[85.9961,22.1207],[85.9991,22.1371],[86.0039,22.1511],[86.0131,22.1636],[86.0267,22.1852],[86.0174,22.1988],[85.9928,22.2155],[85.9778,22.2355],[85.9818,22.2521],[85.9852,22.2672],[85.9975,22.2753],[86.0085,22.2927],[86.0198,22.2978],[86.04,22.3036],[86.0282,22.3077],[86.0114,22.3094],[86.0133,22.324],[86.0048,22.3356],[85.9929,22.3382],[86.0061,22.3488],[86.0169,22.3622],[86.0189,22.3748],[86.0191,22.3907],[86.0137,22.4039],[86.0096,22.4189],[85.9969,22.4216],[85.9821,22.429],[85.967,22.4412],[85.9614,22.4527],[85.9583,22.4659],[85.9608,22.4786],[85.9656,22.4902],[85.9807,22.5097],[85.993,22.5089],[86.0087,22.5186],[86.022,22.5205],[86.0283,22.5343],[86.0183,22.5436],[86.0385,22.5636],[86.0534,22.5547],[86.0692,22.5431],[86.0783,22.5304]]]]}},{"type":"Feature","properties":{"name":"Puducherry","id":"puducherry"},"geometry":{"type":"MultiPolygon","coordinates":[[[[79.8449,10.8265],[79.8449,10.8265]]],[[[79.7482,10.9815],[79.7605,10.9806],[79.7744,10.9772],[79.7834,10.9673],[79.7904,10.9785],[79.8015,10.9862],[79.8139,10.9871],[79.8244,10.9795],[79.8376,10.9764],[79.8506,10.9758],[79.8535,10.964],[79.8535,10.9515],[79.8535,10.9393],[79.854,10.9232],[79.8476,10.9129],[79.8523,10.8951],[79.8512,10.8826],[79.8526,10.8699],[79.8523,10.854],[79.8526,10.8396],[79.8521,10.8276],[79.8399,10.8251],[79.829,10.8193],[79.8404,10.8232],[79.8512,10.8176],[79.8357,10.8117],[79.8198,10.8111],[79.8133,10.8287],[79.7967,10.8359],[79.7923,10.8488],[79.8082,10.8489],[79.7973,10.8581],[79.8114,10.8644],[79.7925,10.87],[79.7803,10.8713],[79.767,10.8728],[79.7764,10.8817],[79.7612,10.8914],[79.7569,10.8801],[79.7492,10.8894],[79.7269,10.8975],[79.7208,10.9107],[79.7086,10.9142],[79.7085,10.9267],[79.7202,10.9322],[79.7044,10.9352],[79.7039,10.9476],[79.7155,10.9533],[79.7317,10.9482],[79.7455,10.9433],[79.7399,10.9558],[79.7382,10.9693],[79.7299,10.9814],[79.7431,10.9851],[79.7482,10.9815]]],[[[79.6905,12.0011],[79.7017,11.9861],[79.7099,11.9762],[79.7249,11.9779],[79.7347,11.9943],[79.7496,11.9861],[79.7491,11.9724],[79.7382,11.967],[79.7269,11.9625],[79.7157,11.9675],[79.7145,11.9553],[79.7336,11.9472],[79.7369,11.9274],[79.7366,11.9102],[79.7472,11.9178],[79.7581,11.9304],[79.7694,11.9415],[79.7833,11.9437],[79.7924,11.9571],[79.8046,11.9631],[79.8081,11.9465],[79.8254,11.94],[79.8376,11.9405],[79.8357,11.9282],[79.8321,11.9163],[79.8224,11.909],[79.8279,11.8968],[79.8243,11.8849],[79.8121,11.8815],[79.8001,11.8832],[79.8115,11.8793],[79.8193,11.8701],[79.8157,11.8582],[79.8104,11.8474],[79.8004,11.8407],[79.806,11.8282],[79.8024,11.8165],[79.7918,11.827],[79.7862,11.8384],[79.7671,11.8405],[79.7604,11.823],[79.7473,11.8327],[79.7557,11.8505],[79.7436,11.8597],[79.7384,11.835],[79.7303,11.8469],[79.7182,11.8484],[79.7038,11.8383],[79.6977,11.8524],[79.6957,11.8734],[79.6821,11.8734],[79.6712,11.8666],[79.6591,11.8657],[79.6682,11.8763],[79.6799,11.8793],[79.6823,11.8919],[79.6829,11.9047],[79.7026,11.9025],[79.6915,11.8784],[79.7044,11.8746],[79.7169,11.8768],[79.7175,11.8892],[79.7041,11.913],[79.706,11.9287],[79.6961,11.9201],[79.6841,11.9272],[79.6777,11.9394],[79.6932,11.9508],[79.6992,11.97],[79.6869,11.974],[79.6734,11.9724],[79.6614,11.9729],[79.6442,11.9732],[79.6443,11.9863],[79.6524,11.9983],[79.6633,12.0064],[79.6765,12.0129],[79.6916,12.0174],[79.6905,12.0011]]],[[[75.3746,12.1491],[75.3885,12.1463],[75.3998,12.1405],[75.3922,12.1263],[75.3799,12.1264],[75.3685,12.1213],[75.3579,12.1129],[75.3399,12.0983],[75.3282,12.1073],[75.3129,12.1053],[75.3096,12.0906],[75.3092,12.0784],[75.2992,12.0668],[75.3048,12.0529],[75.3046,12.0401],[75.2993,12.0293],[75.296,12.0176],[75.2899,12.0282],[75.2779,12.0249],[75.266,12.0221],[75.2626,12.009],[75.2701,11.9996],[75.2782,11.9907],[75.2849,11.9804],[75.2901,11.9693],[75.2979,11.9601],[75.3032,11.9493],[75.2913,11.9529],[75.2838,11.9624],[75.2771,11.9724],[75.2699,11.9821],[75.2621,11.9913],[75.2549,12.0013],[75.2468,12.0104],[75.2374,12.0179],[75.2249,12.0319],[75.2274,12.0443],[75.2231,12.0644],[75.2223,12.0782],[75.2211,12.101],[75.2366,12.1102],[75.2474,12.1037],[75.2599,12.1089],[75.2745,12.1003],[75.2839,12.115],[75.3107,12.1247],[75.3143,12.1401],[75.3311,12.1452],[75.3419,12.1372],[75.3636,12.135],[75.372,12.1465],[75.3746,12.1491]]],[[[82.2657,16.7029],[82.2779,16.7001],[82.2647,16.6905],[82.2579,16.7018],[82.2657,16.7029]]],[[[82.211,16.7279],[82.2204,16.7183],[82.2449,16.719],[82.2637,16.7194],[82.2807,16.7227],[82.2851,16.7345],[82.2937,16.743],[82.3011,16.7333],[82.2995,16.7143],[82.2885,16.7074],[82.2718,16.7082],[82.2615,16.7146],[82.249,16.7176],[82.2465,16.7057],[82.2549,16.6971],[82.2274,16.7047],[82.2154,16.7098],[82.2025,16.7077],[82.1791,16.7163],[82.1888,16.7272],[82.1968,16.7365],[82.2072,16.7437],[82.2177,16.7517],[82.21,16.7313],[82.211,16.7279]]]]}},{"type":"Feature","properties":{"name":"Punjab","id":"punjab"},"geometry":{"type":"Polygon","coordinates":[[[75.8688,32.4887],[75.8871,32.472],[75.8954,32.4619],[75.9155,32.4487],[75.9244,32.439],[75.9346,32.4248],[75.9259,32.4118],[75.9111,32.4092],[75.8719,32.3984],[75.8439,32.3793],[75.8189,32.355],[75.7993,32.3374],[75.7855,32.3238],[75.7634,32.3022],[75.7547,32.2861],[75.7364,32.2738],[75.7049,32.2672],[75.6849,32.265],[75.6549,32.2559],[75.6409,32.2474],[75.6225,32.2347],[75.6201,32.2202],[75.6183,32.197],[75.6496,32.1797],[75.6618,32.1647],[75.6555,32.1461],[75.6312,32.1195],[75.6106,32.0996],[75.5788,32.0817],[75.5985,32.066],[75.6253,32.0727],[75.6401,32.0767],[75.6731,32.0669],[75.6898,32.0615],[75.7004,32.0436],[75.7105,32.036],[75.7232,32.0362],[75.738,32.0358],[75.7484,32.0272],[75.7615,32.0139],[75.7743,32.0008],[75.7951,31.9886],[75.814,31.9834],[75.8364,31.9816],[75.8513,31.9725],[75.8662,31.9688],[75.8777,31.962],[75.8945,31.9498],[75.9028,31.9279],[75.9127,31.9166],[75.9262,31.8898],[75.9384,31.8679],[75.9497,31.8481],[75.9558,31.8324],[75.9676,31.8235],[75.9529,31.824],[75.9361,31.8183],[75.9218,31.8172],[75.9272,31.8051],[75.9358,31.7897],[75.9451,31.7813],[75.9519,31.763],[75.9595,31.7495],[75.961,31.7368],[75.9694,31.7197],[75.9774,31.705],[75.9856,31.6854],[75.9974,31.676],[76.0047,31.663],[76.0027,31.6466],[76.0176,31.6217],[76.0314,31.6095],[76.044,31.603],[76.0515,31.5818],[76.0649,31.5618],[76.0768,31.546],[76.089,31.5276],[76.0946,31.5142],[76.1041,31.5023],[76.108,31.4822],[76.1155,31.4654],[76.1226,31.4537],[76.1351,31.4375],[76.1471,31.4256],[76.1535,31.414],[76.153,31.3973],[76.1386,31.3869],[76.135,31.3618],[76.1477,31.3481],[76.1663,31.3415],[76.1661,31.3262],[76.1685,31.3141],[76.1857,31.3047],[76.2064,31.3053],[76.2232,31.3131],[76.2441,31.3137],[76.2612,31.3058],[76.2774,31.3099],[76.2904,31.3156],[76.3023,31.3264],[76.296,31.3422],[76.3158,31.3475],[76.3301,31.3453],[76.3313,31.3591],[76.3296,31.3795],[76.3188,31.3882],[76.3158,31.4024],[76.3295,31.4011],[76.3469,31.4057],[76.3591,31.4156],[76.3568,31.4296],[76.3631,31.4414],[76.3692,31.4281],[76.373,31.4136],[76.3904,31.3973],[76.3792,31.3912],[76.3911,31.3786],[76.3992,31.3655],[76.4088,31.3537],[76.4182,31.3373],[76.428,31.3252],[76.4374,31.3174],[76.4483,31.306],[76.4358,31.2946],[76.4311,31.2828],[76.4458,31.2897],[76.4621,31.3068],[76.4751,31.299],[76.4832,31.2843],[76.4886,31.2734],[76.5034,31.2779],[76.5143,31.2831],[76.5143,31.2645],[76.5279,31.27],[76.5312,31.2835],[76.5326,31.2665],[76.5459,31.2559],[76.5705,31.2801],[76.6016,31.2509],[76.5847,31.2396],[76.576,31.2258],[76.5868,31.2161],[76.6163,31.2294],[76.6341,31.2153],[76.6201,31.2067],[76.6058,31.1971],[76.5983,31.1865],[76.5925,31.1723],[76.5915,31.1603],[76.594,31.1365],[76.6073,31.1196],[76.6237,31.118],[76.6118,31.0964],[76.6078,31.0835],[76.6095,31.0607],[76.599,31.0536],[76.6052,31.0335],[76.6136,31.022],[76.6101,31.0042],[76.6209,30.9983],[76.6333,30.9907],[76.6531,30.9818],[76.6626,30.9711],[76.6942,30.9725],[76.7051,30.9633],[76.7241,30.9506],[76.7384,30.9301],[76.7487,30.9238],[76.7699,30.9064],[76.7625,30.8934],[76.769,30.8765],[76.7849,30.8613],[76.8012,30.8425],[76.8189,30.8371],[76.8321,30.8254],[76.8335,30.8046],[76.8468,30.7925],[76.8308,30.7679],[76.812,30.7666],[76.7931,30.7665],[76.8035,30.7776],[76.7887,30.781],[76.7756,30.7761],[76.7733,30.7879],[76.7593,30.799],[76.7458,30.7946],[76.7352,30.783],[76.7227,30.7707],[76.7079,30.7701],[76.6906,30.7601],[76.6907,30.7467],[76.7099,30.7355],[76.718,30.7206],[76.7255,30.71],[76.7263,30.6959],[76.7385,30.6892],[76.7707,30.6779],[76.7893,30.6706],[76.8029,30.6755],[76.8105,30.685],[76.8184,30.673],[76.8188,30.6606],[76.8301,30.6649],[76.8399,30.6568],[76.8498,30.6649],[76.8622,30.6793],[76.8619,30.6597],[76.8586,30.6406],[76.8727,30.64],[76.8836,30.6271],[76.8996,30.62],[76.9106,30.6058],[76.9072,30.5914],[76.9039,30.5752],[76.8989,30.564],[76.9022,30.551],[76.885,30.5404],[76.8982,30.5347],[76.9143,30.5266],[76.9183,30.5072],[76.9124,30.4937],[76.9011,30.4888],[76.8889,30.4846],[76.898,30.4678],[76.8952,30.4556],[76.8888,30.4411],[76.9017,30.4283],[76.9052,30.4132],[76.9195,30.403],[76.9314,30.3971],[76.9208,30.3848],[76.9035,30.3675],[76.8923,30.3597],[76.8802,30.3597],[76.8804,30.383],[76.8662,30.3948],[76.8647,30.4088],[76.8473,30.4149],[76.8325,30.4339],[76.8231,30.4225],[76.8085,30.4119],[76.7807,30.415],[76.7643,30.425],[76.7633,30.4397],[76.7489,30.4266],[76.7252,30.4204],[76.7265,30.405],[76.7129,30.3982],[76.7001,30.3936],[76.7049,30.3808],[76.7181,30.3771],[76.7089,30.3682],[76.7304,30.3674],[76.7346,30.3539],[76.7239,30.3444],[76.7152,30.3329],[76.7003,30.3299],[76.6885,30.326],[76.6746,30.326],[76.6731,30.3128],[76.6624,30.2996],[76.6263,30.2839],[76.6144,30.2753],[76.5809,30.2699],[76.5579,30.2643],[76.5458,30.2586],[76.546,30.2435],[76.5329,30.2321],[76.5477,30.2344],[76.569,30.2514],[76.584,30.2565],[76.5959,30.2439],[76.6093,30.2349],[76.6063,30.22],[76.6168,30.2111],[76.6328,30.21],[76.6372,30.197],[76.6227,30.1703],[76.6276,30.1551],[76.6294,30.1348],[76.6252,30.121],[76.6267,30.1056],[76.6195,30.0954],[76.609,30.0875],[76.5988,30.0797],[76.5858,30.0767],[76.5788,30.0878],[76.5677,30.0951],[76.5549,30.0988],[76.5336,30.0828],[76.5089,30.0795],[76.495,30.0871],[76.4835,30.0996],[76.4616,30.099],[76.4491,30.1048],[76.4445,30.1229],[76.4465,30.1371],[76.4314,30.1407],[76.4249,30.1546],[76.4264,30.1676],[76.4286,30.1798],[76.42,30.1979],[76.3988,30.199],[76.3867,30.187],[76.3886,30.1741],[76.4016,30.1577],[76.3862,30.1482],[76.3885,30.134],[76.3747,30.1237],[76.3582,30.1333],[76.3483,30.1505],[76.3259,30.1492],[76.3357,30.1393],[76.3483,30.1317],[76.3379,30.1159],[76.3229,30.1082],[76.2931,30.1186],[76.2798,30.1137],[76.2655,30.1177],[76.2512,30.119],[76.241,30.1287],[76.2319,30.1368],[76.222,30.1451],[76.2122,30.1546],[76.2074,30.1435],[76.1959,30.14],[76.2026,30.1287],[76.2119,30.12],[76.2232,30.113],[76.2354,30.1082],[76.2495,30.1072],[76.2446,30.0961],[76.2352,30.0872],[76.2275,30.0771],[76.2204,30.0667],[76.2133,30.0563],[76.2056,30.0463],[76.1979,30.0363],[76.211,30.0309],[76.2026,30.0212],[76.1909,30.0164],[76.1894,30.0042],[76.1958,29.9905],[76.199,29.9732],[76.2035,29.9521],[76.1909,29.9445],[76.1789,29.9463],[76.1696,29.9366],[76.1715,29.9232],[76.1836,29.9157],[76.1827,29.8939],[76.1974,29.884],[76.2169,29.8839],[76.2325,29.8813],[76.242,29.869],[76.2319,29.8564],[76.2158,29.8547],[76.2111,29.8432],[76.1942,29.845],[76.1858,29.8312],[76.1667,29.8183],[76.1531,29.8163],[76.1393,29.8168],[76.1272,29.8054],[76.1164,29.7964],[76.1032,29.8084],[76.0906,29.8108],[76.0777,29.8058],[76.0754,29.7879],[76.0699,29.776],[76.0415,29.7488],[76.0242,29.7556],[76.0113,29.7528],[75.9893,29.7423],[75.9725,29.7324],[75.9575,29.7321],[75.9424,29.7343],[75.9289,29.7337],[75.9139,29.7388],[75.9031,29.7463],[75.8907,29.7532],[75.8793,29.7471],[75.8638,29.7523],[75.8546,29.7697],[75.8436,29.776],[75.8334,29.7907],[75.829,29.8123],[75.7961,29.8071],[75.7832,29.8153],[75.7724,29.8247],[75.7606,29.8187],[75.7484,29.8121],[75.7327,29.8113],[75.7099,29.8123],[75.6974,29.7552],[75.6783,29.7571],[75.6662,29.7727],[75.6497,29.7746],[75.6254,29.7732],[75.6226,29.7536],[75.6005,29.7474],[75.5688,29.7426],[75.5564,29.7658],[75.5442,29.7718],[75.5302,29.7727],[75.5117,29.76],[75.5063,29.7741],[75.4443,29.8078],[75.4355,29.7988],[75.4438,29.7862],[75.4272,29.7779],[75.41,29.7753],[75.3972,29.761],[75.3968,29.7487],[75.3837,29.734],[75.3836,29.7203],[75.37,29.7131],[75.3586,29.7058],[75.3412,29.6952],[75.346,29.6714],[75.3504,29.6593],[75.3301,29.6723],[75.3177,29.6707],[75.3117,29.6488],[75.3075,29.6326],[75.2879,29.6198],[75.2806,29.6101],[75.2936,29.5977],[75.3045,29.5885],[75.2961,29.5681],[75.275,29.5611],[75.2545,29.5542],[75.2381,29.5515],[75.2235,29.5462],[75.2282,29.5586],[75.2218,29.5703],[75.2112,29.5824],[75.2194,29.5925],[75.2212,29.6066],[75.1994,29.6227],[75.1847,29.6225],[75.1733,29.6301],[75.1733,29.6495],[75.1628,29.658],[75.1589,29.6694],[75.1753,29.6781],[75.1889,29.6808],[75.1977,29.6965],[75.1872,29.7119],[75.1937,29.7252],[75.2062,29.7353],[75.2214,29.7331],[75.231,29.7521],[75.2233,29.7635],[75.2162,29.7799],[75.2054,29.79],[75.1965,29.8051],[75.2025,29.8214],[75.1886,29.8346],[75.176,29.8351],[75.167,29.825],[75.1554,29.8198],[75.1513,29.8018],[75.1549,29.7891],[75.1417,29.777],[75.1314,29.7849],[75.1249,29.8056],[75.1023,29.8026],[75.0902,29.8067],[75.0933,29.8193],[75.1071,29.8265],[75.099,29.8414],[75.0857,29.8448],[75.0847,29.8586],[75.1006,29.8679],[75.1027,29.897],[75.0898,29.9117],[75.0777,29.9123],[75.07,29.8934],[75.0655,29.879],[75.0518,29.8749],[75.0375,29.8818],[75.0235,29.8729],[75.0141,29.8646],[74.9941,29.8632],[74.9695,29.8807],[74.9579,29.8977],[74.9432,29.9025],[74.9357,29.9154],[74.9286,29.9292],[74.9241,29.9415],[74.8944,29.9394],[74.8944,29.9529],[74.8854,29.9623],[74.872,29.9591],[74.8594,29.9612],[74.8366,29.9642],[74.8214,29.9731],[74.8167,29.9845],[74.8012,29.9926],[74.7842,29.9804],[74.7674,29.9727],[74.7507,29.9712],[74.7372,29.969],[74.724,29.9619],[74.7061,29.9689],[74.6908,29.9693],[74.681,29.9492],[74.6657,29.9417],[74.6489,29.9309],[74.6399,29.9225],[74.647,29.9047],[74.6326,29.9057],[74.5858,29.9148],[74.573,29.9259],[74.552,29.9292],[74.5302,29.945],[74.4666,29.9447],[74.444,29.9467],[74.4281,29.9495],[74.4038,29.9473],[74.3725,29.95],[74.3559,29.9503],[74.3215,29.954],[74.29,29.9563],[74.2603,29.9557],[74.2407,29.9563],[74.2238,29.9597],[74.186,29.9604],[74.1544,29.9633],[74.0833,29.9674],[74.0692,29.9689],[74.0027,29.9701],[73.9765,29.9691],[73.9569,29.9695],[73.933,29.9707],[73.8912,29.9701],[73.8885,29.9818],[73.8811,29.9963],[73.8819,30.0112],[73.8926,30.0385],[73.8984,30.0536],[73.9085,30.0601],[73.9182,30.0681],[73.9315,30.0838],[73.9429,30.0991],[73.95,30.1098],[73.9579,30.1196],[73.9612,30.1342],[73.9634,30.1718],[73.9681,30.1843],[73.9646,30.2245],[73.9612,30.2412],[73.9598,30.2552],[73.9544,30.2662],[73.9445,30.2818],[73.937,30.2963],[73.9269,30.3093],[73.9202,30.3201],[73.913,30.3309],[73.9049,30.3403],[73.8939,30.3506],[73.8807,30.3572],[73.8713,30.3686],[73.8732,30.3834],[73.8818,30.3928],[73.8935,30.4023],[73.9012,30.4127],[73.9202,30.4201],[73.9316,30.4332],[73.9323,30.4584],[73.9445,30.4624],[73.9627,30.4576],[73.9683,30.4763],[73.9727,30.4881],[73.9837,30.5005],[73.9998,30.5109],[74.0186,30.5215],[74.0295,30.5317],[74.0402,30.5377],[74.0557,30.522],[74.0776,30.5294],[74.0848,30.5407],[74.0764,30.5503],[74.0841,30.5662],[74.0926,30.5753],[74.0921,30.5884],[74.0945,30.6047],[74.1089,30.6057],[74.1169,30.6233],[74.1299,30.6279],[74.1439,30.6291],[74.1787,30.6557],[74.1968,30.6718],[74.2082,30.6883],[74.222,30.7081],[74.2322,30.7196],[74.254,30.723],[74.2683,30.7314],[74.2818,30.7302],[74.2737,30.7433],[74.2663,30.7624],[74.2737,30.7728],[74.2856,30.7769],[74.2974,30.7827],[74.2906,30.7942],[74.2946,30.8102],[74.3076,30.8211],[74.3105,30.8347],[74.3161,30.8476],[74.3294,30.8488],[74.3409,30.854],[74.3536,30.8487],[74.372,30.8529],[74.3653,30.8682],[74.3655,30.8854],[74.3827,30.8917],[74.395,30.9035],[74.4129,30.9063],[74.4203,30.9222],[74.4276,30.9333],[74.4464,30.9489],[74.4643,30.9615],[74.4851,30.9705],[74.497,30.9676],[74.5044,30.9778],[74.5144,30.9849],[74.5326,30.9906],[74.5336,31.0051],[74.538,31.0317],[74.5497,31.0432],[74.5531,31.0609],[74.5717,31.0674],[74.5925,31.052],[74.6026,31.0447],[74.6225,31.047],[74.6335,31.0529],[74.6461,31.0529],[74.6666,31.0588],[74.6782,31.0668],[74.6849,31.08],[74.691,31.0921],[74.6907,31.1101],[74.6821,31.1202],[74.6766,31.131],[74.6637,31.1268],[74.6527,31.1351],[74.6398,31.1301],[74.6312,31.1213],[74.626,31.1324],[74.6141,31.1357],[74.6013,31.1354],[74.5921,31.1273],[74.598,31.1154],[74.6001,31.1034],[74.5965,31.0909],[74.5827,31.0948],[74.5715,31.0887],[74.5577,31.087],[74.5459,31.0985],[74.5438,31.111],[74.5363,31.1251],[74.5242,31.1272],[74.5062,31.1358],[74.5056,31.1495],[74.5038,31.165],[74.5013,31.1799],[74.5078,31.1929],[74.5134,31.2067],[74.5108,31.2229],[74.5137,31.2367],[74.5218,31.2467],[74.5159,31.2633],[74.5128,31.2755],[74.5218,31.2899],[74.5302,31.2987],[74.5519,31.2985],[74.5675,31.3348],[74.5721,31.3465],[74.5946,31.3971],[74.6243,31.4227],[74.632,31.4409],[74.6363,31.4522],[74.6407,31.4637],[74.6307,31.4724],[74.6203,31.4789],[74.6091,31.4872],[74.5974,31.4981],[74.5825,31.4984],[74.5662,31.5008],[74.5714,31.5145],[74.5794,31.5238],[74.5935,31.5255],[74.6027,31.5333],[74.6023,31.5589],[74.5926,31.5923],[74.5863,31.6064],[74.5785,31.6234],[74.5718,31.6339],[74.5625,31.6486],[74.5415,31.6807],[74.5302,31.6981],[74.5198,31.7177],[74.5181,31.7406],[74.5289,31.7497],[74.5421,31.7507],[74.552,31.7575],[74.544,31.7764],[74.5545,31.7902],[74.5576,31.8078],[74.5563,31.8216],[74.5647,31.8324],[74.5726,31.8417],[74.5823,31.8551],[74.596,31.8648],[74.5959,31.8772],[74.6118,31.8813],[74.6266,31.8829],[74.6355,31.8945],[74.6485,31.8963],[74.6516,31.9092],[74.6599,31.9182],[74.674,31.921],[74.6872,31.9229],[74.7033,31.9249],[74.7092,31.9579],[74.7267,31.9422],[74.7396,31.9385],[74.7452,31.9492],[74.7595,31.9462],[74.7837,31.9555],[74.8014,31.9618],[74.8151,31.9717],[74.8201,31.9844],[74.8184,31.9974],[74.8278,32.0051],[74.8442,32.0083],[74.8403,32.0203],[74.8523,32.0219],[74.8643,32.0237],[74.8648,32.037],[74.8724,32.0505],[74.8973,32.0494],[74.9053,32.0604],[74.9259,32.0657],[74.9387,32.062],[74.9603,32.055],[74.9638,32.0431],[74.9772,32.0423],[74.9869,32.035],[74.9984,32.0287],[75.0106,32.0304],[75.023,32.039],[75.0459,32.0392],[75.0689,32.0584],[75.0812,32.0562],[75.0943,32.0609],[75.1081,32.0749],[75.1179,32.083],[75.1298,32.0807],[75.1418,32.0833],[75.1534,32.0788],[75.1628,32.0678],[75.1716,32.079],[75.1836,32.0826],[75.1852,32.0953],[75.1932,32.1146],[75.2113,32.1188],[75.2227,32.1125],[75.2236,32.0911],[75.2392,32.0872],[75.272,32.1128],[75.2773,32.1352],[75.288,32.1444],[75.3094,32.1546],[75.3178,32.1708],[75.3172,32.1928],[75.3333,32.2047],[75.3196,32.2082],[75.33,32.2188],[75.3433,32.2185],[75.3579,32.2259],[75.3637,32.2383],[75.357,32.249],[75.3632,32.2618],[75.3616,32.2739],[75.3494,32.284],[75.3362,32.2957],[75.3367,32.3226],[75.3223,32.3373],[75.3318,32.3447],[75.344,32.3402],[75.3592,32.3349],[75.3735,32.3306],[75.386,32.3277],[75.415,32.3243],[75.4311,32.3265],[75.4486,32.3313],[75.4666,32.3389],[75.4678,32.3176],[75.4799,32.3103],[75.4921,32.3028],[75.49,32.288],[75.4947,32.2769],[75.5158,32.298],[75.5243,32.34],[75.5452,32.3608],[75.5573,32.367],[75.5926,32.3817],[75.637,32.3874],[75.6627,32.3935],[75.685,32.4006],[75.6982,32.4095],[75.7115,32.4182],[75.7197,32.4303],[75.7297,32.4451],[75.7437,32.4691],[75.7725,32.4751],[75.7901,32.4788],[75.8043,32.4871],[75.8157,32.4992],[75.825,32.5092],[75.8306,32.5245],[75.8378,32.5376],[75.8565,32.5584],[75.8718,32.5753],[75.8703,32.5588],[75.8564,32.5377],[75.8514,32.5213],[75.851,32.5079],[75.8688,32.4887]]]}},{"type":"Feature","properties":{"name":"Rajasthan","id":"rajasthan"},"geometry":{"type":"Polygon","coordinates":[[[73.8894,29.9776],[73.933,29.9707],[73.9569,29.9695],[73.9765,29.9691],[73.9909,29.9712],[74.0692,29.9689],[74.0833,29.9674],[74.1544,29.9633],[74.186,29.9604],[74.2128,29.9604],[74.2407,29.9563],[74.2603,29.9557],[74.279,29.9551],[74.3215,29.954],[74.3559,29.9503],[74.3725,29.95],[74.4038,29.9473],[74.4281,29.9495],[74.442,29.9471],[74.4666,29.9447],[74.5191,29.9433],[74.5128,29.93],[74.505,29.9078],[74.5255,29.9026],[74.5435,29.8887],[74.5518,29.8735],[74.5475,29.8569],[74.5325,29.8393],[74.5059,29.8326],[74.4917,29.8265],[74.4806,29.8153],[74.4706,29.802],[74.4653,29.7875],[74.4691,29.7582],[74.472,29.744],[74.4968,29.7418],[74.5116,29.7407],[74.5258,29.7414],[74.5378,29.7539],[74.564,29.7546],[74.5782,29.767],[74.5925,29.7667],[74.6054,29.7529],[74.6016,29.7407],[74.6035,29.7214],[74.599,29.7062],[74.5939,29.6914],[74.5851,29.675],[74.5785,29.6548],[74.586,29.6353],[74.5754,29.6273],[74.5747,29.6144],[74.5703,29.5859],[74.5706,29.5685],[74.5717,29.5556],[74.5818,29.5477],[74.5995,29.5369],[74.6114,29.5315],[74.6045,29.5104],[74.5927,29.4921],[74.5916,29.4799],[74.5855,29.469],[74.5789,29.4586],[74.5595,29.4644],[74.5428,29.4666],[74.5307,29.4575],[74.5296,29.435],[74.5411,29.4231],[74.5578,29.4186],[74.57,29.4062],[74.5729,29.3864],[74.5905,29.3707],[74.6,29.3543],[74.5958,29.3283],[74.6418,29.3312],[74.6437,29.3544],[74.6502,29.3724],[74.676,29.3682],[74.6887,29.3652],[74.7112,29.3689],[74.7226,29.3608],[74.7566,29.356],[74.7759,29.3602],[74.7858,29.3705],[74.7988,29.3847],[74.8095,29.3985],[74.8351,29.4015],[74.8495,29.4028],[74.8639,29.3964],[74.8706,29.3851],[74.8885,29.3867],[74.8991,29.3782],[74.9102,29.3712],[74.922,29.366],[74.9359,29.3379],[74.951,29.3261],[74.9458,29.311],[74.9426,29.2952],[74.9531,29.2819],[74.9681,29.2824],[74.9829,29.2783],[75.0059,29.2838],[75.0239,29.2915],[75.0399,29.2871],[75.0505,29.2724],[75.0606,29.2533],[75.0627,29.2389],[75.0781,29.2325],[75.0925,29.2291],[75.1082,29.2268],[75.1137,29.2429],[75.1475,29.2458],[75.1608,29.2537],[75.18,29.2686],[75.1885,29.2586],[75.1953,29.2442],[75.212,29.2345],[75.2352,29.2519],[75.2495,29.2565],[75.2717,29.2544],[75.2767,29.2735],[75.2897,29.2777],[75.3086,29.2889],[75.3242,29.2902],[75.3232,29.2518],[75.3149,29.236],[75.3345,29.2288],[75.3472,29.2301],[75.3502,29.2474],[75.3725,29.26],[75.388,29.2644],[75.3987,29.255],[75.3994,29.2403],[75.3873,29.229],[75.3965,29.2134],[75.3999,29.2015],[75.4007,29.1889],[75.3944,29.1743],[75.3785,29.1715],[75.3676,29.1504],[75.3738,29.1371],[75.3962,29.1284],[75.3807,29.1107],[75.3832,29.0954],[75.3807,29.0703],[75.4303,29.0647],[75.4375,29.0505],[75.4326,29.0221],[75.4587,29.0202],[75.4734,29.0202],[75.5051,29.0152],[75.5111,29.0041],[75.5153,28.9911],[75.5165,28.9754],[75.5089,28.9657],[75.5035,28.9518],[75.4689,28.938],[75.4846,28.9017],[75.488,28.8596],[75.4992,28.8504],[75.5105,28.8434],[75.5088,28.8153],[75.5039,28.7967],[75.505,28.7828],[75.5161,28.7722],[75.522,28.7562],[75.526,28.7429],[75.5315,28.7173],[75.5355,28.6884],[75.5398,28.676],[75.5379,28.6613],[75.5396,28.6489],[75.5557,28.6146],[75.577,28.6167],[75.585,28.6064],[75.6093,28.6059],[75.62,28.5992],[75.6253,28.5585],[75.6291,28.546],[75.6435,28.5429],[75.6633,28.5361],[75.6639,28.5209],[75.6901,28.4991],[75.724,28.4913],[75.7365,28.4872],[75.735,28.4726],[75.7471,28.4694],[75.7782,28.4576],[75.7851,28.4392],[75.7768,28.4305],[75.7654,28.4208],[75.7703,28.4076],[75.7826,28.4072],[75.8026,28.4142],[75.8167,28.4115],[75.8351,28.3977],[75.8721,28.3909],[75.8892,28.3937],[75.8971,28.3801],[75.9224,28.3689],[75.9284,28.356],[75.9563,28.3384],[75.9547,28.3185],[75.9676,28.3241],[75.9793,28.3063],[75.9866,28.2959],[76.0187,28.281],[76.0074,28.2532],[76.0112,28.2418],[76.0258,28.2359],[76.0363,28.2271],[76.053,28.2242],[76.0498,28.2098],[76.0656,28.1989],[76.0716,28.1792],[76.0804,28.1681],[76.0929,28.1552],[76.0879,28.1435],[76.0749,28.142],[76.0637,28.1499],[76.0664,28.1678],[76.0277,28.1727],[76.0162,28.1611],[75.9998,28.1564],[75.9957,28.1353],[75.9771,28.1272],[75.9676,28.1194],[75.9474,28.1097],[75.9361,28.0935],[75.959,28.0841],[75.9771,28.0842],[75.9876,28.0706],[75.9746,28.0571],[75.9911,28.0565],[76.0124,28.0764],[76.0156,28.0889],[76.0312,28.0839],[76.0331,28.0687],[76.0223,28.0623],[76.0054,28.0545],[76.0101,28.0367],[75.9911,28.0399],[75.9744,28.0369],[75.9708,28.0238],[75.9858,28.0147],[75.9799,28.0015],[75.9669,28.0022],[75.9553,27.9942],[75.9657,27.9866],[75.9821,27.987],[75.9738,27.9699],[75.9632,27.937],[75.9446,27.9401],[75.9385,27.9511],[75.9286,27.9417],[75.9288,27.9265],[75.9417,27.9191],[75.9559,27.9195],[75.9675,27.9154],[75.9672,27.8993],[75.9728,27.8854],[75.9643,27.8715],[75.9754,27.8646],[75.9945,27.8609],[76.0093,27.8626],[76.0208,27.8575],[76.0338,27.8542],[76.0496,27.8479],[76.06,27.8572],[76.0801,27.8511],[76.0856,27.8652],[76.1033,27.8624],[76.1221,27.8544],[76.1282,27.8378],[76.1427,27.8278],[76.1532,27.8213],[76.1673,27.8091],[76.1804,27.8124],[76.1904,27.8268],[76.2077,27.8285],[76.2233,27.8409],[76.2106,27.8448],[76.2051,27.8555],[76.1931,27.8639],[76.189,27.8764],[76.1998,27.8881],[76.191,27.9027],[76.1752,27.9071],[76.1661,27.921],[76.1704,27.9333],[76.1764,27.9483],[76.1763,27.9611],[76.1795,27.9728],[76.167,27.9792],[76.1539,27.9925],[76.1587,28.0046],[76.1694,28.0169],[76.1796,28.0233],[76.1959,28.0217],[76.2138,28.0317],[76.2042,28.0422],[76.1934,28.0352],[76.1832,28.043],[76.1755,28.0543],[76.1928,28.0598],[76.2083,28.0556],[76.2259,28.0552],[76.2436,28.0689],[76.2649,28.0687],[76.282,28.0589],[76.2901,28.0491],[76.2901,28.0299],[76.3166,28.021],[76.33,28.0249],[76.3413,28.0361],[76.3533,28.0656],[76.3444,28.0739],[76.3321,28.0768],[76.3249,28.0922],[76.3072,28.0965],[76.308,28.1113],[76.3319,28.1067],[76.3435,28.1132],[76.3556,28.1285],[76.3432,28.1328],[76.331,28.139],[76.3227,28.1492],[76.3111,28.1547],[76.2959,28.1547],[76.2782,28.1686],[76.2889,28.1827],[76.305,28.1839],[76.326,28.1774],[76.3426,28.1739],[76.3532,28.1662],[76.3574,28.1479],[76.3768,28.1381],[76.393,28.1411],[76.4122,28.1475],[76.4273,28.1459],[76.456,28.1514],[76.471,28.1547],[76.47,28.1385],[76.4833,28.1348],[76.4869,28.1228],[76.4973,28.116],[76.4887,28.1047],[76.4725,28.1127],[76.4569,28.1104],[76.4512,28.0977],[76.4588,28.085],[76.4859,28.0751],[76.4954,28.0676],[76.4838,28.0583],[76.4713,28.0611],[76.458,28.062],[76.4537,28.0497],[76.4757,28.0441],[76.4922,28.0471],[76.4995,28.0364],[76.5186,28.039],[76.5312,28.0431],[76.5355,28.0257],[76.5386,28.0121],[76.5355,27.9931],[76.531,27.9793],[76.5466,27.9714],[76.5598,27.9818],[76.5738,27.989],[76.5838,28.0003],[76.5952,28.0061],[76.616,28.0113],[76.6369,28.0107],[76.6546,28.0156],[76.6615,28.0293],[76.6534,28.0399],[76.6516,28.0555],[76.6479,28.0677],[76.647,28.0851],[76.6512,28.0968],[76.6639,28.0979],[76.6779,28.0978],[76.6895,28.1135],[76.7054,28.1277],[76.72,28.1315],[76.733,28.1286],[76.7551,28.1466],[76.7729,28.1514],[76.7915,28.1572],[76.7961,28.1705],[76.7923,28.1829],[76.7931,28.1983],[76.8056,28.2004],[76.8058,28.2159],[76.819,28.2147],[76.8334,28.2248],[76.8505,28.2267],[76.8636,28.2246],[76.8662,28.2115],[76.8793,28.2104],[76.8967,28.2076],[76.8857,28.1967],[76.8991,28.1793],[76.912,28.1719],[76.9211,28.1623],[76.9378,28.1553],[76.9565,28.146],[76.9558,28.1237],[76.9555,28.1117],[76.9511,28.0961],[76.9481,28.0787],[76.9425,28.0668],[76.9336,28.0481],[76.9307,28.0305],[76.9266,28.0125],[76.9186,27.9976],[76.9223,27.9858],[76.9228,27.9658],[76.9195,27.9528],[76.9191,27.9408],[76.9191,27.9249],[76.9388,27.919],[76.9382,27.896],[76.9261,27.8944],[76.9248,27.8768],[76.9299,27.8552],[76.9266,27.8342],[76.9079,27.8359],[76.9011,27.8254],[76.9052,27.8126],[76.9039,27.7949],[76.8956,27.7861],[76.8923,27.772],[76.8906,27.742],[76.8841,27.7309],[76.8885,27.7196],[76.9028,27.7164],[76.9122,27.7061],[76.906,27.6958],[76.8935,27.6983],[76.8809,27.6994],[76.8947,27.6897],[76.8932,27.6769],[76.9005,27.6634],[76.9138,27.6596],[76.9268,27.6654],[76.9342,27.6751],[76.9515,27.6663],[76.9705,27.6571],[76.9723,27.6729],[76.9761,27.6929],[76.9791,27.7062],[76.9828,27.7185],[76.9891,27.7338],[77.001,27.7385],[77.0114,27.7465],[77.0249,27.7471],[77.0393,27.7416],[77.0507,27.7281],[77.0657,27.7324],[77.078,27.7373],[77.0725,27.7491],[77.0673,27.7638],[77.0542,27.7619],[77.0394,27.7749],[77.0284,27.7803],[77.024,27.7982],[77.0304,27.8114],[77.0451,27.817],[77.0563,27.8115],[77.0685,27.8116],[77.0766,27.8015],[77.0936,27.7897],[77.1075,27.7867],[77.12,27.7895],[77.1252,27.7769],[77.1354,27.784],[77.1473,27.7867],[77.1533,27.7979],[77.1497,27.8124],[77.1724,27.8163],[77.1804,27.8044],[77.1666,27.7959],[77.1756,27.7872],[77.1889,27.7984],[77.1866,27.8105],[77.1938,27.8219],[77.2021,27.8126],[77.2068,27.8011],[77.2222,27.7976],[77.2317,27.7858],[77.2479,27.7938],[77.257,27.8053],[77.2625,27.8161],[77.2758,27.8065],[77.2906,27.8017],[77.3011,27.7937],[77.3037,27.776],[77.3028,27.7612],[77.3053,27.7492],[77.3123,27.7387],[77.2963,27.7298],[77.3024,27.7132],[77.3173,27.7112],[77.3305,27.7111],[77.3344,27.6995],[77.3368,27.6855],[77.3372,27.6697],[77.3428,27.6572],[77.3323,27.6378],[77.3132,27.6173],[77.3258,27.5969],[77.3501,27.5934],[77.3384,27.5766],[77.3307,27.5638],[77.3384,27.5496],[77.3325,27.5385],[77.3403,27.5248],[77.3522,27.52],[77.3762,27.5186],[77.3896,27.5054],[77.3923,27.4861],[77.4074,27.4764],[77.4155,27.4661],[77.4296,27.462],[77.423,27.4494],[77.417,27.4382],[77.4152,27.4254],[77.4268,27.4166],[77.43,27.405],[77.4433,27.3933],[77.4616,27.3876],[77.4759,27.3877],[77.4972,27.3814],[77.508,27.3728],[77.5157,27.3627],[77.5307,27.3528],[77.5427,27.3424],[77.5617,27.3354],[77.5727,27.3301],[77.5866,27.3353],[77.6048,27.3379],[77.6155,27.3254],[77.6089,27.3119],[77.597,27.3047],[77.6091,27.288],[77.6113,27.2743],[77.6128,27.2603],[77.6258,27.2623],[77.6342,27.2537],[77.6384,27.2407],[77.6395,27.2232],[77.6478,27.2145],[77.6672,27.2071],[77.672,27.1951],[77.6612,27.1828],[77.6433,27.1744],[77.6308,27.1702],[77.6148,27.1748],[77.6041,27.1643],[77.5981,27.148],[77.5946,27.1337],[77.5859,27.1242],[77.5561,27.1158],[77.5395,27.1113],[77.5294,27.1041],[77.5138,27.1081],[77.5023,27.0992],[77.5147,27.0919],[77.5177,27.0798],[77.5214,27.0672],[77.5337,27.0698],[77.5463,27.0807],[77.5632,27.0786],[77.5669,27.0663],[77.5652,27.054],[77.5574,27.0369],[77.5751,27.0416],[77.5888,27.0371],[77.5988,27.0288],[77.6156,27.0274],[77.6243,27.0169],[77.6343,27.027],[77.652,27.0226],[77.6633,27.0303],[77.6708,27.0489],[77.6843,27.0449],[77.682,27.0329],[77.6937,27.0195],[77.6966,27.007],[77.7086,27.0011],[77.7223,27.0003],[77.7202,27.014],[77.7222,27.0261],[77.7355,27.0337],[77.7439,27.0237],[77.7462,27.0109],[77.7477,26.9985],[77.7363,26.9882],[77.7233,26.9882],[77.7099,26.9877],[77.6919,26.979],[77.6703,26.9771],[77.6596,26.9681],[77.6489,26.9738],[77.6048,26.946],[77.5938,26.9377],[77.5798,26.9309],[77.5574,26.926],[77.5453,26.922],[77.5186,26.9155],[77.4958,26.9058],[77.4825,26.9038],[77.4648,26.8927],[77.4555,26.8804],[77.4418,26.8776],[77.4318,26.8659],[77.4262,26.8531],[77.4175,26.8428],[77.4272,26.8317],[77.4392,26.8192],[77.4319,26.7924],[77.4273,26.7761],[77.4453,26.7775],[77.4643,26.7696],[77.4483,26.7467],[77.4804,26.7539],[77.4933,26.767],[77.4843,26.7824],[77.4866,26.8012],[77.497,26.838],[77.5067,26.8474],[77.512,26.828],[77.5284,26.8246],[77.5474,26.8217],[77.5648,26.8246],[77.5775,26.8331],[77.5962,26.8417],[77.6045,26.8328],[77.6132,26.8445],[77.6573,26.8564],[77.6717,26.8741],[77.6864,26.8783],[77.7054,26.8803],[77.7198,26.8867],[77.7179,26.8996],[77.7189,26.9164],[77.729,26.9258],[77.7443,26.9232],[77.7534,26.9377],[77.7735,26.9363],[77.7889,26.9223],[77.8053,26.9285],[77.8213,26.9262],[77.8364,26.9196],[77.8494,26.9124],[77.8715,26.9055],[77.8821,26.896],[77.8961,26.8897],[77.9028,26.9011],[77.8986,26.9154],[77.9219,26.9146],[77.9347,26.9052],[77.963,26.9126],[77.9706,26.8997],[77.985,26.9014],[77.9984,26.9099],[78.0141,26.9084],[78.0191,26.8974],[78.0176,26.882],[78.0273,26.8735],[78.0164,26.8638],[78.0311,26.8655],[78.0376,26.877],[78.0452,26.9029],[78.0422,26.9154],[78.0571,26.9133],[78.0728,26.9076],[78.0868,26.902],[78.1015,26.905],[78.0991,26.9206],[78.1127,26.9275],[78.1131,26.9419],[78.1149,26.9549],[78.1271,26.9555],[78.1395,26.9571],[78.1527,26.9521],[78.1737,26.9487],[78.1905,26.9468],[78.2013,26.9403],[78.2122,26.9496],[78.2234,26.9451],[78.2327,26.9337],[78.2473,26.9307],[78.2612,26.9318],[78.2595,26.9162],[78.2527,26.9046],[78.2325,26.8955],[78.2266,26.8826],[78.2049,26.8774],[78.1935,26.8895],[78.1969,26.8721],[78.2045,26.8556],[78.2116,26.8385],[78.1921,26.8298],[78.1796,26.831],[78.1676,26.832],[78.1634,26.8199],[78.1794,26.8012],[78.1598,26.7911],[78.1458,26.7917],[78.1313,26.7992],[78.119,26.8026],[78.1055,26.8008],[78.0954,26.7894],[78.0957,26.7718],[78.111,26.7621],[78.1117,26.7497],[78.096,26.7438],[78.0868,26.7318],[78.089,26.7007],[78.0881,26.6867],[78.0754,26.6782],[78.0609,26.6818],[78.0491,26.6898],[78.0316,26.6913],[78.0192,26.6976],[77.9922,26.7026],[77.9757,26.6833],[77.9605,26.6715],[77.9479,26.665],[77.9239,26.665],[77.9036,26.6662],[77.8909,26.6545],[77.8902,26.6405],[77.8794,26.6203],[77.8514,26.616],[77.8341,26.6118],[77.8204,26.5998],[77.8244,26.5844],[77.8177,26.5602],[77.8043,26.5514],[77.783,26.5526],[77.767,26.5535],[77.75,26.5467],[77.7307,26.5299],[77.727,26.5154],[77.714,26.5042],[77.695,26.5009],[77.678,26.5055],[77.6547,26.4972],[77.6394,26.4892],[77.6267,26.483],[77.6167,26.4719],[77.6087,26.4593],[77.5791,26.4511],[77.5691,26.4431],[77.5515,26.4406],[77.5425,26.4295],[77.5299,26.418],[77.5059,26.4129],[77.4939,26.4136],[77.475,26.4146],[77.459,26.4112],[77.4341,26.4092],[77.4264,26.3955],[77.4397,26.3787],[77.4324,26.365],[77.4155,26.3681],[77.4018,26.3687],[77.3859,26.3624],[77.3662,26.3715],[77.3467,26.3604],[77.3347,26.3572],[77.327,26.3472],[77.3118,26.3338],[77.3085,26.3216],[77.2899,26.2956],[77.267,26.2762],[77.2514,26.267],[77.2378,26.2627],[77.2084,26.2442],[77.1945,26.236],[77.1775,26.2391],[77.1649,26.2445],[77.1528,26.238],[77.1295,26.2397],[77.1136,26.2314],[77.1059,26.2194],[77.0982,26.2023],[77.0917,26.1909],[77.0689,26.1854],[77.0526,26.1862],[77.0347,26.1819],[77.0239,26.1762],[77.0112,26.1653],[76.9997,26.1526],[76.9945,26.1378],[76.9686,26.124],[76.9535,26.1153],[76.9419,26.1081],[76.929,26.1027],[76.9063,26.1011],[76.8878,26.0933],[76.8822,26.0786],[76.8726,26.0641],[76.8639,26.0517],[76.8518,26.0435],[76.8381,26.0364],[76.8402,26.0113],[76.8296,25.9959],[76.8198,25.9887],[76.8189,25.9713],[76.8063,25.953],[76.7948,25.9442],[76.7768,25.9394],[76.7607,25.9425],[76.7534,25.9322],[76.7624,25.9221],[76.7455,25.9092],[76.7333,25.9025],[76.7145,25.901],[76.6965,25.9071],[76.6841,25.9102],[76.6566,25.9108],[76.6414,25.9063],[76.6317,25.8752],[76.6165,25.8713],[76.5975,25.8765],[76.5853,25.8677],[76.5668,25.8397],[76.5495,25.825],[76.5355,25.8092],[76.5293,25.798],[76.5227,25.7743],[76.5304,25.7437],[76.5266,25.731],[76.5108,25.73],[76.4824,25.7181],[76.4779,25.706],[76.4818,25.6894],[76.5078,25.6761],[76.4994,25.6483],[76.5108,25.6382],[76.5158,25.607],[76.5099,25.5872],[76.5124,25.5718],[76.5203,25.5569],[76.5225,25.5415],[76.5226,25.5243],[76.5346,25.5135],[76.5421,25.4974],[76.5507,25.4843],[76.5596,25.4733],[76.5607,25.4499],[76.5743,25.4367],[76.589,25.4315],[76.5991,25.4053],[76.6025,25.389],[76.6149,25.3841],[76.6255,25.3751],[76.6436,25.3764],[76.6575,25.3614],[76.6728,25.35],[76.7032,25.3476],[76.7145,25.3424],[76.732,25.3479],[76.7537,25.3393],[76.7667,25.3362],[76.7598,25.3227],[76.7701,25.3122],[76.7953,25.3218],[76.8217,25.3271],[76.8398,25.3293],[76.8537,25.3297],[76.867,25.3252],[76.8816,25.3229],[76.9046,25.3179],[76.9154,25.309],[76.9292,25.2973],[76.9287,25.2792],[76.9418,25.2754],[76.9553,25.2846],[76.9587,25.2972],[76.9927,25.3018],[77.0101,25.3015],[77.0242,25.3011],[77.0341,25.3119],[77.0394,25.3251],[77.053,25.3207],[77.0679,25.3297],[77.0755,25.3397],[77.0926,25.3373],[77.1081,25.3353],[77.1214,25.3313],[77.1363,25.3241],[77.149,25.3154],[77.1616,25.3137],[77.1821,25.3133],[77.1974,25.311],[77.1986,25.3246],[77.2107,25.3337],[77.217,25.3493],[77.2211,25.3611],[77.2203,25.3734],[77.2347,25.3851],[77.2496,25.3949],[77.273,25.412],[77.283,25.4236],[77.2956,25.4317],[77.3169,25.4328],[77.3292,25.4286],[77.3437,25.4224],[77.3613,25.413],[77.3497,25.3984],[77.3447,25.3833],[77.3517,25.3724],[77.3439,25.3374],[77.3364,25.3256],[77.3493,25.3241],[77.3638,25.333],[77.3718,25.3202],[77.3748,25.3059],[77.3695,25.2885],[77.36,25.2802],[77.3497,25.2718],[77.3603,25.2609],[77.3705,25.251],[77.3916,25.2311],[77.4064,25.2263],[77.4095,25.2124],[77.4137,25.1995],[77.4031,25.1865],[77.3907,25.1882],[77.3913,25.1747],[77.3892,25.1599],[77.3874,25.1381],[77.3939,25.1233],[77.3752,25.1168],[77.3608,25.1043],[77.3487,25.0978],[77.3324,25.0966],[77.3204,25.0907],[77.307,25.0858],[77.2913,25.0941],[77.2844,25.1042],[77.2623,25.1193],[77.2416,25.1127],[77.2208,25.1102],[77.2058,25.1124],[77.1888,25.1118],[77.1696,25.1137],[77.1646,25.0986],[77.1577,25.0883],[77.1405,25.0909],[77.1283,25.0891],[77.1145,25.0691],[77.1025,25.0692],[77.0904,25.0664],[77.0772,25.058],[77.0613,25.0614],[77.0443,25.0658],[77.0293,25.0719],[77.0124,25.0749],[77.0003,25.0797],[76.9837,25.0776],[76.9718,25.0668],[76.9613,25.054],[76.9299,25.0416],[76.9177,25.04],[76.9011,25.034],[76.882,25.0341],[76.8767,25.0199],[76.8606,25.0104],[76.8687,24.9975],[76.8664,24.9718],[76.8734,24.9576],[76.8797,24.9458],[76.8932,24.9354],[76.8902,24.9231],[76.9074,24.9233],[76.9209,24.9168],[76.9158,24.9012],[76.9139,24.8879],[76.934,24.8843],[76.9419,24.8747],[76.9431,24.8601],[76.9265,24.8498],[76.9115,24.8476],[76.895,24.8395],[76.8781,24.8396],[76.8633,24.8417],[76.8513,24.8402],[76.8375,24.8411],[76.8231,24.8349],[76.8112,24.8282],[76.8016,24.8198],[76.8157,24.8037],[76.8258,24.7934],[76.8359,24.7851],[76.8467,24.77],[76.845,24.7521],[76.8608,24.7487],[76.8867,24.7542],[76.8983,24.7478],[76.9217,24.7488],[76.9458,24.764],[76.9633,24.7596],[76.9653,24.7441],[76.972,24.7317],[76.9823,24.7249],[76.9921,24.7174],[77.0042,24.7137],[77.0192,24.715],[77.0335,24.7029],[77.0349,24.6886],[77.0489,24.6613],[77.0595,24.6424],[77.0611,24.6246],[77.0611,24.6105],[77.0585,24.5948],[77.0647,24.5699],[77.0615,24.5548],[77.0534,24.5442],[77.0503,24.5265],[77.032,24.5288],[77.0248,24.517],[77.0241,24.5013],[77.0123,24.4944],[77.0026,24.4835],[76.9925,24.4734],[76.9797,24.4746],[76.9653,24.4609],[76.9529,24.4639],[76.9411,24.4674],[76.9308,24.4767],[76.9146,24.4877],[76.9153,24.5114],[76.9189,24.5244],[76.9157,24.5404],[76.9024,24.5475],[76.8929,24.5397],[76.889,24.5268],[76.8757,24.5262],[76.8748,24.5405],[76.8662,24.5494],[76.8528,24.551],[76.8382,24.5485],[76.8268,24.5388],[76.8146,24.5344],[76.8281,24.5104],[76.8345,24.4983],[76.8453,24.4909],[76.8463,24.4755],[76.8484,24.4588],[76.8379,24.4506],[76.8507,24.4374],[76.8493,24.4253],[76.8377,24.4181],[76.8483,24.3963],[76.848,24.3788],[76.8388,24.3647],[76.8389,24.3426],[76.8449,24.328],[76.8588,24.3123],[76.8626,24.2988],[76.8671,24.2809],[76.8742,24.2711],[76.8974,24.2471],[76.9112,24.2376],[76.9186,24.2264],[76.9283,24.2135],[76.9425,24.2084],[76.9332,24.1869],[76.9161,24.1887],[76.9112,24.1769],[76.9058,24.1532],[76.8999,24.1311],[76.8863,24.1317],[76.8733,24.1398],[76.856,24.1389],[76.8423,24.1323],[76.8277,24.1256],[76.8147,24.1265],[76.8011,24.1203],[76.7756,24.1531],[76.7689,24.1647],[76.7573,24.1697],[76.7359,24.1718],[76.7207,24.1617],[76.7011,24.1714],[76.6894,24.1837],[76.6742,24.1934],[76.6768,24.2105],[76.6849,24.2248],[76.6952,24.2421],[76.7014,24.2544],[76.6948,24.2678],[76.6949,24.2823],[76.6787,24.2706],[76.6582,24.2678],[76.6425,24.2701],[76.6301,24.2647],[76.6163,24.2628],[76.614,24.2422],[76.6005,24.245],[76.588,24.2496],[76.5967,24.2353],[76.5926,24.2239],[76.5715,24.2135],[76.5658,24.2008],[76.577,24.1913],[76.5727,24.1773],[76.5548,24.1682],[76.5399,24.1667],[76.5232,24.1632],[76.5133,24.1729],[76.5084,24.2002],[76.4969,24.212],[76.4844,24.215],[76.4746,24.2287],[76.461,24.2254],[76.4474,24.2177],[76.436,24.225],[76.4236,24.2269],[76.4225,24.2142],[76.4001,24.2228],[76.3735,24.2377],[76.3612,24.2445],[76.3442,24.2519],[76.3269,24.2536],[76.3101,24.2464],[76.2939,24.2407],[76.2888,24.2256],[76.2764,24.2165],[76.2654,24.2215],[76.2518,24.2248],[76.2361,24.2239],[76.2234,24.2233],[76.2106,24.2228],[76.2055,24.2418],[76.2044,24.269],[76.1947,24.2848],[76.1991,24.2973],[76.2062,24.3109],[76.194,24.3209],[76.1855,24.3315],[76.1721,24.3156],[76.17,24.3034],[76.1627,24.2934],[76.1495,24.2922],[76.1422,24.2812],[76.1455,24.2658],[76.1545,24.2438],[76.147,24.2278],[76.1316,24.2124],[76.1213,24.1964],[76.1209,24.1836],[76.1309,24.1691],[76.1305,24.1537],[76.1344,24.1393],[76.1307,24.1229],[76.1313,24.1066],[76.1233,24.0923],[76.1086,24.0971],[76.099,24.0892],[76.0845,24.0821],[76.0637,24.0779],[76.047,24.0757],[76.033,24.0642],[76.0267,24.0505],[76.0089,24.0403],[75.9945,24.0319],[75.9798,24.031],[75.9602,24.0254],[75.9591,24.01],[75.9602,23.9975],[75.9768,23.982],[75.9802,23.9688],[75.9798,23.9522],[75.976,23.939],[75.9665,23.9299],[75.9482,23.9223],[75.9381,23.9122],[75.9318,23.9019],[75.9055,23.8961],[75.8888,23.8917],[75.8786,23.8846],[75.8671,23.894],[75.8534,23.8942],[75.8414,23.8884],[75.8179,23.8794],[75.8027,23.8711],[75.7851,23.8654],[75.7771,23.8539],[75.7616,23.8569],[75.7592,23.8813],[75.7497,23.89],[75.7365,23.8941],[75.7228,23.9006],[75.7106,23.9004],[75.6986,23.8912],[75.6981,23.8771],[75.7066,23.8682],[75.7275,23.8645],[75.724,23.848],[75.7187,23.8324],[75.7178,23.819],[75.7026,23.8171],[75.6902,23.8196],[75.694,23.8046],[75.6987,23.7918],[75.6901,23.776],[75.6845,23.7606],[75.6761,23.7821],[75.6626,23.7882],[75.6518,23.8019],[75.637,23.8024],[75.624,23.8005],[75.6121,23.8066],[75.5917,23.8024],[75.5845,23.814],[75.5728,23.8169],[75.5585,23.8202],[75.5601,23.8369],[75.5723,23.8348],[75.5672,23.8476],[75.5606,23.86],[75.5379,23.8767],[75.5167,23.8888],[75.5041,23.8919],[75.4874,23.9108],[75.4609,23.9173],[75.4564,23.9321],[75.4606,23.9476],[75.4624,23.9681],[75.4648,23.9807],[75.4806,23.9923],[75.4918,24.0046],[75.5144,24.0487],[75.5319,24.0315],[75.5426,24.0256],[75.5611,24.0236],[75.5717,24.0174],[75.5688,24.0046],[75.5804,23.9943],[75.5926,23.9949],[75.6068,23.9963],[75.6247,23.9988],[75.6385,24.0028],[75.6415,24.0184],[75.6531,24.0276],[75.6692,24.0335],[75.677,24.0201],[75.6843,24.0046],[75.6864,23.9905],[75.6979,23.9721],[75.7138,23.9721],[75.7265,23.9788],[75.7382,23.9882],[75.7496,23.9951],[75.762,23.998],[75.7609,24.0129],[75.7738,24.0191],[75.7802,24.0363],[75.7777,24.0571],[75.789,24.0633],[75.8073,24.0676],[75.8207,24.0706],[75.8338,24.0754],[75.8327,24.0957],[75.8358,24.1114],[75.8122,24.1029],[75.8024,24.1183],[75.7896,24.1098],[75.7832,24.1227],[75.7787,24.1347],[75.7651,24.1366],[75.7435,24.1396],[75.7507,24.1616],[75.7583,24.1746],[75.7637,24.1898],[75.7678,24.2075],[75.7735,24.2209],[75.7919,24.2232],[75.8053,24.2297],[75.8106,24.242],[75.8264,24.2426],[75.8127,24.2569],[75.8185,24.2682],[75.8114,24.2847],[75.811,24.298],[75.803,24.3123],[75.79,24.3111],[75.7709,24.3088],[75.7563,24.3272],[75.7379,24.348],[75.7418,24.3611],[75.7396,24.3889],[75.7269,24.4053],[75.7433,24.405],[75.7553,24.4093],[75.7564,24.4277],[75.7682,24.4403],[75.7762,24.4539],[75.7841,24.4647],[75.7911,24.4752],[75.805,24.4728],[75.8151,24.4651],[75.8142,24.4481],[75.8241,24.4308],[75.8473,24.419],[75.8612,24.4233],[75.8752,24.4303],[75.8865,24.4369],[75.8986,24.4416],[75.9034,24.4539],[75.9073,24.4695],[75.9125,24.4856],[75.9067,24.498],[75.8911,24.5096],[75.8969,24.5223],[75.9093,24.5149],[75.922,24.5273],[75.9205,24.5438],[75.907,24.5505],[75.9078,24.5654],[75.9111,24.5771],[75.8977,24.5805],[75.8844,24.5817],[75.8758,24.5908],[75.8741,24.6071],[75.8635,24.6129],[75.8482,24.6112],[75.8423,24.6002],[75.8281,24.6133],[75.8343,24.6238],[75.8462,24.6314],[75.8488,24.6531],[75.8439,24.6693],[75.8282,24.6682],[75.8337,24.686],[75.842,24.7175],[75.8388,24.7299],[75.8278,24.7364],[75.8055,24.7563],[75.7862,24.7655],[75.7726,24.762],[75.7597,24.7648],[75.7418,24.7604],[75.7308,24.7556],[75.7118,24.7454],[75.68,24.7278],[75.6592,24.7017],[75.634,24.6912],[75.6133,24.6884],[75.6026,24.7013],[75.5819,24.7227],[75.569,24.7199],[75.5521,24.7138],[75.5351,24.72],[75.5059,24.7094],[75.4835,24.6976],[75.4519,24.6932],[75.4375,24.6955],[75.4197,24.7],[75.3964,24.7046],[75.3781,24.7064],[75.3639,24.7095],[75.3509,24.7171],[75.3044,24.7207],[75.2858,24.7259],[75.2672,24.7327],[75.2495,24.7291],[75.2284,24.7351],[75.2194,24.7231],[75.2019,24.7461],[75.1956,24.76],[75.1855,24.7681],[75.1923,24.7887],[75.2027,24.7963],[75.2064,24.8099],[75.2174,24.8205],[75.2366,24.8202],[75.2495,24.8264],[75.2497,24.8408],[75.2338,24.8466],[75.2217,24.8582],[75.2104,24.8714],[75.2013,24.8842],[75.2082,24.8978],[75.2082,24.91],[75.2214,24.9028],[75.2234,24.89],[75.2361,24.8993],[75.2499,24.8957],[75.248,24.8809],[75.2367,24.8709],[75.2274,24.8591],[75.2417,24.8609],[75.2598,24.8575],[75.2789,24.8535],[75.2904,24.8409],[75.2977,24.8264],[75.3057,24.8133],[75.3198,24.8178],[75.3302,24.8317],[75.3441,24.8328],[75.364,24.8425],[75.3997,24.8549],[75.4105,24.8612],[75.4206,24.8773],[75.4242,24.8928],[75.4075,24.8919],[75.372,24.878],[75.3501,24.885],[75.3353,24.8867],[75.3212,24.8827],[75.3113,24.8695],[75.299,24.8703],[75.2881,24.8797],[75.2727,24.8869],[75.2597,24.8998],[75.267,24.9142],[75.2787,24.9175],[75.2919,24.9209],[75.2849,24.9371],[75.2772,24.9479],[75.2663,24.9619],[75.2759,24.9767],[75.2856,24.9641],[75.2905,24.952],[75.3027,24.9432],[75.3032,24.9306],[75.3122,24.9111],[75.3254,24.9381],[75.3343,24.9506],[75.3375,24.9631],[75.3313,24.9761],[75.3221,24.9896],[75.3189,25.0065],[75.3295,25.0176],[75.3431,25.0223],[75.3536,25.0287],[75.3496,25.0417],[75.3362,25.0449],[75.3227,25.0443],[75.3105,25.0461],[75.2926,25.0429],[75.2783,25.0447],[75.266,25.0431],[75.2446,25.0399],[75.2271,25.0385],[75.2055,25.0424],[75.1944,25.0377],[75.1821,25.0476],[75.167,25.0442],[75.1563,25.0354],[75.1653,25.0223],[75.1692,25.01],[75.1644,24.9917],[75.1522,24.9887],[75.138,24.9864],[75.1491,24.9812],[75.1366,24.9787],[75.1198,24.9758],[75.1153,24.9611],[75.1177,24.9463],[75.1194,24.9181],[75.1177,24.9052],[75.1189,24.889],[75.0901,24.8797],[75.0817,24.8891],[75.0662,24.8784],[75.0511,24.8649],[75.0341,24.8586],[75.0229,24.8656],[75.0126,24.8741],[74.9977,24.8766],[74.9842,24.8776],[74.9717,24.8754],[74.9563,24.875],[74.9504,24.89],[74.9355,24.8952],[74.9237,24.8921],[74.9125,24.8991],[74.9117,24.9189],[74.9043,24.9301],[74.8899,24.9415],[74.8791,24.9488],[74.8709,24.9372],[74.8639,24.9476],[74.862,24.9628],[74.8532,24.9747],[74.8327,24.9675],[74.8263,24.9522],[74.8242,24.9401],[74.8241,24.9148],[74.8271,24.8991],[74.8394,24.8929],[74.8402,24.8806],[74.8529,24.8603],[74.856,24.8472],[74.859,24.829],[74.853,24.8155],[74.8375,24.8085],[74.8489,24.7927],[74.8595,24.7995],[74.8586,24.8131],[74.8781,24.8132],[74.8847,24.8024],[74.8974,24.7992],[74.91,24.7882],[74.9221,24.7884],[74.9386,24.7948],[74.9554,24.7924],[74.9704,24.7909],[74.99,24.7938],[75.0071,24.7961],[75.0163,24.7859],[75.0201,24.7745],[75.0202,24.7528],[74.9971,24.7542],[74.9908,24.7338],[74.9952,24.7161],[74.9641,24.7005],[74.9599,24.6888],[74.952,24.6765],[74.9418,24.6668],[74.9295,24.6592],[74.9148,24.6594],[74.9025,24.6563],[74.8879,24.6577],[74.8802,24.668],[74.8698,24.6788],[74.8669,24.6905],[74.8585,24.7022],[74.8349,24.732],[74.8293,24.7459],[74.8185,24.7653],[74.815,24.7815],[74.8098,24.7964],[74.7985,24.7905],[74.8019,24.7665],[74.7998,24.7517],[74.7861,24.7469],[74.7839,24.7304],[74.7832,24.7182],[74.7809,24.7051],[74.7779,24.6932],[74.7857,24.6799],[74.8097,24.6865],[74.8177,24.6765],[74.8049,24.6596],[74.793,24.6516],[74.7834,24.6368],[74.7878,24.6208],[74.7818,24.6072],[74.7602,24.6014],[74.748,24.5968],[74.7538,24.5784],[74.757,24.5637],[74.7523,24.5524],[74.7477,24.5362],[74.7286,24.5348],[74.7157,24.5228],[74.7119,24.5109],[74.7272,24.5108],[74.7507,24.492],[74.7662,24.4907],[74.779,24.4834],[74.7919,24.4933],[74.808,24.493],[74.8224,24.4878],[74.8201,24.4729],[74.8338,24.4604],[74.8446,24.4659],[74.8581,24.4673],[74.8575,24.4515],[74.8477,24.4436],[74.8352,24.4295],[74.8272,24.4168],[74.8148,24.4107],[74.8054,24.3955],[74.7983,24.3842],[74.7884,24.3718],[74.7817,24.3584],[74.7863,24.3439],[74.7832,24.3194],[74.7671,24.3045],[74.7575,24.2962],[74.7528,24.2827],[74.7665,24.2734],[74.7797,24.2726],[74.8152,24.277],[74.8326,24.2716],[74.8533,24.27],[74.8697,24.2807],[74.8853,24.2687],[74.897,24.2492],[74.9073,24.2408],[74.8982,24.2291],[74.8867,24.2249],[74.8811,24.2135],[74.8973,24.187],[74.9003,24.1743],[74.9202,24.1628],[74.9235,24.1493],[74.9367,24.139],[74.9362,24.1238],[74.9549,24.112],[74.9607,24.0942],[74.9652,24.0827],[74.9763,24.076],[74.9812,24.041],[74.993,24.0297],[74.9878,24.0143],[74.9722,24.0036],[74.9729,23.9911],[74.9687,23.9797],[74.9415,23.9605],[74.9315,23.9468],[74.9213,23.9357],[74.9174,23.9176],[74.9139,23.9034],[74.9105,23.8885],[74.9072,23.8768],[74.9069,23.8564],[74.9158,23.8457],[74.9119,23.8126],[74.915,23.7992],[74.9276,23.7983],[74.9379,23.7767],[74.9319,23.7581],[74.9381,23.7429],[74.932,23.7283],[74.9229,23.7139],[74.923,23.6966],[74.9104,23.688],[74.9242,23.6685],[74.9284,23.6532],[74.939,23.6432],[74.9397,23.6304],[74.9279,23.6244],[74.9096,23.6242],[74.898,23.6122],[74.8861,23.6064],[74.8794,23.596],[74.875,23.5835],[74.8617,23.5723],[74.8515,23.5574],[74.8376,23.5532],[74.8192,23.5408],[74.8029,23.5341],[74.7963,23.5463],[74.7741,23.5433],[74.7639,23.5247],[74.7424,23.5195],[74.7378,23.5068],[74.7259,23.4985],[74.7109,23.5056],[74.6874,23.4958],[74.6809,23.4851],[74.6641,23.4733],[74.6547,23.4644],[74.6364,23.4641],[74.6134,23.4614],[74.5985,23.4298],[74.5797,23.4224],[74.5724,23.3833],[74.5602,23.3645],[74.5458,23.3638],[74.5427,23.3387],[74.5203,23.3317],[74.5303,23.3241],[74.5357,23.3095],[74.5439,23.3001],[74.5486,23.2868],[74.5621,23.2921],[74.5719,23.3009],[74.5868,23.2845],[74.5991,23.2836],[74.6153,23.2846],[74.6266,23.276],[74.6321,23.2634],[74.6462,23.2597],[74.6665,23.2711],[74.6805,23.2753],[74.7011,23.2721],[74.7103,23.2581],[74.7185,23.246],[74.7038,23.2332],[74.695,23.2231],[74.7129,23.2214],[74.7329,23.2238],[74.7458,23.2327],[74.746,23.2154],[74.7348,23.2064],[74.7211,23.197],[74.6876,23.1967],[74.6692,23.2015],[74.6598,23.1879],[74.642,23.1727],[74.6257,23.1629],[74.6178,23.1519],[74.6081,23.1448],[74.5886,23.1415],[74.5736,23.1372],[74.5457,23.1321],[74.5475,23.1185],[74.5427,23.1069],[74.5233,23.0989],[74.5123,23.0888],[74.4914,23.0884],[74.4672,23.0853],[74.4454,23.0929],[74.4332,23.1057],[74.4188,23.1085],[74.4068,23.1118],[74.3912,23.112],[74.367,23.0955],[74.3595,23.0805],[74.3479,23.0708],[74.3228,23.0627],[74.3102,23.0795],[74.2868,23.0917],[74.282,23.1064],[74.2881,23.1187],[74.2795,23.13],[74.2718,23.156],[74.2619,23.1716],[74.2498,23.1784],[74.237,23.1827],[74.2075,23.1921],[74.1941,23.1786],[74.1891,23.1579],[74.1649,23.1565],[74.1485,23.1721],[74.1362,23.1777],[74.1245,23.188],[74.1235,23.2017],[74.1339,23.2152],[74.1395,23.2268],[74.1365,23.2448],[74.1361,23.2647],[74.1186,23.2754],[74.1111,23.2857],[74.1017,23.2957],[74.0897,23.298],[74.0765,23.2982],[74.0487,23.2951],[74.0497,23.3071],[74.0376,23.3057],[74.0301,23.3199],[74.0327,23.3323],[74.0038,23.3362],[73.9908,23.3376],[73.9845,23.3495],[73.9789,23.3678],[73.971,23.3771],[73.9569,23.3776],[73.9437,23.3663],[73.9438,23.3536],[73.9389,23.3414],[73.914,23.336],[73.9012,23.3359],[73.8949,23.3526],[73.8794,23.3681],[73.8668,23.3958],[73.8574,23.4048],[73.8365,23.4307],[73.8321,23.4468],[73.7942,23.4356],[73.7778,23.4423],[73.771,23.4526],[73.7566,23.4496],[73.734,23.4249],[73.7261,23.4127],[73.7136,23.4337],[73.7042,23.4558],[73.6819,23.4571],[73.6687,23.4519],[73.6532,23.4405],[73.6381,23.4503],[73.6406,23.473],[73.6438,23.4968],[73.6584,23.5041],[73.6573,23.5162],[73.637,23.5311],[73.6371,23.548],[73.6383,23.5625],[73.6498,23.5753],[73.6487,23.5907],[73.65,23.6077],[73.6607,23.6229],[73.6423,23.6313],[73.619,23.6514],[73.5773,23.6554],[73.553,23.6313],[73.5414,23.6227],[73.5322,23.6135],[73.5135,23.6168],[73.5057,23.6289],[73.5116,23.6451],[73.5005,23.6507],[73.5078,23.6626],[73.5112,23.6801],[73.5104,23.697],[73.5019,23.7066],[73.4856,23.705],[73.4766,23.721],[73.4628,23.7343],[73.4513,23.7488],[73.4322,23.7621],[73.4205,23.7793],[73.4086,23.7836],[73.3939,23.7785],[73.3759,23.7667],[73.3713,23.7779],[73.3626,23.7874],[73.3704,23.8144],[73.3719,23.8321],[73.3598,23.8546],[73.3661,23.8691],[73.377,23.8888],[73.3865,23.9058],[73.3961,23.9168],[73.4201,23.9234],[73.4204,23.9364],[73.4191,23.9538],[73.4215,23.9747],[73.414,23.9884],[73.4108,24.0026],[73.4093,24.0159],[73.4114,24.0348],[73.4138,24.0511],[73.4042,24.0652],[73.3853,24.0796],[73.3748,24.0871],[73.3696,24.1125],[73.3735,24.1281],[73.3608,24.1141],[73.3428,24.1158],[73.3319,24.104],[73.3345,24.0826],[73.3266,24.0625],[73.3114,24.0546],[73.2979,24.0368],[73.2828,24.0288],[73.2639,24.0201],[73.2525,24.0111],[73.2403,24.0183],[73.2294,24.024],[73.2081,24.0395],[73.1989,24.0515],[73.2091,24.0666],[73.2144,24.0802],[73.2226,24.0935],[73.2123,24.1041],[73.2,24.1084],[73.1869,24.1077],[73.1717,24.1113],[73.1611,24.1201],[73.1472,24.1226],[73.1234,24.1403],[73.1165,24.1529],[73.1024,24.1652],[73.091,24.1753],[73.0827,24.185],[73.0872,24.2008],[73.0917,24.2209],[73.106,24.2262],[73.1009,24.2377],[73.1069,24.249],[73.1161,24.2626],[73.1389,24.2801],[73.1439,24.2995],[73.1512,24.3108],[73.1733,24.3011],[73.1848,24.3091],[73.1861,24.327],[73.1929,24.3436],[73.2014,24.3341],[73.2164,24.3505],[73.2315,24.3647],[73.211,24.3754],[73.2007,24.3668],[73.1904,24.3558],[73.17,24.3507],[73.1546,24.3564],[73.1373,24.3644],[73.1186,24.3757],[73.1112,24.3868],[73.0983,24.3855],[73.085,24.3945],[73.0907,24.4088],[73.1062,24.4203],[73.1088,24.4324],[73.1066,24.4454],[73.0985,24.4726],[73.0989,24.4915],[73.0838,24.4902],[73.0701,24.4809],[73.0573,24.4726],[73.0332,24.4637],[73.0128,24.4824],[73.0003,24.4706],[72.9891,24.457],[72.9832,24.4403],[72.9906,24.4209],[72.9794,24.4056],[72.9642,24.3922],[72.9746,24.3834],[72.9875,24.3751],[72.9775,24.3588],[72.9654,24.3511],[72.946,24.3393],[72.9338,24.3362],[72.9239,24.3263],[72.91,24.3405],[72.9006,24.3514],[72.8843,24.3608],[72.8681,24.3658],[72.8537,24.366],[72.8391,24.3648],[72.8153,24.3582],[72.7933,24.3602],[72.7728,24.3607],[72.7487,24.3575],[72.7325,24.3613],[72.7175,24.3756],[72.7066,24.3913],[72.6935,24.4193],[72.6926,24.4414],[72.6975,24.4526],[72.6846,24.4592],[72.6586,24.4564],[72.6393,24.4615],[72.6041,24.4691],[72.5885,24.4725],[72.5742,24.4881],[72.5591,24.4946],[72.5477,24.5056],[72.5188,24.473],[72.5117,24.4474],[72.5044,24.4309],[72.51,24.4183],[72.501,24.4073],[72.4874,24.4054],[72.4647,24.4071],[72.4638,24.4209],[72.4576,24.4329],[72.4462,24.4483],[72.4367,24.4605],[72.4386,24.4791],[72.4482,24.4933],[72.4425,24.5042],[72.426,24.5083],[72.3977,24.5003],[72.3709,24.5288],[72.3616,24.5433],[72.3486,24.5535],[72.3349,24.5587],[72.337,24.5441],[72.3018,24.5406],[72.2919,24.5505],[72.2717,24.5502],[72.251,24.5802],[72.2767,24.5992],[72.2931,24.5971],[72.3089,24.5909],[72.326,24.5869],[72.3422,24.5935],[72.349,24.612],[72.3402,24.623],[72.331,24.6119],[72.3151,24.6089],[72.2997,24.6162],[72.2747,24.6222],[72.2606,24.6207],[72.242,24.6233],[72.23,24.6329],[72.2164,24.6202],[72.207,24.6121],[72.1859,24.6094],[72.1654,24.6145],[72.1536,24.6311],[72.1348,24.6338],[72.121,24.632],[72.1019,24.6433],[72.0909,24.6487],[72.0824,24.6685],[72.0853,24.697],[72.0525,24.7058],[72.0409,24.6955],[72.0073,24.686],[71.9941,24.6776],[71.9934,24.6567],[71.9828,24.6509],[71.9674,24.6379],[71.9508,24.6326],[71.9395,24.6276],[71.928,24.6338],[71.9188,24.6462],[71.926,24.6587],[71.9121,24.6696],[71.8938,24.6658],[71.8813,24.6757],[71.865,24.6629],[71.8626,24.6495],[71.8678,24.63],[71.8609,24.6141],[71.8466,24.6149],[71.8214,24.6166],[71.8115,24.6259],[71.8174,24.6459],[71.8129,24.6609],[71.799,24.6705],[71.7845,24.6689],[71.7583,24.6603],[71.7458,24.6543],[71.7163,24.6543],[71.686,24.6398],[71.6698,24.6366],[71.6503,24.6399],[71.6449,24.6525],[71.6342,24.6581],[71.6234,24.6642],[71.61,24.6685],[71.5978,24.6639],[71.5831,24.6765],[71.5684,24.6735],[71.5514,24.6706],[71.537,24.6789],[71.5228,24.6753],[71.5035,24.6738],[71.4883,24.6739],[71.4742,24.6632],[71.4589,24.6613],[71.4453,24.654],[71.4324,24.6462],[71.4223,24.6381],[71.407,24.6347],[71.3945,24.627],[71.3831,24.6217],[71.3677,24.6273],[71.362,24.6416],[71.3567,24.6541],[71.3428,24.6482],[71.3265,24.6429],[71.3101,24.6211],[71.2977,24.6076],[71.261,24.6205],[71.2415,24.6266],[71.2073,24.6395],[71.1716,24.6489],[71.1467,24.658],[71.1193,24.6686],[71.1071,24.6807],[71.0865,24.6978],[71.077,24.7077],[71.0628,24.7389],[71.0538,24.7555],[71.0353,24.7988],[71.0236,24.8212],[71.0124,24.8359],[71.004,24.8529],[70.9896,24.8725],[70.9787,24.8897],[70.9619,24.9082],[70.9455,24.9345],[70.9326,24.9735],[70.9256,24.9947],[70.9147,25.0416],[70.912,25.0579],[70.9054,25.095],[70.9001,25.1197],[70.8943,25.1441],[70.8846,25.1536],[70.8748,25.1632],[70.8608,25.1758],[70.8093,25.2238],[70.7962,25.2398],[70.7664,25.2649],[70.7591,25.275],[70.7535,25.2963],[70.7443,25.321],[70.7323,25.3348],[70.7232,25.3451],[70.7059,25.3601],[70.687,25.3783],[70.6767,25.3871],[70.6763,25.4011],[70.6797,25.4165],[70.6796,25.4475],[70.6829,25.4735],[70.685,25.4895],[70.6852,25.5034],[70.6879,25.5173],[70.6762,25.5239],[70.6769,25.5361],[70.6773,25.5887],[70.6794,25.614],[70.6804,25.6326],[70.6809,25.6464],[70.6811,25.6608],[70.6761,25.6803],[70.666,25.6972],[70.6554,25.7038],[70.6425,25.7059],[70.6171,25.7066],[70.6017,25.7033],[70.5747,25.6906],[70.5371,25.677],[70.4903,25.676],[70.4704,25.6744],[70.4253,25.6696],[70.4088,25.6663],[70.3944,25.6641],[70.3752,25.6685],[70.2853,25.6989],[70.2723,25.7087],[70.2673,25.7235],[70.2608,25.7423],[70.2464,25.7635],[70.2362,25.7749],[70.2238,25.7879],[70.2067,25.8023],[70.178,25.8195],[70.1714,25.8323],[70.1654,25.8442],[70.1547,25.8587],[70.145,25.8685],[70.1067,25.9242],[70.0974,25.9419],[70.0913,25.9652],[70.0911,25.9837],[70.091,25.9968],[70.0866,26.0312],[70.0805,26.0582],[70.0826,26.0739],[70.0943,26.0974],[70.1264,26.1394],[70.1373,26.1549],[70.1452,26.1662],[70.1594,26.1945],[70.1673,26.2239],[70.1727,26.2451],[70.1708,26.2591],[70.1668,26.2726],[70.1646,26.2909],[70.1667,26.307],[70.1783,26.3498],[70.1779,26.3658],[70.1785,26.3844],[70.178,26.4042],[70.176,26.4333],[70.181,26.4696],[70.1839,26.4868],[70.1785,26.5141],[70.1727,26.5349],[70.1678,26.5506],[70.1502,26.5683],[70.1389,26.5744],[70.1069,26.5895],[70.0884,26.5956],[70.0662,26.5993],[70.0478,26.5991],[70.0248,26.5987],[70,26.5945],[69.9548,26.5873],[69.9183,26.5826],[69.8793,26.5811],[69.8556,26.5829],[69.8318,26.5877],[69.8154,26.5922],[69.7948,26.6],[69.7719,26.6137],[69.7433,26.6385],[69.7219,26.6538],[69.699,26.6651],[69.6767,26.6726],[69.6083,26.7003],[69.5921,26.7072],[69.5805,26.7119],[69.5504,26.7246],[69.5224,26.736],[69.5114,26.7445],[69.4875,26.7937],[69.4837,26.8062],[69.4855,26.8235],[69.4957,26.8725],[69.5009,26.9003],[69.5036,26.9433],[69.5129,27.0144],[69.5373,27.0693],[69.5426,27.0833],[69.5568,27.1173],[69.5648,27.1376],[69.5781,27.1655],[69.5867,27.178],[69.6006,27.1894],[69.6659,27.2514],[69.6987,27.2777],[69.7247,27.2948],[69.7939,27.3465],[69.8125,27.3596],[69.8325,27.3788],[69.8488,27.3929],[69.862,27.4028],[69.9076,27.4596],[69.9211,27.4794],[69.9362,27.5021],[70,27.545],[70.0163,27.556],[70.0246,27.5697],[70.0514,27.6353],[70.0831,27.7084],[70.1078,27.7669],[70.157,27.834],[70.1808,27.8551],[70.2072,27.8849],[70.2813,27.9304],[70.3029,27.9462],[70.3219,27.9649],[70.3329,27.9771],[70.3662,28.0082],[70.4086,28.0173],[70.4324,28.0215],[70.4597,28.0295],[70.4791,28.0337],[70.5098,28.0355],[70.5303,28.0325],[70.5626,28.0198],[70.5823,28.0027],[70.5988,27.9883],[70.6116,27.9766],[70.6283,27.9614],[70.6509,27.9399],[70.6607,27.9305],[70.6721,27.9143],[70.6728,27.8698],[70.6758,27.851],[70.6784,27.8391],[70.6879,27.8219],[70.6982,27.8077],[70.7044,27.7965],[70.7143,27.7795],[70.7216,27.769],[70.738,27.7422],[70.7514,27.7266],[70.7672,27.7149],[70.7888,27.71],[70.8013,27.7081],[70.819,27.7043],[70.8414,27.7033],[70.8579,27.7022],[70.8714,27.7002],[70.8835,27.6985],[70.898,27.7002],[70.95,27.7188],[70.9616,27.7227],[70.9843,27.7342],[71.034,27.7573],[71.0559,27.7639],[71.0705,27.7683],[71.087,27.7768],[71.1251,27.7923],[71.1399,27.7983],[71.1737,27.812],[71.2087,27.8244],[71.2301,27.8288],[71.2427,27.833],[71.2552,27.837],[71.273,27.8419],[71.3258,27.8517],[71.3419,27.8547],[71.3811,27.8619],[71.4097,27.8658],[71.4479,27.8661],[71.4997,27.8656],[71.5236,27.8654],[71.5491,27.8662],[71.5866,27.8703],[71.6045,27.8682],[71.6208,27.8684],[71.6444,27.8687],[71.6583,27.8689],[71.681,27.8772],[71.698,27.8826],[71.7199,27.8916],[71.7434,27.9006],[71.7596,27.9073],[71.8263,27.9305],[71.8585,27.9414],[71.8931,27.9551],[71.9015,27.969],[71.9036,27.9834],[71.9055,27.9975],[71.9087,28.0139],[71.9119,28.0261],[71.9132,28.0383],[71.9176,28.0652],[71.9221,28.0914],[71.9253,28.1054],[71.9306,28.122],[71.9427,28.1397],[71.9535,28.1527],[71.966,28.1653],[71.9748,28.1782],[71.9959,28.207],[72.0054,28.2154],[72.0191,28.2266],[72.0443,28.2435],[72.0663,28.2608],[72.0908,28.2785],[72.1086,28.2899],[72.1261,28.3035],[72.1363,28.3149],[72.1509,28.3311],[72.1844,28.358],[72.198,28.3814],[72.2071,28.397],[72.2358,28.4748],[72.2432,28.4964],[72.2494,28.5108],[72.2534,28.527],[72.2796,28.6014],[72.2855,28.6188],[72.302,28.6648],[72.3263,28.6989],[72.3444,28.716],[72.3658,28.7419],[72.3751,28.7521],[72.3847,28.7639],[72.4027,28.7779],[72.4309,28.7886],[72.4466,28.7932],[72.4592,28.7992],[72.4848,28.8104],[72.5038,28.8203],[72.5199,28.8286],[72.5442,28.8436],[72.5879,28.866],[72.6435,28.8991],[72.6584,28.9069],[72.6718,28.9138],[72.7113,28.935],[72.7414,28.9483],[72.7858,28.9654],[72.844,28.9877],[72.862,28.9962],[72.8877,29.0037],[72.899,29.0094],[72.9128,29.0144],[72.9282,29.0199],[72.9394,29.0252],[72.9505,29.0459],[72.9581,29.0611],[72.9757,29.0992],[72.9834,29.1139],[72.9998,29.1465],[73.0157,29.1643],[73.0242,29.174],[73.0318,29.1834],[73.0552,29.2071],[73.0785,29.2334],[73.0893,29.2491],[73.0984,29.2658],[73.1094,29.2827],[73.1152,29.2936],[73.137,29.3293],[73.1469,29.3499],[73.1574,29.3678],[73.169,29.386],[73.1913,29.4286],[73.2024,29.4419],[73.2216,29.4794],[73.2324,29.493],[73.2381,29.5061],[73.2476,29.5209],[73.2621,29.5412],[73.2713,29.557],[73.2839,29.5977],[73.2976,29.6336],[73.312,29.6862],[73.3173,29.699],[73.3255,29.7277],[73.3337,29.7497],[73.3403,29.7689],[73.3457,29.792],[73.3496,29.8052],[73.3543,29.8176],[73.3587,29.8361],[73.3658,29.8528],[73.3715,29.874],[73.3854,29.926],[73.3914,29.9379],[73.4074,29.9469],[73.4669,29.9691],[73.5333,29.9936],[73.5469,29.9987],[73.5618,30.0056],[73.5796,30.0117],[73.5995,30.0185],[73.6112,30.0224],[73.6534,30.0312],[73.6719,30.0369],[73.7092,30.0471],[73.754,30.0565],[73.7872,30.0664],[73.8005,30.0764],[73.8377,30.1087],[73.8484,30.1161],[73.8726,30.1323],[73.8835,30.1389],[73.8955,30.1494],[73.9235,30.1679],[73.958,30.1857],[73.9663,30.195],[73.9664,30.177],[73.9608,30.1432],[73.9625,30.1275],[73.95,30.1098],[73.9429,30.0991],[73.9315,30.0838],[73.9182,30.0681],[73.9085,30.0601],[73.8984,30.0536],[73.8926,30.0385],[73.8855,30.0174],[73.8811,29.9963],[73.8885,29.9818],[73.8894,29.9776]]]}},{"type":"Feature","properties":{"name":"Sikkim","id":"sikkim"},"geometry":{"type":"Polygon","coordinates":[[[88.6453,28.0991],[88.6541,28.0898],[88.6611,28.0796],[88.6728,28.0728],[88.6858,28.079],[88.6979,28.0774],[88.7143,28.0757],[88.7291,28.0753],[88.7481,28.0741],[88.768,28.0612],[88.7823,28.0508],[88.7947,28.037],[88.8053,28.0267],[88.8167,28.021],[88.8291,28.0152],[88.8346,28.0004],[88.8403,27.9768],[88.84,27.9641],[88.8364,27.9474],[88.8363,27.932],[88.8535,27.9267],[88.8648,27.9131],[88.8707,27.9024],[88.8805,27.8937],[88.88,27.8803],[88.8818,27.8679],[88.8821,27.8554],[88.881,27.839],[88.873,27.8274],[88.8623,27.8218],[88.8575,27.8082],[88.8523,27.7783],[88.8543,27.7604],[88.8614,27.7489],[88.8611,27.7358],[88.8515,27.7241],[88.8413,27.7121],[88.8455,27.7003],[88.8445,27.6859],[88.8466,27.669],[88.8384,27.6587],[88.826,27.6455],[88.8138,27.6433],[88.8064,27.6322],[88.8082,27.6191],[88.8055,27.6033],[88.7946,27.594],[88.7856,27.5763],[88.7685,27.568],[88.7731,27.5445],[88.7791,27.534],[88.7889,27.5261],[88.7861,27.5136],[88.7832,27.4965],[88.7839,27.4843],[88.7814,27.4725],[88.7834,27.4556],[88.7947,27.447],[88.7949,27.4328],[88.806,27.4142],[88.8114,27.4032],[88.8217,27.3957],[88.8327,27.3865],[88.8413,27.3777],[88.8527,27.3863],[88.8647,27.3798],[88.8688,27.3674],[88.881,27.3632],[88.8851,27.3468],[88.8939,27.3339],[88.9069,27.3307],[88.9218,27.3266],[88.9135,27.3164],[88.9092,27.3017],[88.9073,27.2835],[88.8979,27.2752],[88.8833,27.2691],[88.8732,27.2591],[88.8562,27.2613],[88.8438,27.2608],[88.8309,27.2624],[88.82,27.2565],[88.8011,27.2476],[88.7996,27.2347],[88.8007,27.2207],[88.7952,27.2085],[88.7892,27.1899],[88.7789,27.18],[88.766,27.1785],[88.7583,27.1689],[88.7605,27.1571],[88.7517,27.1482],[88.7372,27.1395],[88.7245,27.1385],[88.715,27.1502],[88.7118,27.1651],[88.702,27.1741],[88.6844,27.1802],[88.6681,27.172],[88.6596,27.1622],[88.6425,27.1672],[88.619,27.1879],[88.6068,27.1897],[88.594,27.1912],[88.5663,27.1879],[88.5408,27.1837],[88.529,27.1778],[88.5298,27.1658],[88.5299,27.1502],[88.516,27.1437],[88.503,27.1341],[88.4919,27.1249],[88.4738,27.1207],[88.4648,27.1048],[88.4545,27.0896],[88.4396,27.0842],[88.411,27.0907],[88.3977,27.0944],[88.3707,27.0994],[88.3523,27.1011],[88.3408,27.1107],[88.3238,27.1049],[88.3205,27.1166],[88.3113,27.1254],[88.2949,27.1248],[88.2781,27.1308],[88.2635,27.1274],[88.2515,27.1254],[88.2401,27.1204],[88.2269,27.1214],[88.2138,27.1351],[88.1956,27.1362],[88.179,27.1347],[88.1584,27.1144],[88.1438,27.1171],[88.1269,27.1231],[88.0959,27.1355],[88.0838,27.145],[88.0839,27.1611],[88.0731,27.1744],[88.0675,27.1903],[88.075,27.2008],[88.0643,27.2078],[88.0468,27.2161],[88.0329,27.221],[88.017,27.2189],[88.0218,27.2355],[88.0303,27.2491],[88.0332,27.263],[88.0356,27.2814],[88.0465,27.2924],[88.0477,27.3099],[88.0552,27.3243],[88.0661,27.3341],[88.0624,27.3493],[88.0528,27.3583],[88.0444,27.3707],[88.0467,27.3843],[88.0511,27.4006],[88.0532,27.4126],[88.0691,27.4246],[88.0826,27.4264],[88.0705,27.4385],[88.069,27.4522],[88.0593,27.4672],[88.0466,27.4784],[88.0472,27.4926],[88.0534,27.5041],[88.0641,27.5118],[88.064,27.5251],[88.0635,27.5397],[88.0718,27.5555],[88.0836,27.5646],[88.0871,27.589],[88.1082,27.6023],[88.1169,27.614],[88.1221,27.627],[88.1233,27.6392],[88.1338,27.6551],[88.1473,27.6654],[88.1494,27.6788],[88.1574,27.6904],[88.151,27.7017],[88.1581,27.7172],[88.1573,27.7292],[88.1723,27.7413],[88.1793,27.7581],[88.1842,27.7692],[88.1907,27.7812],[88.1999,27.7905],[88.1895,27.8012],[88.1815,27.8155],[88.1901,27.8251],[88.1972,27.8355],[88.2002,27.848],[88.1879,27.8565],[88.1752,27.8631],[88.1566,27.8704],[88.1456,27.8781],[88.13,27.8815],[88.1263,27.8951],[88.1175,27.9056],[88.1136,27.9176],[88.1259,27.9344],[88.1237,27.948],[88.1331,27.9616],[88.1468,27.9605],[88.1672,27.9483],[88.1828,27.9436],[88.1948,27.9462],[88.1992,27.958],[88.2098,27.9678],[88.2216,27.964],[88.2352,27.9541],[88.2479,27.9501],[88.2588,27.9563],[88.271,27.9581],[88.2795,27.9673],[88.2939,27.9681],[88.3089,27.9727],[88.3229,27.9813],[88.335,27.987],[88.3502,27.9896],[88.3638,27.9881],[88.3817,27.9799],[88.394,27.9797],[88.4043,27.9867],[88.4123,27.997],[88.4235,28.0056],[88.4509,28.015],[88.4646,28.0232],[88.4717,28.0368],[88.4819,28.045],[88.5011,28.0489],[88.5167,28.044],[88.5278,28.0368],[88.541,28.0405],[88.5437,28.0525],[88.5518,28.0638],[88.5525,28.0776],[88.5669,28.089],[88.5855,28.0902],[88.596,28.0969],[88.6134,28.1026],[88.6116,28.1158],[88.6075,28.1276],[88.6212,28.131],[88.6317,28.1211],[88.6364,28.1087],[88.6453,28.0991]]]}},{"type":"Feature","properties":{"name":"Tamil Nadu","id":"tamil-nadu"},"geometry":{"type":"MultiPolygon","coordinates":[[[[77.556,8.079],[77.556,8.079]]],[[[78.1154,8.6168],[78.1154,8.6168]]],[[[78.1212,8.6174],[78.1212,8.6174]]],[[[78.1201,8.6379],[78.1207,8.6257],[78.1179,8.6374],[78.1201,8.6379]]],[[[78.1276,8.6479],[78.1276,8.6479]]],[[[78.1171,8.6565],[78.1246,8.6462],[78.1165,8.6554],[78.1171,8.6565]]],[[[78.2085,8.841],[78.2085,8.841]]],[[[78.2249,8.8737],[78.2249,8.8737]]],[[[78.2529,8.9579],[78.2529,8.9579]]],[[[78.4918,9.0932],[78.4918,9.0932]]],[[[78.5393,9.106],[78.5393,9.106]]],[[[78.5804,9.1124],[78.5732,9.1026],[78.5804,9.1124]]],[[[78.4879,9.1349],[78.4879,9.1349]]],[[[78.6963,9.1551],[78.6963,9.1551]]],[[[78.7307,9.1563],[78.7307,9.1563]]],[[[78.8282,9.1713],[78.8213,9.1613],[78.8282,9.1713]]],[[[78.9407,9.1846],[78.9285,9.1818],[78.9165,9.1821],[78.9046,9.1796],[78.9165,9.1829],[78.9287,9.1843],[78.9415,9.1854],[78.9407,9.1846]]],[[[78.9677,9.1893],[78.9677,9.1893]]],[[[79.0701,9.2082],[79.0804,9.1999],[79.0679,9.1996],[79.0701,9.2082]]],[[[79.1421,9.2149],[79.1421,9.2149]]],[[[79.1257,9.2179],[79.1257,9.2179]]],[[[79.2324,9.2446],[79.2324,9.2446]]],[[[79.184,9.249],[79.1904,9.2388],[79.2015,9.234],[79.1896,9.2363],[79.1793,9.2426],[79.184,9.249]]],[[[79.219,9.251],[79.209,9.2443],[79.219,9.251]]],[[[79.3124,9.3285],[79.3235,9.3235],[79.3332,9.3157],[79.3326,9.3035],[79.3265,9.2926],[79.3165,9.2854],[79.3185,9.2732],[79.3254,9.2632],[79.3332,9.254],[79.3424,9.246],[79.3518,9.2385],[79.3613,9.231],[79.3701,9.2226],[79.3796,9.2151],[79.3896,9.2082],[79.399,9.2007],[79.4082,9.1926],[79.4171,9.1843],[79.4265,9.1763],[79.4349,9.1676],[79.4257,9.1754],[79.4168,9.1835],[79.4238,9.1737],[79.4326,9.1651],[79.4224,9.1718],[79.4121,9.1793],[79.4021,9.186],[79.3918,9.1924],[79.3815,9.1987],[79.3712,9.2051],[79.361,9.2121],[79.351,9.219],[79.3407,9.2254],[79.3301,9.2313],[79.3193,9.2368],[79.3085,9.2424],[79.2974,9.2471],[79.286,9.2515],[79.274,9.2549],[79.2615,9.2571],[79.2493,9.2593],[79.2346,9.259],[79.2224,9.2585],[79.219,9.2701],[79.2079,9.2749],[79.2146,9.2849],[79.2257,9.2918],[79.2393,9.2921],[79.2535,9.2915],[79.2657,9.2929],[79.2729,9.3026],[79.2801,9.3124],[79.2901,9.3199],[79.3015,9.3243],[79.3124,9.3285]]],[[[79.5293,9.384],[79.5291,9.384],[79.5293,9.3842],[79.5293,9.384]]],[[[79.5301,9.386],[79.5301,9.3857],[79.53,9.3857],[79.5301,9.386]]],[[[79.5301,9.386],[79.5301,9.386]]],[[[79.5299,9.3888],[79.5299,9.3888]]],[[[79.5299,9.3888],[79.5299,9.3888]]],[[[79.5293,9.3893],[79.5296,9.3893],[79.5296,9.3892],[79.5293,9.3893]]],[[[79.5293,9.3893],[79.5293,9.3893]]],[[[79.5286,9.3899],[79.5284,9.3901],[79.5287,9.3901],[79.5286,9.3899]]],[[[79.7068,10.2882],[79.7068,10.2882]]],[[[79.6979,10.2901],[79.6979,10.2901]]],[[[79.6957,10.291],[79.6957,10.291]]],[[[79.6912,10.2979],[79.6912,10.2979]]],[[[79.686,10.2985],[79.686,10.2985]]],[[[79.6226,10.2999],[79.6226,10.2999]]],[[[79.6082,10.3026],[79.6082,10.3026]]],[[[79.6188,10.3088],[79.6188,10.3088]]],[[[79.624,10.3088],[79.624,10.3088]]],[[[79.6315,10.3088],[79.6315,10.3088]]],[[[79.6999,10.3096],[79.6999,10.3096]]],[[[79.6774,10.3099],[79.6774,10.3099]]],[[[79.6898,10.3104],[79.6898,10.3104]]],[[[79.6088,10.3113],[79.6088,10.3113]]],[[[79.696,10.3213],[79.7085,10.3157],[79.6968,10.3124],[79.696,10.3213]]],[[[79.6321,10.3332],[79.6321,10.3332]]],[[[79.6257,10.3438],[79.6257,10.3438]]],[[[79.839,11.2365],[79.839,11.2365]]],[[[79.8271,11.2374],[79.8271,11.2374]]],[[[79.9912,12.2513],[79.9912,12.2513]]],[[[80.3229,13.4385],[80.3229,13.4385]]],[[[80.0758,13.5268],[80.0879,13.526],[80.0938,13.5136],[80.105,13.5036],[80.1208,13.5024],[80.1327,13.4959],[80.1446,13.4856],[80.1565,13.4789],[80.1757,13.479],[80.1941,13.4762],[80.2094,13.4818],[80.222,13.4803],[80.235,13.4739],[80.2459,13.4657],[80.2536,13.4557],[80.2634,13.4394],[80.2653,13.4211],[80.2779,13.4075],[80.276,13.3891],[80.2931,13.3834],[80.3065,13.3748],[80.3148,13.3918],[80.3128,13.4059],[80.3116,13.4181],[80.3215,13.4113],[80.3257,13.3999],[80.3285,13.3882],[80.3288,13.376],[80.3313,13.3879],[80.3279,13.4001],[80.324,13.4124],[80.3199,13.4237],[80.3257,13.4346],[80.3285,13.4221],[80.3288,13.4085],[80.3307,13.3965],[80.3335,13.3846],[80.3365,13.3726],[80.3396,13.361],[80.3421,13.349],[80.3443,13.3363],[80.3457,13.3218],[80.3468,13.3085],[80.346,13.296],[80.3432,13.2843],[80.3432,13.2721],[80.3374,13.2612],[80.336,13.2488],[80.3318,13.2368],[80.3204,13.2324],[80.3162,13.2443],[80.3135,13.2326],[80.311,13.2207],[80.3213,13.2274],[80.331,13.2351],[80.3282,13.2224],[80.3243,13.211],[80.3213,13.1993],[80.3176,13.1863],[80.3135,13.174],[80.3093,13.1624],[80.3046,13.1507],[80.2993,13.1393],[80.2979,13.1268],[80.3024,13.1152],[80.299,13.1026],[80.3035,13.091],[80.2962,13.0813],[80.2904,13.0707],[80.2835,13.0604],[80.2807,13.0487],[80.2807,13.0365],[80.279,13.0246],[80.2718,13.0146],[80.2735,13.0026],[80.2707,12.9901],[80.2676,12.9774],[80.2646,12.9657],[80.2621,12.9524],[80.2601,12.9399],[80.2582,12.9279],[80.2562,12.9137],[80.2546,12.9001],[80.2532,12.8871],[80.2518,12.8746],[80.2501,12.8612],[80.249,12.8474],[80.2482,12.8332],[80.2474,12.8168],[80.2421,12.8054],[80.2387,12.8174],[80.2374,12.8299],[80.2343,12.8415],[80.2357,12.8268],[80.2371,12.8146],[80.2351,12.8026],[80.2343,12.7902],[80.2396,12.801],[80.2496,12.7943],[80.2549,12.7832],[80.2513,12.771],[80.2476,12.759],[80.2438,12.7476],[80.2396,12.736],[80.2354,12.7246],[80.231,12.7126],[80.2268,12.7001],[80.2226,12.6885],[80.2188,12.6771],[80.214,12.666],[80.2104,12.654],[80.2057,12.6424],[80.201,12.6304],[80.199,12.6182],[80.1949,12.6065],[80.1901,12.5949],[80.1862,12.5815],[80.174,12.581],[80.1751,12.5935],[80.1785,12.6051],[80.1663,12.606],[80.1635,12.594],[80.1671,12.5824],[80.1779,12.5771],[80.1804,12.5649],[80.1765,12.5535],[80.1718,12.5424],[80.1679,12.5307],[80.1646,12.5185],[80.1621,12.506],[80.1599,12.4935],[80.1585,12.4815],[80.1568,12.469],[80.1515,12.4579],[80.1451,12.4474],[80.1379,12.4376],[80.131,12.4274],[80.124,12.4174],[80.1174,12.4071],[80.1096,12.3979],[80.1021,12.3885],[80.094,12.3796],[80.0854,12.371],[80.0782,12.3613],[80.0701,12.3521],[80.0629,12.3424],[80.056,12.3324],[80.0587,12.3443],[80.0568,12.3562],[80.0471,12.3638],[80.0404,12.3538],[80.0299,12.3479],[80.0193,12.3418],[80.0151,12.3304],[80.0268,12.3332],[80.0379,12.3379],[80.0493,12.3418],[80.0576,12.3507],[80.0554,12.3385],[80.049,12.3282],[80.0421,12.3182],[80.0374,12.3071],[80.0307,12.2971],[80.0243,12.2868],[80.0179,12.2763],[80.0137,12.2643],[80.0032,12.2582],[79.9918,12.254],[79.9832,12.2454],[79.9732,12.2385],[79.9629,12.2318],[79.9526,12.2254],[79.9521,12.2132],[79.9621,12.2199],[79.9707,12.2285],[79.981,12.2351],[79.9887,12.2446],[79.9982,12.2524],[79.999,12.2404],[79.9929,12.2299],[79.986,12.2199],[79.9796,12.2093],[79.9732,12.199],[79.9665,12.1888],[79.9596,12.1788],[79.9526,12.169],[79.9457,12.159],[79.939,12.149],[79.9326,12.1388],[79.9262,12.1285],[79.9199,12.1182],[79.9137,12.1079],[79.9065,12.0979],[79.9001,12.0876],[79.894,12.0771],[79.8868,12.0674],[79.881,12.0568],[79.876,12.0454],[79.8704,12.034],[79.8651,12.0232],[79.8599,12.0118],[79.8557,12.0001],[79.851,11.989],[79.8468,11.9771],[79.8432,11.9646],[79.8399,11.9526],[79.8376,11.9405],[79.8254,11.9401],[79.811,11.9425],[79.8063,11.9553],[79.7953,11.9619],[79.7917,11.9477],[79.7788,11.9464],[79.7654,11.9392],[79.7478,11.9289],[79.7475,11.9152],[79.7369,11.9072],[79.7369,11.9274],[79.7336,11.9472],[79.7145,11.9553],[79.7157,11.9675],[79.7269,11.9625],[79.7382,11.967],[79.7491,11.9724],[79.7496,11.9861],[79.7347,11.9943],[79.7271,11.98],[79.7126,11.9756],[79.7017,11.9861],[79.6908,11.9963],[79.6924,12.0111],[79.679,12.0193],[79.6689,12.0073],[79.6593,11.9969],[79.6473,11.9972],[79.6423,11.9758],[79.6596,11.9771],[79.6734,11.9724],[79.6869,11.974],[79.6991,11.9721],[79.7019,11.9564],[79.6867,11.9473],[79.6782,11.9365],[79.6902,11.9262],[79.6978,11.9167],[79.6946,11.9313],[79.7041,11.913],[79.7249,11.8915],[79.7169,11.8768],[79.7044,11.8746],[79.6915,11.8784],[79.6917,11.8978],[79.6798,11.8934],[79.6799,11.8793],[79.6687,11.8746],[79.6591,11.8657],[79.6712,11.8666],[79.6821,11.8734],[79.6957,11.8734],[79.6935,11.8539],[79.7038,11.8383],[79.718,11.8476],[79.7303,11.8469],[79.7278,11.8323],[79.7394,11.8499],[79.7498,11.8605],[79.7539,11.8422],[79.7521,11.8245],[79.7636,11.8325],[79.7785,11.8388],[79.791,11.8318],[79.7928,11.8195],[79.8004,11.8084],[79.7976,11.7965],[79.796,11.7843],[79.7943,11.7715],[79.7915,11.7596],[79.789,11.746],[79.786,11.7343],[79.7826,11.7221],[79.7779,11.711],[79.7754,11.6982],[79.7738,11.684],[79.7707,11.6715],[79.7679,11.6593],[79.7657,11.6471],[79.7632,11.6351],[79.7604,11.6232],[79.759,11.6107],[79.7585,11.5985],[79.7574,11.584],[79.7574,11.5674],[79.7585,11.5537],[79.761,11.541],[79.7643,11.529],[79.7696,11.5182],[79.7743,11.5071],[79.7807,11.4963],[79.7843,11.484],[79.7899,11.4732],[79.7968,11.4632],[79.8026,11.4526],[79.8076,11.4413],[79.8112,11.4296],[79.8143,11.4179],[79.8165,11.4046],[79.8193,11.3926],[79.8229,11.381],[79.8251,11.3685],[79.8124,11.3704],[79.8101,11.3826],[79.811,11.3704],[79.8185,11.361],[79.829,11.3551],[79.8388,11.3424],[79.8379,11.3304],[79.8365,11.3154],[79.8376,11.3001],[79.8388,11.2876],[79.8407,11.2757],[79.8426,11.2638],[79.8454,11.2518],[79.8449,11.2396],[79.8332,11.2357],[79.821,11.2354],[79.809,11.2349],[79.821,11.2318],[79.834,11.2343],[79.846,11.2324],[79.8504,11.2201],[79.8521,11.2079],[79.8535,11.1957],[79.8554,11.1821],[79.8562,11.169],[79.8571,11.1554],[79.8582,11.1407],[79.859,11.1221],[79.8585,11.0943],[79.8574,11.0768],[79.8568,11.0554],[79.8562,11.0374],[79.8576,11.0251],[79.856,11.0099],[79.8546,10.9979],[79.8551,10.9776],[79.8376,10.9764],[79.8244,10.9795],[79.8139,10.9871],[79.8015,10.9862],[79.7904,10.9785],[79.7834,10.9673],[79.7744,10.9772],[79.7605,10.9806],[79.7482,10.9815],[79.7372,10.9891],[79.7316,10.9753],[79.7395,10.9661],[79.7446,10.9545],[79.7327,10.9412],[79.7267,10.9524],[79.7115,10.9523],[79.7032,10.9383],[79.7148,10.9341],[79.7077,10.9234],[79.7208,10.9107],[79.7269,10.8975],[79.743,10.8994],[79.7414,10.8833],[79.7479,10.8952],[79.7519,10.8809],[79.7612,10.8914],[79.7732,10.8896],[79.7701,10.878],[79.7803,10.8713],[79.7925,10.87],[79.809,10.8674],[79.7918,10.8639],[79.8035,10.8575],[79.7994,10.8447],[79.8059,10.828],[79.8137,10.8184],[79.832,10.8114],[79.8512,10.8138],[79.8512,10.801],[79.851,10.784],[79.8515,10.7693],[79.851,10.7554],[79.8515,10.7396],[79.8523,10.726],[79.8529,10.7126],[79.8532,10.6999],[79.8538,10.6876],[79.8538,10.6682],[79.8535,10.6551],[79.854,10.6421],[79.8549,10.6254],[79.8557,10.609],[79.856,10.5954],[79.8568,10.5829],[79.8579,10.5688],[79.8593,10.554],[79.8601,10.5404],[79.861,10.5215],[79.8615,10.5046],[79.8626,10.4921],[79.8632,10.4796],[79.8635,10.4654],[79.8643,10.4501],[79.8651,10.4338],[79.8657,10.4215],[79.8671,10.4087],[79.8685,10.3954],[79.8699,10.3821],[79.8712,10.3701],[79.8737,10.3582],[79.8765,10.3454],[79.879,10.3335],[79.8815,10.3215],[79.884,10.306],[79.8782,10.2954],[79.8688,10.2879],[79.8576,10.2818],[79.8454,10.2779],[79.8243,10.2754],[79.8104,10.2743],[79.7982,10.2735],[79.7732,10.2732],[79.7585,10.2738],[79.7443,10.2749],[79.751,10.2849],[79.7629,10.2865],[79.7763,10.2857],[79.7713,10.2968],[79.7615,10.3038],[79.7757,10.3018],[79.7654,10.3082],[79.7499,10.3138],[79.7382,10.311],[79.7265,10.314],[79.7162,10.3204],[79.704,10.3235],[79.6871,10.3254],[79.676,10.3207],[79.6604,10.3193],[79.6471,10.3201],[79.6371,10.3271],[79.6312,10.3379],[79.6271,10.3499],[79.6307,10.3615],[79.6249,10.3504],[79.6149,10.3429],[79.6221,10.3332],[79.6157,10.3229],[79.6062,10.3154],[79.5943,10.3093],[79.5815,10.3093],[79.5662,10.3104],[79.554,10.3124],[79.5668,10.3071],[79.5796,10.3049],[79.5935,10.3029],[79.606,10.2996],[79.6199,10.2987],[79.6321,10.2949],[79.6446,10.294],[79.6568,10.2921],[79.6654,10.3007],[79.6774,10.2999],[79.6879,10.2937],[79.6976,10.2865],[79.7138,10.2868],[79.7254,10.2818],[79.7376,10.2782],[79.7249,10.2743],[79.7121,10.2763],[79.6988,10.2782],[79.6857,10.2801],[79.6729,10.2813],[79.661,10.284],[79.6485,10.2863],[79.6354,10.2888],[79.6229,10.2904],[79.6099,10.2926],[79.5976,10.2946],[79.5854,10.2965],[79.5735,10.2985],[79.5612,10.3004],[79.5485,10.3015],[79.5365,10.3038],[79.5246,10.3068],[79.5315,10.3168],[79.5435,10.3146],[79.5515,10.3252],[79.5615,10.3326],[79.5743,10.3301],[79.5865,10.3279],[79.5901,10.3401],[79.5771,10.341],[79.5643,10.3435],[79.5526,10.3465],[79.5429,10.3393],[79.5418,10.3271],[79.5299,10.3218],[79.516,10.3204],[79.5285,10.3246],[79.516,10.3274],[79.5101,10.3379],[79.5051,10.3259],[79.4954,10.3187],[79.4876,10.3279],[79.4776,10.3351],[79.4657,10.3401],[79.4768,10.3351],[79.4857,10.3268],[79.4729,10.326],[79.4607,10.3252],[79.4724,10.3187],[79.4854,10.3176],[79.4976,10.3168],[79.5137,10.3151],[79.5026,10.3096],[79.4899,10.3102],[79.4771,10.311],[79.4651,10.3126],[79.4526,10.3138],[79.4404,10.3143],[79.4279,10.3151],[79.414,10.3168],[79.4015,10.3176],[79.3882,10.3171],[79.3788,10.3092],[79.3732,10.2985],[79.3613,10.3007],[79.3571,10.2893],[79.3454,10.2865],[79.3332,10.2851],[79.3226,10.2793],[79.3132,10.2718],[79.3021,10.2649],[79.2924,10.2574],[79.2832,10.2493],[79.2746,10.2407],[79.2676,10.2299],[79.2763,10.2215],[79.276,10.2093],[79.2671,10.2007],[79.2585,10.1921],[79.2474,10.186],[79.2415,10.1743],[79.2404,10.1621],[79.2335,10.1515],[79.2301,10.1399],[79.2371,10.1287],[79.2307,10.1185],[79.2293,10.1051],[79.2285,10.0921],[79.2335,10.0807],[79.2435,10.0735],[79.2524,10.0654],[79.2521,10.0526],[79.2593,10.0429],[79.2537,10.0321],[79.2432,10.0254],[79.2351,10.0163],[79.2268,10.0076],[79.2188,9.9985],[79.2107,9.9896],[79.2026,9.9807],[79.1965,9.9701],[79.1871,9.9626],[79.1787,9.954],[79.1704,9.9451],[79.1612,9.9371],[79.1532,9.9279],[79.151,9.916],[79.1426,9.9074],[79.1335,9.8988],[79.1257,9.8896],[79.1204,9.8788],[79.1232,9.8671],[79.1221,9.8551],[79.1137,9.8465],[79.1062,9.8371],[79.0957,9.831],[79.0874,9.8221],[79.0815,9.8115],[79.0782,9.7996],[79.069,9.7915],[79.0621,9.7813],[79.0549,9.7715],[79.0435,9.7665],[79.0346,9.7579],[79.0276,9.7476],[79.0193,9.7388],[79.0135,9.7282],[79.0057,9.719],[78.9965,9.711],[78.9901,9.7001],[78.9821,9.691],[78.9768,9.6801],[78.9724,9.6688],[78.9713,9.656],[78.9654,9.6454],[78.961,9.634],[78.954,9.6237],[78.9437,9.6174],[78.9354,9.6085],[78.9313,9.5971],[78.9274,9.5832],[78.924,9.5701],[78.9224,9.5582],[78.9199,9.546],[78.9204,9.534],[78.9199,9.5218],[78.916,9.5101],[78.9149,9.4963],[78.9029,9.4929],[78.8982,9.4801],[78.901,9.4682],[78.9065,9.4574],[78.9124,9.4468],[78.9187,9.4365],[78.9251,9.4262],[78.9321,9.4163],[78.9393,9.4063],[78.9474,9.3974],[78.9557,9.3885],[78.9643,9.3799],[78.9721,9.3707],[78.981,9.3626],[78.9893,9.3538],[78.9987,9.3463],[79.0085,9.339],[79.0179,9.3313],[79.0276,9.3238],[79.0374,9.3168],[79.0474,9.3101],[79.0579,9.3038],[79.0696,9.2987],[79.0815,9.2965],[79.0932,9.2929],[79.106,9.2893],[79.124,9.2896],[79.136,9.2896],[79.1488,9.2899],[79.1601,9.2846],[79.1771,9.2846],[79.1904,9.2832],[79.1785,9.2804],[79.1657,9.2788],[79.1537,9.2765],[79.1415,9.2726],[79.1285,9.2713],[79.1168,9.2679],[79.1051,9.264],[79.0938,9.2599],[79.0754,9.2607],[79.0632,9.2618],[79.051,9.2629],[79.0382,9.2654],[79.0254,9.2682],[79.0135,9.2699],[79.0004,9.2718],[78.9885,9.2735],[78.9765,9.2738],[78.9643,9.2729],[78.9521,9.2718],[78.9399,9.2693],[78.9276,9.2665],[78.9179,9.2593],[78.9096,9.2504],[78.8968,9.2521],[78.8851,9.2549],[78.8732,9.2565],[78.8601,9.2535],[78.849,9.2485],[78.8371,9.246],[78.8304,9.2565],[78.8337,9.2682],[78.8299,9.2568],[78.8329,9.2438],[78.821,9.239],[78.8087,9.2368],[78.7976,9.2318],[78.7865,9.2271],[78.7748,9.2235],[78.7632,9.2196],[78.751,9.2151],[78.7382,9.2121],[78.7268,9.2082],[78.7179,9.2001],[78.7076,9.191],[78.6957,9.194],[78.6837,9.1962],[78.6718,9.1979],[78.6604,9.1938],[78.6507,9.1865],[78.6429,9.1768],[78.6479,9.1657],[78.6579,9.1588],[78.644,9.1563],[78.6312,9.1543],[78.619,9.1529],[78.6076,9.149],[78.596,9.1443],[78.5863,9.137],[78.5751,9.1318],[78.5632,9.1357],[78.5488,9.1374],[78.5368,9.1365],[78.5246,9.136],[78.5104,9.1351],[78.4987,9.1318],[78.4863,9.1285],[78.4896,9.1412],[78.4821,9.1318],[78.4707,9.1274],[78.4576,9.1265],[78.4451,9.1226],[78.4335,9.1193],[78.4218,9.1154],[78.4104,9.1113],[78.4007,9.104],[78.3907,9.0968],[78.381,9.0896],[78.3716,9.0821],[78.3626,9.0738],[78.3538,9.0651],[78.3443,9.0574],[78.3346,9.0501],[78.3246,9.0432],[78.3146,9.0365],[78.3049,9.029],[78.2951,9.0215],[78.2851,9.0146],[78.2751,9.0076],[78.2671,9.0168],[78.2662,9.0046],[78.2568,8.9965],[78.2465,8.9901],[78.2363,8.9835],[78.2268,8.976],[78.2179,8.9679],[78.2093,8.9593],[78.2032,8.9487],[78.1954,8.9393],[78.1893,8.9288],[78.184,8.9179],[78.1804,8.906],[78.1801,8.8932],[78.1707,8.8854],[78.1676,8.8735],[78.1685,8.8599],[78.1668,8.8474],[78.1646,8.8344],[78.1651,8.8224],[78.1651,8.8099],[78.159,8.7982],[78.1629,8.7865],[78.1579,8.7754],[78.1693,8.7704],[78.1813,8.7721],[78.1915,8.7657],[78.1982,8.7757],[78.1929,8.7865],[78.1993,8.7746],[78.2029,8.7629],[78.214,8.7582],[78.2254,8.7537],[78.2135,8.7563],[78.2024,8.7612],[78.2068,8.7499],[78.2182,8.7454],[78.2063,8.7476],[78.1951,8.7524],[78.1826,8.7496],[78.1712,8.7454],[78.1624,8.7368],[78.1571,8.7251],[78.1548,8.7126],[78.1465,8.7039],[78.1387,8.6946],[78.134,8.6835],[78.1318,8.6707],[78.129,8.6585],[78.1174,8.6621],[78.1076,8.6551],[78.1132,8.6435],[78.1015,8.6407],[78.1015,8.6287],[78.1035,8.616],[78.099,8.6046],[78.0976,8.5926],[78.0976,8.5804],[78.1096,8.5813],[78.1196,8.5882],[78.1312,8.5932],[78.1185,8.5913],[78.1054,8.591],[78.1043,8.6032],[78.1124,8.6124],[78.1118,8.6001],[78.1243,8.6054],[78.126,8.6188],[78.124,8.6315],[78.1274,8.619],[78.1301,8.6071],[78.1354,8.5963],[78.1382,8.5835],[78.1349,8.5712],[78.1326,8.5574],[78.1279,8.5463],[78.1243,8.5337],[78.1226,8.5218],[78.1249,8.5099],[78.129,8.4985],[78.1235,8.4876],[78.1151,8.479],[78.1065,8.4704],[78.0979,8.4618],[78.0887,8.4538],[78.0824,8.4435],[78.0754,8.4337],[78.0679,8.4243],[78.0635,8.4126],[78.0604,8.3996],[78.056,8.3879],[78.0601,8.3765],[78.0518,8.3676],[78.0399,8.3638],[78.0282,8.3604],[78.0168,8.3557],[78.0051,8.3513],[77.994,8.3465],[77.9824,8.3413],[77.9724,8.334],[77.9621,8.3276],[77.9543,8.3182],[77.9454,8.3101],[77.9349,8.304],[77.9232,8.2971],[77.9124,8.2915],[77.9015,8.2863],[77.8932,8.2776],[77.8826,8.2715],[77.871,8.2665],[77.8596,8.2615],[77.8485,8.2568],[77.8368,8.2535],[77.8243,8.2499],[77.8129,8.246],[77.8024,8.2401],[77.7949,8.2307],[77.7854,8.2232],[77.7832,8.2113],[77.7804,8.1996],[77.7688,8.1946],[77.7579,8.1882],[77.7487,8.1799],[77.7374,8.1743],[77.7254,8.1715],[77.7132,8.1657],[77.6999,8.1635],[77.6868,8.1621],[77.6735,8.1596],[77.6601,8.1585],[77.6471,8.1585],[77.6354,8.1557],[77.6237,8.1529],[77.6115,8.1496],[77.5993,8.1451],[77.5876,8.141],[77.5765,8.136],[77.5679,8.1274],[77.5593,8.1185],[77.5593,8.104],[77.5651,8.0932],[77.5551,8.0862],[77.5462,8.0776],[77.5329,8.0774],[77.5199,8.0818],[77.5068,8.0835],[77.4932,8.0871],[77.481,8.0888],[77.4687,8.091],[77.4568,8.0932],[77.4446,8.0949],[77.4329,8.0976],[77.4212,8.1007],[77.409,8.1043],[77.3968,8.1079],[77.3843,8.1124],[77.3726,8.1154],[77.3613,8.1199],[77.349,8.1229],[77.336,8.1254],[77.324,8.1263],[77.3121,8.124],[77.3035,8.1324],[77.3012,8.1446],[77.291,8.1524],[77.2813,8.1596],[77.2704,8.1651],[77.2593,8.1707],[77.2468,8.1729],[77.2368,8.1796],[77.2285,8.1888],[77.2207,8.1982],[77.2107,8.2049],[77.2004,8.2113],[77.1893,8.2163],[77.1813,8.2254],[77.1732,8.2343],[77.1668,8.2449],[77.1557,8.2499],[77.1462,8.2574],[77.136,8.264],[77.1263,8.2713],[77.1162,8.2782],[77.1065,8.2857],[77.0965,8.2926],[77.1047,8.3016],[77.1088,8.3129],[77.1219,8.3229],[77.137,8.3201],[77.1498,8.3219],[77.1597,8.3125],[77.1532,8.3257],[77.1568,8.3452],[77.1475,8.3546],[77.1358,8.3457],[77.1432,8.3623],[77.1358,8.3725],[77.1458,8.3817],[77.1645,8.3878],[77.1722,8.4017],[77.1804,8.4186],[77.1887,8.4347],[77.2095,8.4377],[77.2091,8.4507],[77.1988,8.4602],[77.1909,8.4882],[77.1986,8.5039],[77.2173,8.4961],[77.2324,8.4959],[77.2475,8.5014],[77.2525,8.5171],[77.2582,8.5281],[77.2651,8.5426],[77.2515,8.571],[77.2429,8.5806],[77.2321,8.5921],[77.2283,8.6129],[77.2124,8.6288],[77.1985,8.6411],[77.1903,8.6549],[77.1905,8.6712],[77.1877,8.6838],[77.1793,8.6996],[77.167,8.7076],[77.1629,8.7209],[77.1553,8.7376],[77.1709,8.7334],[77.1811,8.7408],[77.1834,8.7534],[77.1978,8.7577],[77.2053,8.7704],[77.2154,8.7867],[77.224,8.7983],[77.2309,8.8116],[77.247,8.8319],[77.2456,8.8451],[77.243,8.8593],[77.232,8.8691],[77.2232,8.8778],[77.2147,8.8921],[77.202,8.9067],[77.1981,8.9193],[77.1848,8.9102],[77.1792,8.921],[77.1797,8.9375],[77.1753,8.9508],[77.1632,8.9623],[77.1584,8.9782],[77.1469,8.9869],[77.1373,8.9982],[77.1322,9.0119],[77.1469,9.0216],[77.1538,9.0366],[77.1674,9.0385],[77.1821,9.0365],[77.1843,9.0506],[77.1915,9.062],[77.1897,9.0752],[77.1959,9.0884],[77.2094,9.0976],[77.217,9.1081],[77.2302,9.1148],[77.2377,9.13],[77.2461,9.1392],[77.2496,9.156],[77.2484,9.1758],[77.2366,9.1792],[77.247,9.1893],[77.2582,9.2001],[77.2668,9.2088],[77.2595,9.2244],[77.2625,9.2409],[77.2659,9.2553],[77.2671,9.2817],[77.2735,9.2942],[77.2835,9.3009],[77.2854,9.3156],[77.2906,9.3277],[77.307,9.3276],[77.3206,9.3511],[77.3195,9.3633],[77.3198,9.3761],[77.3276,9.3898],[77.3214,9.4018],[77.3301,9.4152],[77.3343,9.4311],[77.3429,9.4404],[77.3516,9.4497],[77.3636,9.4433],[77.3786,9.4508],[77.3868,9.4674],[77.3839,9.4791],[77.3879,9.491],[77.3949,9.5044],[77.3868,9.5167],[77.3707,9.5087],[77.361,9.5162],[77.3505,9.5263],[77.3506,9.5403],[77.34,9.5491],[77.3405,9.5641],[77.3409,9.5776],[77.3492,9.5865],[77.3285,9.5732],[77.3107,9.5704],[77.3108,9.5845],[77.2865,9.5873],[77.275,9.581],[77.2611,9.5667],[77.2467,9.5687],[77.2299,9.5759],[77.2147,9.5788],[77.2054,9.5923],[77.1959,9.6042],[77.184,9.6024],[77.1673,9.6007],[77.1519,9.606],[77.1622,9.6198],[77.1659,9.638],[77.1689,9.6516],[77.1796,9.6604],[77.1848,9.6715],[77.1917,9.6862],[77.1902,9.7062],[77.1999,9.7173],[77.206,9.7375],[77.2124,9.7554],[77.2098,9.7799],[77.2225,9.7818],[77.234,9.7885],[77.2271,9.8063],[77.2124,9.8129],[77.215,9.8309],[77.2237,9.843],[77.2133,9.852],[77.1991,9.866],[77.2065,9.8778],[77.2044,9.8943],[77.2169,9.9058],[77.2209,9.9178],[77.2345,9.9381],[77.2499,9.9425],[77.259,9.9534],[77.2595,9.9662],[77.2488,9.9774],[77.2479,9.9912],[77.2407,10.0029],[77.2489,10.0158],[77.2423,10.0262],[77.2307,10.0395],[77.2207,10.0506],[77.2044,10.0685],[77.1907,10.0812],[77.1881,10.0957],[77.1946,10.1062],[77.2123,10.1088],[77.2251,10.1185],[77.2399,10.1141],[77.2533,10.1114],[77.261,10.1287],[77.2596,10.1412],[77.2591,10.1554],[77.2644,10.1797],[77.2714,10.1941],[77.2791,10.204],[77.2748,10.2205],[77.2588,10.2239],[77.2465,10.2206],[77.2448,10.2452],[77.2465,10.2576],[77.2319,10.2772],[77.2209,10.296],[77.2183,10.322],[77.2222,10.3403],[77.1995,10.342],[77.1814,10.3432],[77.1688,10.346],[77.1482,10.3341],[77.1341,10.3237],[77.1193,10.3155],[77.1083,10.3072],[77.0922,10.3043],[77.0734,10.2958],[77.0608,10.2865],[77.0461,10.2743],[77.0338,10.2722],[77.0425,10.262],[77.0386,10.2482],[77.0186,10.2418],[77.0067,10.2364],[76.9958,10.2294],[76.9873,10.2199],[76.9746,10.2139],[76.9618,10.2158],[76.9459,10.2228],[76.9278,10.2296],[76.9093,10.2232],[76.8987,10.2326],[76.8918,10.2431],[76.8846,10.2551],[76.8708,10.2641],[76.8621,10.2825],[76.8406,10.2836],[76.83,10.2911],[76.8196,10.3026],[76.8259,10.32],[76.8257,10.3342],[76.8358,10.3464],[76.8393,10.3597],[76.8307,10.3721],[76.8205,10.3818],[76.8226,10.3941],[76.812,10.4114],[76.8175,10.4385],[76.821,10.4802],[76.8253,10.503],[76.8314,10.5246],[76.8245,10.5376],[76.8302,10.553],[76.826,10.5675],[76.8297,10.5851],[76.8154,10.5883],[76.8096,10.6043],[76.8057,10.6208],[76.8224,10.6274],[76.8382,10.6267],[76.8525,10.6239],[76.8726,10.6294],[76.8722,10.6535],[76.8677,10.6662],[76.8551,10.6724],[76.8616,10.6863],[76.875,10.7067],[76.8793,10.7202],[76.8868,10.7367],[76.8931,10.7504],[76.8967,10.7661],[76.8915,10.7922],[76.8819,10.8011],[76.86,10.7998],[76.8404,10.8077],[76.8434,10.8225],[76.8387,10.8376],[76.8276,10.8471],[76.8209,10.8589],[76.7909,10.871],[76.7777,10.879],[76.7619,10.8798],[76.7491,10.8848],[76.7327,10.881],[76.7185,10.8898],[76.7004,10.9008],[76.6846,10.9024],[76.6528,10.92],[76.6556,10.9343],[76.6593,10.9505],[76.6778,10.9797],[76.6808,10.9927],[76.6904,11.0175],[76.7065,11.0314],[76.7324,11.029],[76.744,11.0259],[76.757,11.0246],[76.7818,11.029],[76.7925,11.0424],[76.7754,11.0343],[76.7623,11.0343],[76.7511,11.0468],[76.7371,11.0475],[76.7345,11.0639],[76.7464,11.0709],[76.7457,11.0839],[76.7341,11.0934],[76.7406,11.1099],[76.7349,11.1251],[76.7222,11.1225],[76.7127,11.1329],[76.703,11.1418],[76.6912,11.1445],[76.686,11.1577],[76.6968,11.1719],[76.7064,11.1796],[76.7212,11.1845],[76.718,11.1983],[76.7256,11.2089],[76.7104,11.2183],[76.697,11.2313],[76.6794,11.227],[76.6682,11.2107],[76.6534,11.2043],[76.6416,11.1965],[76.6297,11.1908],[76.6021,11.1955],[76.5778,11.1968],[76.548,11.1931],[76.5361,11.1893],[76.5212,11.1903],[76.5102,11.1953],[76.4876,11.2028],[76.4748,11.2013],[76.4665,11.1861],[76.4527,11.1802],[76.4436,11.1909],[76.4464,11.2305],[76.4881,11.252],[76.5135,11.262],[76.5219,11.2812],[76.5341,11.288],[76.5285,11.3034],[76.5352,11.3163],[76.5408,11.327],[76.5382,11.3516],[76.5164,11.349],[76.5101,11.3612],[76.4729,11.3753],[76.4484,11.3814],[76.4393,11.3907],[76.4184,11.4053],[76.4082,11.4148],[76.4104,11.4336],[76.3906,11.428],[76.3706,11.4409],[76.3531,11.4508],[76.3391,11.4542],[76.3209,11.4447],[76.3059,11.4534],[76.289,11.4563],[76.2858,11.4686],[76.2661,11.4687],[76.2473,11.4641],[76.2409,11.4752],[76.2448,11.4943],[76.2332,11.5187],[76.2425,11.5288],[76.2345,11.5465],[76.2269,11.5597],[76.2597,11.5869],[76.271,11.5929],[76.2859,11.583],[76.2932,11.5718],[76.3052,11.5704],[76.3286,11.5886],[76.3356,11.5783],[76.3501,11.5827],[76.3654,11.5917],[76.3768,11.6046],[76.3801,11.6224],[76.3962,11.6253],[76.4213,11.6251],[76.4342,11.6335],[76.4298,11.6451],[76.4235,11.6593],[76.4514,11.6551],[76.4666,11.6723],[76.4738,11.6842],[76.4878,11.6855],[76.5042,11.698],[76.5247,11.686],[76.5353,11.677],[76.543,11.663],[76.5452,11.6483],[76.5471,11.6358],[76.5532,11.6195],[76.5748,11.6057],[76.5883,11.6044],[76.6014,11.6012],[76.6257,11.6038],[76.6644,11.6051],[76.679,11.6041],[76.6931,11.6044],[76.7075,11.6059],[76.7202,11.6051],[76.7354,11.6052],[76.7463,11.6105],[76.7738,11.6034],[76.7908,11.5997],[76.8083,11.5962],[76.8236,11.5913],[76.836,11.584],[76.8473,11.5886],[76.8509,11.6018],[76.8416,11.6132],[76.8331,11.6253],[76.8278,11.6384],[76.8323,11.6527],[76.8384,11.6647],[76.8447,11.6774],[76.8557,11.6943],[76.8646,11.7105],[76.8756,11.7179],[76.8817,11.7301],[76.886,11.7445],[76.8893,11.7606],[76.8934,11.7773],[76.9068,11.7812],[76.9267,11.7809],[76.9403,11.781],[76.9532,11.7713],[76.9654,11.7765],[76.9748,11.791],[76.9904,11.7993],[77.0044,11.803],[77.0186,11.7973],[77.0286,11.7891],[77.0223,11.7647],[77.0413,11.7776],[77.0565,11.7771],[77.0544,11.765],[77.0739,11.7295],[77.0963,11.7231],[77.1093,11.7128],[77.1054,11.7316],[77.1032,11.7459],[77.1053,11.7595],[77.1197,11.7634],[77.1346,11.7664],[77.1554,11.7743],[77.1723,11.7757],[77.1897,11.7828],[77.2039,11.7845],[77.2164,11.7848],[77.2371,11.7882],[77.2417,11.8025],[77.2723,11.7912],[77.2848,11.7984],[77.3062,11.7787],[77.3261,11.7589],[77.3457,11.7641],[77.3552,11.7784],[77.3819,11.7762],[77.4015,11.764],[77.4125,11.7561],[77.4238,11.7661],[77.4303,11.7767],[77.4409,11.7913],[77.4425,11.8065],[77.4516,11.8234],[77.4563,11.8391],[77.4521,11.8532],[77.4552,11.8673],[77.4539,11.8819],[77.4674,11.8832],[77.4773,11.8953],[77.4822,11.9121],[77.4828,11.9287],[77.5006,11.9272],[77.514,11.9257],[77.5313,11.9265],[77.548,11.9307],[77.5733,11.924],[77.5857,11.9295],[77.6037,11.9303],[77.6152,11.9341],[77.6302,11.938],[77.6434,11.9442],[77.6548,11.9374],[77.6637,11.953],[77.6772,11.9843],[77.6895,12.0099],[77.7016,12.0271],[77.7126,12.0414],[77.7204,12.0534],[77.734,12.0602],[77.7461,12.0693],[77.7505,12.0805],[77.7563,12.092],[77.7664,12.101],[77.7528,12.118],[77.7442,12.1267],[77.7405,12.1426],[77.732,12.1546],[77.7264,12.1673],[77.7108,12.1733],[77.6728,12.1814],[77.6554,12.1877],[77.633,12.1864],[77.6214,12.1917],[77.6041,12.1952],[77.5911,12.1906],[77.5696,12.1881],[77.5558,12.1871],[77.5385,12.1945],[77.5245,12.1882],[77.5113,12.184],[77.4925,12.1872],[77.4788,12.194],[77.4657,12.2023],[77.4723,12.2173],[77.4668,12.234],[77.4667,12.2485],[77.4702,12.2619],[77.4842,12.2698],[77.498,12.2684],[77.5183,12.2695],[77.5235,12.281],[77.5395,12.2824],[77.5561,12.2972],[77.566,12.3167],[77.5753,12.3263],[77.5862,12.3363],[77.5912,12.3492],[77.6038,12.3538],[77.6075,12.3677],[77.6109,12.3856],[77.6133,12.3978],[77.6201,12.4085],[77.6169,12.4246],[77.6201,12.4381],[77.6217,12.4544],[77.6252,12.4773],[77.6108,12.478],[77.5966,12.4646],[77.5754,12.4684],[77.6018,12.4917],[77.6052,12.5033],[77.5785,12.507],[77.5776,12.5235],[77.5764,12.5368],[77.5701,12.5579],[77.5815,12.5842],[77.5821,12.6051],[77.5935,12.6166],[77.5955,12.6304],[77.588,12.6427],[77.5903,12.6575],[77.6094,12.6634],[77.6329,12.6701],[77.6543,12.6742],[77.6703,12.6712],[77.6674,12.6528],[77.6875,12.6519],[77.7018,12.6582],[77.7038,12.6737],[77.7141,12.6654],[77.7314,12.664],[77.7309,12.678],[77.7336,12.6915],[77.7471,12.6866],[77.756,12.6971],[77.763,12.7145],[77.7531,12.7251],[77.767,12.7296],[77.7829,12.7388],[77.7738,12.7511],[77.7815,12.771],[77.7879,12.7813],[77.7995,12.7869],[77.7914,12.7963],[77.8007,12.8056],[77.801,12.8208],[77.788,12.8236],[77.7895,12.8388],[77.8049,12.8428],[77.817,12.849],[77.8256,12.859],[77.8396,12.8559],[77.8545,12.8567],[77.8669,12.8586],[77.8823,12.8584],[77.8943,12.8682],[77.9093,12.873],[77.9243,12.8778],[77.9197,12.8635],[77.9336,12.8617],[77.9278,12.8505],[77.9153,12.8443],[77.9118,12.8324],[77.9105,12.8197],[77.9248,12.8137],[77.9399,12.8293],[77.9326,12.8396],[77.9456,12.8493],[77.9513,12.8379],[77.955,12.8252],[77.9713,12.8226],[77.9813,12.8104],[77.9814,12.7956],[78.0015,12.7954],[77.9933,12.8137],[78.0071,12.82],[78.0091,12.8337],[78.0149,12.8459],[78.04,12.8382],[78.0514,12.8323],[78.0646,12.8302],[78.0737,12.8213],[78.0825,12.8092],[78.0951,12.8002],[78.1095,12.7914],[78.1178,12.7799],[78.1271,12.7702],[78.143,12.7666],[78.1581,12.7602],[78.1753,12.7633],[78.1902,12.7611],[78.2023,12.7551],[78.2206,12.7526],[78.2289,12.7202],[78.2203,12.7033],[78.2032,12.699],[78.1895,12.6836],[78.2001,12.6756],[78.214,12.6748],[78.2281,12.6739],[78.2274,12.6893],[78.2391,12.6924],[78.2644,12.6918],[78.2842,12.6676],[78.2905,12.6529],[78.3088,12.65],[78.3224,12.6372],[78.3388,12.6319],[78.3484,12.6236],[78.3605,12.6151],[78.3742,12.6131],[78.3975,12.6136],[78.4123,12.6183],[78.4249,12.6149],[78.4394,12.6169],[78.4514,12.6158],[78.4591,12.6315],[78.4577,12.6622],[78.4741,12.6592],[78.4886,12.6633],[78.4941,12.6747],[78.4896,12.6866],[78.4941,12.6979],[78.5098,12.6988],[78.4936,12.7112],[78.4844,12.7231],[78.4943,12.7304],[78.5032,12.7181],[78.5123,12.708],[78.5264,12.7012],[78.5202,12.687],[78.5313,12.6799],[78.5437,12.6846],[78.552,12.6943],[78.5455,12.7074],[78.5522,12.7204],[78.5503,12.7388],[78.5581,12.7516],[78.5777,12.7659],[78.5825,12.7853],[78.5906,12.7979],[78.5977,12.8111],[78.5938,12.833],[78.599,12.8495],[78.6046,12.866],[78.6122,12.8886],[78.6197,12.9021],[78.6248,12.9142],[78.6375,12.9159],[78.6357,12.9383],[78.629,12.9531],[78.6202,12.9739],[78.6284,12.9897],[78.6417,13.0016],[78.649,13.0164],[78.6686,13.0111],[78.6938,13.0044],[78.7013,13.0443],[78.7255,13.0528],[78.7395,13.0455],[78.7545,13.047],[78.7775,13.0532],[78.7866,13.0622],[78.8009,13.0755],[78.8134,13.0746],[78.8323,13.0696],[78.8584,13.0711],[78.8647,13.0847],[78.8835,13.082],[78.8804,13.0696],[78.8809,13.0443],[78.8794,13.0255],[78.8901,13.0198],[78.9159,13.0231],[78.9286,13.0215],[78.9174,13.0325],[78.9044,13.0311],[78.9009,13.0521],[78.912,13.0633],[78.9301,13.066],[78.9458,13.0635],[78.9592,13.0654],[78.9717,13.0751],[78.9883,13.0727],[79.0004,13.0579],[79.0228,13.0564],[79.0335,13.0457],[79.0533,13.038],[79.0606,13.0208],[79.0828,13.0125],[79.1044,13.0242],[79.1193,13.0226],[79.1311,13.0168],[79.1416,13.0098],[79.1612,13.0118],[79.1731,13.0193],[79.177,13.0334],[79.1747,13.0497],[79.1807,13.067],[79.1889,13.0846],[79.2022,13.0903],[79.2143,13.0968],[79.2183,13.1103],[79.2147,13.1277],[79.2264,13.1346],[79.2367,13.1268],[79.2442,13.1412],[79.2565,13.1365],[79.2713,13.1381],[79.2738,13.1209],[79.2881,13.1183],[79.2975,13.0974],[79.31,13.0999],[79.3124,13.1138],[79.3307,13.1212],[79.3444,13.1236],[79.3469,13.1402],[79.3471,13.154],[79.3612,13.156],[79.3708,13.1686],[79.3784,13.1824],[79.3926,13.1845],[79.4133,13.1858],[79.4232,13.1989],[79.4455,13.2168],[79.4425,13.2292],[79.4269,13.2227],[79.417,13.2122],[79.4097,13.2282],[79.4087,13.2467],[79.419,13.2663],[79.425,13.2813],[79.4054,13.2854],[79.3856,13.2947],[79.3746,13.303],[79.4014,13.3158],[79.4173,13.322],[79.4546,13.3243],[79.4793,13.3215],[79.4978,13.3148],[79.5227,13.3159],[79.5358,13.3111],[79.5392,13.2898],[79.5463,13.274],[79.5548,13.2592],[79.5654,13.2494],[79.5803,13.2454],[79.5887,13.2604],[79.6011,13.2677],[79.6152,13.2605],[79.6296,13.2609],[79.6325,13.2735],[79.6486,13.2734],[79.6626,13.2681],[79.6685,13.2819],[79.6793,13.2693],[79.6843,13.2567],[79.6738,13.247],[79.6733,13.2295],[79.6846,13.2338],[79.6957,13.2238],[79.6894,13.2113],[79.6996,13.2027],[79.7114,13.2105],[79.7186,13.2226],[79.7325,13.215],[79.7383,13.1983],[79.7518,13.2048],[79.7633,13.2089],[79.7736,13.2175],[79.7849,13.2235],[79.7754,13.2341],[79.7528,13.2438],[79.7394,13.2544],[79.7218,13.2657],[79.7296,13.2751],[79.7415,13.2767],[79.7498,13.2909],[79.7541,13.3028],[79.7684,13.2896],[79.7798,13.2821],[79.7923,13.2916],[79.8003,13.3043],[79.824,13.3023],[79.8368,13.303],[79.8512,13.3034],[79.8589,13.3137],[79.875,13.3174],[79.8918,13.3246],[79.9039,13.3333],[79.9107,13.3437],[79.9255,13.3359],[79.94,13.3581],[79.948,13.3672],[79.9503,13.382],[79.9356,13.3848],[79.9325,13.4044],[79.9443,13.4108],[79.9585,13.4129],[79.961,13.4277],[79.9631,13.4406],[79.9683,13.4564],[79.9875,13.4619],[80.0044,13.4783],[80.0189,13.4864],[80.036,13.4845],[80.037,13.4994],[80.0256,13.504],[80.0136,13.5039],[80.0062,13.5151],[79.9902,13.5101],[79.9897,13.5268],[80.0077,13.5324],[80.0175,13.5251],[80.0295,13.5236],[80.0454,13.522],[80.0595,13.5325],[80.0728,13.5339],[80.0758,13.5268]]]]}},{"type":"Feature","properties":{"name":"Tripura","id":"tripura"},"geometry":{"type":"Polygon","coordinates":[[[92.1852,24.5229],[92.1971,24.5166],[92.2073,24.5066],[92.2203,24.5063],[92.2309,24.4996],[92.2394,24.4899],[92.2303,24.48],[92.2312,24.4654],[92.2359,24.4538],[92.2565,24.4363],[92.256,24.419],[92.2632,24.4081],[92.2698,24.3949],[92.2699,24.3822],[92.2681,24.3673],[92.2129,24.2493],[92.2405,24.2506],[92.2596,24.2504],[92.2848,24.252],[92.2971,24.2495],[92.2963,24.2361],[92.3019,24.2251],[92.3138,24.2229],[92.319,24.209],[92.3256,24.1975],[92.3304,24.1848],[92.3286,24.1661],[92.3344,24.1508],[92.3292,24.1399],[92.331,24.128],[92.3286,24.1159],[92.3294,24.1029],[92.3288,24.0891],[92.3228,24.0775],[92.3168,24.0668],[92.3203,24.0512],[92.3175,24.0395],[92.3191,24.0255],[92.3246,24.0065],[92.3291,23.9897],[92.3221,23.9753],[92.3133,23.961],[92.3112,23.9456],[92.3181,23.9304],[92.3297,23.9231],[92.3305,23.9076],[92.3216,23.8914],[92.3171,23.8792],[92.3182,23.8671],[92.3042,23.8638],[92.2939,23.8713],[92.2852,23.8573],[92.2747,23.8491],[92.2771,23.8366],[92.2836,23.8242],[92.2695,23.8178],[92.2607,23.8071],[92.2637,23.7917],[92.2678,23.77],[92.2683,23.7564],[92.2663,23.7387],[92.262,23.7271],[92.2492,23.7251],[92.2415,23.7136],[92.2445,23.6999],[92.2422,23.6865],[92.2381,23.6724],[92.2295,23.6604],[92.2165,23.661],[92.2153,23.6753],[92.2168,23.6908],[92.208,23.7042],[92.1971,23.7095],[92.1844,23.7143],[92.1794,23.7261],[92.1799,23.7387],[92.1676,23.7414],[92.1552,23.7357],[92.1461,23.7215],[92.1373,23.7114],[92.1255,23.6982],[92.1145,23.6871],[92.1059,23.6765],[92.0919,23.6778],[92.0862,23.667],[92.087,23.6539],[92.0772,23.6458],[92.0616,23.6474],[92.0488,23.6526],[92.0386,23.6603],[92.0268,23.6574],[92.0163,23.6672],[92.0069,23.6816],[92.0006,23.6946],[91.9923,23.7132],[91.9848,23.7264],[91.9709,23.7302],[91.9593,23.7234],[91.9584,23.7101],[91.9558,23.6971],[91.9452,23.6861],[91.9469,23.6682],[91.9519,23.6469],[91.951,23.6329],[91.9567,23.6179],[91.9547,23.5959],[91.9624,23.5813],[91.9605,23.567],[91.9656,23.554],[91.9624,23.5419],[91.9679,23.5289],[91.9596,23.5202],[91.9687,23.5108],[91.9722,23.4979],[91.9746,23.4856],[91.9623,23.4783],[91.9518,23.4704],[91.9415,23.4615],[91.9463,23.4494],[91.9418,23.4376],[91.929,23.4403],[91.9157,23.4412],[91.9035,23.4414],[91.8927,23.4353],[91.8823,23.4233],[91.8724,23.4148],[91.8603,23.4071],[91.8474,23.4002],[91.8428,23.3889],[91.8405,23.3762],[91.8319,23.3662],[91.8237,23.3572],[91.8167,23.346],[91.8052,23.3326],[91.7987,23.3223],[91.7916,23.3105],[91.7863,23.2996],[91.7811,23.2885],[91.7748,23.2781],[91.7725,23.2657],[91.7728,23.2514],[91.7785,23.2408],[91.792,23.2295],[91.7874,23.2176],[91.7935,23.2056],[91.8001,23.1926],[91.8004,23.1804],[91.807,23.169],[91.8079,23.1569],[91.8143,23.1419],[91.8137,23.1297],[91.8207,23.1183],[91.825,23.1067],[91.8345,23.0966],[91.8282,23.0854],[91.8198,23.0746],[91.8089,23.069],[91.7962,23.0657],[91.7852,23.0707],[91.7803,23.0597],[91.7868,23.0489],[91.787,23.0366],[91.7765,23.0442],[91.7663,23.0293],[91.7561,23.0156],[91.7463,23.0066],[91.7337,23.0013],[91.7261,22.9898],[91.7151,22.9969],[91.7007,23.0009],[91.6906,22.9933],[91.678,22.9912],[91.6658,22.9906],[91.6527,22.9919],[91.6501,22.9799],[91.6407,22.9722],[91.6312,22.9613],[91.6243,22.9513],[91.615,22.9589],[91.6074,22.9683],[91.5975,22.9758],[91.5874,22.964],[91.5757,22.9685],[91.5642,22.9754],[91.5625,22.9887],[91.5489,22.9948],[91.5508,23.0096],[91.5462,23.021],[91.554,23.0322],[91.5385,23.0347],[91.5393,23.0477],[91.5286,23.0536],[91.5393,23.0621],[91.5338,23.0745],[91.5353,23.087],[91.5248,23.0951],[91.5161,23.1048],[91.5235,23.1143],[91.5149,23.1249],[91.5217,23.1391],[91.509,23.138],[91.5103,23.1506],[91.4983,23.1508],[91.5031,23.1648],[91.5026,23.1776],[91.4919,23.1877],[91.4789,23.1863],[91.4889,23.199],[91.486,23.2122],[91.4737,23.2143],[91.4599,23.2147],[91.471,23.2234],[91.4667,23.2385],[91.4537,23.242],[91.4593,23.2533],[91.4434,23.2581],[91.4292,23.2584],[91.4232,23.2708],[91.4181,23.2543],[91.4078,23.2609],[91.4132,23.2488],[91.403,23.2377],[91.3958,23.2234],[91.3929,23.2086],[91.3934,23.1934],[91.3888,23.1795],[91.3929,23.1677],[91.3915,23.1526],[91.3978,23.1416],[91.4031,23.1291],[91.405,23.1159],[91.409,23.1045],[91.4122,23.0917],[91.4174,23.0803],[91.4181,23.0677],[91.4177,23.0556],[91.4023,23.0518],[91.3882,23.0583],[91.3761,23.0687],[91.3666,23.0819],[91.3567,23.0946],[91.3531,23.1061],[91.3472,23.12],[91.3418,23.1362],[91.3393,23.151],[91.3304,23.1608],[91.3301,23.1833],[91.3295,23.1972],[91.3298,23.2109],[91.3296,23.2237],[91.3255,23.2407],[91.3323,23.2528],[91.3214,23.2633],[91.3165,23.2747],[91.3112,23.2857],[91.3125,23.2995],[91.3159,23.3143],[91.3023,23.3157],[91.2981,23.3272],[91.3025,23.3411],[91.315,23.3447],[91.3254,23.3571],[91.3123,23.3574],[91.299,23.352],[91.2948,23.3633],[91.2984,23.3757],[91.2865,23.378],[91.2831,23.392],[91.2825,23.4053],[91.2805,23.4188],[91.271,23.4263],[91.2674,23.4389],[91.2599,23.4485],[91.2575,23.4646],[91.2565,23.482],[91.245,23.4917],[91.239,23.5031],[91.2265,23.5006],[91.2271,23.514],[91.211,23.5139],[91.2042,23.5242],[91.2114,23.537],[91.218,23.5484],[91.2057,23.5486],[91.1991,23.5591],[91.1948,23.5709],[91.1859,23.5811],[91.1821,23.5937],[91.169,23.5951],[91.1663,23.6083],[91.1632,23.623],[91.1647,23.6354],[91.1644,23.6478],[91.1638,23.6618],[91.1762,23.6572],[91.1906,23.6561],[91.1989,23.647],[91.2099,23.6566],[91.2068,23.6682],[91.2084,23.6827],[91.201,23.6924],[91.1877,23.6919],[91.1723,23.6915],[91.1583,23.6912],[91.1559,23.7037],[91.1548,23.7164],[91.1582,23.7292],[91.1617,23.7427],[91.1724,23.7521],[91.1876,23.7511],[91.2001,23.7531],[91.2143,23.7501],[91.2231,23.7397],[91.2294,23.7526],[91.2341,23.7694],[91.2342,23.7823],[91.2321,23.797],[91.2374,23.8084],[91.2437,23.8197],[91.2518,23.8331],[91.2569,23.8445],[91.2472,23.8584],[91.2423,23.8703],[91.2361,23.8809],[91.2321,23.8936],[91.2412,23.904],[91.2495,23.9133],[91.2396,23.9261],[91.2518,23.929],[91.2672,23.9271],[91.2759,23.936],[91.2669,23.9446],[91.2694,23.9571],[91.2759,23.97],[91.2837,23.9831],[91.2863,23.971],[91.2997,23.9727],[91.3019,23.985],[91.3059,23.9971],[91.3188,23.9937],[91.3321,23.9927],[91.3444,23.9844],[91.3577,23.9853],[91.3698,23.9808],[91.3772,23.9949],[91.3743,24.0079],[91.381,24.0179],[91.3908,24.0291],[91.3955,24.0457],[91.3882,24.0645],[91.381,24.0753],[91.3763,24.0891],[91.3752,24.1044],[91.3877,24.1092],[91.3999,24.1108],[91.418,24.1098],[91.4304,24.1076],[91.4421,24.1008],[91.4552,24.098],[91.4673,24.0996],[91.4792,24.0975],[91.4924,24.0965],[91.5076,24.087],[91.5218,24.0846],[91.5361,24.0812],[91.548,24.078],[91.5635,24.0785],[91.5764,24.0798],[91.5884,24.0772],[91.5991,24.0865],[91.603,24.0983],[91.6155,24.0962],[91.6279,24.0996],[91.6403,24.1084],[91.6416,24.1232],[91.6372,24.1368],[91.6432,24.1511],[91.6451,24.166],[91.6477,24.178],[91.6587,24.1842],[91.6528,24.1961],[91.65,24.211],[91.6561,24.225],[91.6675,24.2304],[91.6673,24.2151],[91.6736,24.2042],[91.6795,24.1922],[91.6826,24.1771],[91.6884,24.1653],[91.7009,24.1616],[91.7101,24.152],[91.7253,24.1476],[91.7368,24.1429],[91.7526,24.1429],[91.7605,24.152],[91.7574,24.1702],[91.7551,24.1831],[91.7528,24.1972],[91.7491,24.2183],[91.7435,24.2471],[91.7846,24.2244],[91.7967,24.2206],[91.8099,24.2164],[91.8219,24.211],[91.8329,24.2176],[91.844,24.2291],[91.8526,24.2188],[91.8477,24.207],[91.847,24.194],[91.855,24.1823],[91.8693,24.1766],[91.8746,24.1619],[91.8785,24.1478],[91.8883,24.137],[91.9005,24.1383],[91.9113,24.1454],[91.9125,24.1581],[91.9119,24.1717],[91.9221,24.2038],[91.9278,24.2227],[91.9322,24.2395],[91.9371,24.2537],[91.9419,24.2676],[91.9345,24.2912],[91.9292,24.3078],[91.9249,24.3208],[91.9204,24.3358],[91.936,24.342],[91.9483,24.3505],[91.9661,24.3503],[91.9754,24.3415],[91.9828,24.3311],[91.9954,24.3213],[91.9995,24.3345],[91.9891,24.3465],[91.98,24.358],[91.9781,24.3707],[91.9666,24.3792],[91.9741,24.3886],[91.9841,24.3766],[91.9898,24.3889],[92.0038,24.3888],[92.0179,24.3847],[92.032,24.3804],[92.0446,24.376],[92.0642,24.3757],[92.0762,24.376],[92.089,24.3734],[92.0999,24.3785],[92.1119,24.3827],[92.1237,24.3873],[92.1279,24.3992],[92.1376,24.4102],[92.1391,24.4244],[92.1522,24.4252],[92.1638,24.4217],[92.1728,24.4309],[92.1631,24.4392],[92.1645,24.4521],[92.1578,24.4628],[92.1594,24.4747],[92.1531,24.4881],[92.1524,24.5003],[92.1615,24.5123],[92.1559,24.5242],[92.1697,24.5314],[92.1815,24.523],[92.1852,24.5229]]]}},{"type":"Feature","properties":{"name":"Uttar Pradesh","id":"uttar-pradesh"},"geometry":{"type":"Polygon","coordinates":[[[77.5847,30.4088],[77.5978,30.4089],[77.6112,30.4076],[77.6235,30.4052],[77.6342,30.4109],[77.6445,30.4026],[77.6553,30.3948],[77.6635,30.3856],[77.677,30.3808],[77.6839,30.3696],[77.6913,30.3582],[77.7011,30.3475],[77.7108,30.3388],[77.7227,30.3342],[77.7358,30.3293],[77.7483,30.3254],[77.7607,30.3191],[77.773,30.3131],[77.7832,30.3064],[77.7993,30.2976],[77.8124,30.2908],[77.8241,30.2864],[77.8363,30.2823],[77.8519,30.2766],[77.8655,30.2705],[77.8799,30.2719],[77.8916,30.2674],[77.9036,30.2627],[77.9168,30.2562],[77.9282,30.2478],[77.9232,30.2318],[77.9145,30.2218],[77.9044,30.2152],[77.8999,30.204],[77.8971,30.1882],[77.8879,30.1787],[77.8794,30.1697],[77.8687,30.1588],[77.8613,30.1441],[77.8553,30.1336],[77.8472,30.1235],[77.8385,30.1123],[77.8266,30.1055],[77.82,30.0936],[77.8081,30.0902],[77.7987,30.0979],[77.7864,30.1],[77.7801,30.0892],[77.7759,30.0777],[77.7679,30.0669],[77.7615,30.0554],[77.762,30.0432],[77.7726,30.0337],[77.7629,30.0216],[77.7491,30.0141],[77.7408,29.9941],[77.7301,29.9875],[77.7441,29.9719],[77.7401,29.9589],[77.7295,29.9519],[77.7207,29.939],[77.7288,29.9286],[77.733,29.9135],[77.7201,29.9028],[77.713,29.8916],[77.7025,29.8857],[77.702,29.8718],[77.7096,29.8595],[77.7301,29.8531],[77.7292,29.8376],[77.739,29.8303],[77.744,29.8163],[77.7493,29.8044],[77.7647,29.7855],[77.7635,29.7704],[77.7617,29.7558],[77.7619,29.7438],[77.7679,29.7306],[77.7577,29.7159],[77.7698,29.7099],[77.7827,29.7083],[77.7949,29.7005],[77.7892,29.6859],[77.8045,29.6769],[77.8213,29.669],[77.8343,29.6719],[77.8429,29.6813],[77.8541,29.6889],[77.8662,29.6934],[77.8772,29.7004],[77.8999,29.6978],[77.9096,29.7064],[77.9202,29.7139],[77.9367,29.7139],[77.9494,29.7077],[77.9436,29.6967],[77.9518,29.6857],[77.9616,29.6724],[77.9689,29.6625],[77.9675,29.6491],[77.9747,29.6381],[77.9749,29.6225],[77.9663,29.6117],[77.9519,29.616],[77.9524,29.6035],[77.9483,29.5914],[77.9599,29.5862],[77.9727,29.5832],[77.9838,29.5881],[77.9808,29.5688],[77.9789,29.5541],[77.988,29.5459],[78.0035,29.5561],[78.0166,29.5546],[78.0326,29.5517],[78.0372,29.5653],[78.0373,29.5778],[78.0439,29.5931],[78.0592,29.6016],[78.0732,29.5999],[78.0887,29.6133],[78.0942,29.628],[78.107,29.6332],[78.1148,29.6452],[78.134,29.6585],[78.1391,29.6761],[78.1659,29.6795],[78.1822,29.6916],[78.1923,29.7066],[78.2213,29.7176],[78.2314,29.7041],[78.2648,29.7268],[78.2819,29.7423],[78.3029,29.7576],[78.3317,29.7962],[78.3513,29.7863],[78.386,29.7739],[78.3984,29.7721],[78.4126,29.7724],[78.4243,29.7617],[78.4522,29.7521],[78.4647,29.751],[78.4876,29.7414],[78.4902,29.7249],[78.5003,29.7153],[78.506,29.6939],[78.5072,29.677],[78.5092,29.6597],[78.5177,29.6392],[78.5255,29.6298],[78.5612,29.5937],[78.5765,29.5806],[78.6052,29.5618],[78.6215,29.5529],[78.6396,29.5478],[78.6504,29.5407],[78.6766,29.5214],[78.6934,29.5089],[78.7083,29.5094],[78.7266,29.5087],[78.7391,29.505],[78.7658,29.4838],[78.7855,29.476],[78.8114,29.4698],[78.8238,29.4697],[78.8461,29.4637],[78.8658,29.4596],[78.8827,29.4578],[78.896,29.4562],[78.9198,29.4601],[78.9071,29.4518],[78.8965,29.4236],[78.8872,29.409],[78.8728,29.3986],[78.8602,29.3939],[78.8404,29.3799],[78.8288,29.3682],[78.8142,29.37],[78.815,29.3853],[78.8068,29.3732],[78.7972,29.3556],[78.7927,29.3434],[78.7888,29.3293],[78.7844,29.3429],[78.7696,29.3407],[78.7574,29.3498],[78.747,29.3433],[78.7415,29.3326],[78.7283,29.3342],[78.7286,29.319],[78.7141,29.3193],[78.7276,29.3128],[78.7389,29.3063],[78.7611,29.2933],[78.7815,29.2712],[78.7929,29.2626],[78.8138,29.2523],[78.8276,29.2579],[78.8423,29.2543],[78.8526,29.2613],[78.8641,29.2495],[78.8736,29.2353],[78.8829,29.2253],[78.8921,29.2149],[78.8992,29.2026],[78.8991,29.1906],[78.9057,29.1803],[78.9033,29.1677],[78.895,29.1568],[78.9145,29.149],[78.9236,29.1571],[78.9444,29.1496],[78.9515,29.1597],[78.9623,29.1668],[78.9732,29.1608],[78.9826,29.147],[78.9881,29.1351],[78.9984,29.1229],[79.017,29.1179],[79.0297,29.1254],[79.019,29.1351],[79.012,29.1449],[79.011,29.1572],[79.0215,29.1508],[79.0239,29.1634],[79.0338,29.1711],[79.0461,29.1547],[79.0595,29.1563],[79.0729,29.152],[79.0922,29.1367],[79.1085,29.1304],[79.1308,29.1294],[79.1422,29.1197],[79.144,29.1066],[79.137,29.0909],[79.137,29.0693],[79.1535,29.0548],[79.1654,29.0513],[79.1587,29.0342],[79.1641,29.0206],[79.1776,29.0196],[79.1976,29.0221],[79.2112,29.0237],[79.2215,29.0173],[79.2377,29.0068],[79.2439,28.9965],[79.258,28.9869],[79.2685,28.9774],[79.2789,28.9648],[79.2955,28.9543],[79.3072,28.9585],[79.321,28.9568],[79.3337,28.955],[79.3496,28.9521],[79.3551,28.9653],[79.3674,28.9599],[79.3725,28.9476],[79.3793,28.9363],[79.3956,28.9368],[79.4014,28.9214],[79.4012,28.9019],[79.3957,28.8854],[79.4043,28.8749],[79.4062,28.8623],[79.4171,28.8558],[79.4303,28.8598],[79.4478,28.8601],[79.4634,28.8605],[79.4766,28.8672],[79.4914,28.8626],[79.5072,28.8633],[79.5173,28.8706],[79.5259,28.882],[79.5365,28.8925],[79.5505,28.8842],[79.5517,28.8682],[79.5477,28.8543],[79.5572,28.8457],[79.5719,28.849],[79.582,28.8558],[79.5923,28.8666],[79.6087,28.8667],[79.624,28.8627],[79.6411,28.8565],[79.6541,28.8487],[79.6662,28.8483],[79.6843,28.8573],[79.6923,28.8683],[79.7052,28.8702],[79.7122,28.8807],[79.7284,28.8851],[79.7404,28.8832],[79.75,28.8934],[79.762,28.8897],[79.7745,28.8918],[79.7906,28.8774],[79.8028,28.8718],[79.809,28.8589],[79.7946,28.8529],[79.7937,28.8393],[79.8012,28.8296],[79.797,28.8165],[79.7821,28.8132],[79.792,28.803],[79.8042,28.8071],[79.8159,28.8123],[79.8157,28.8247],[79.8223,28.8418],[79.8417,28.8426],[79.854,28.8443],[79.8606,28.8341],[79.8753,28.8302],[79.8712,28.8164],[79.8542,28.8208],[79.8433,28.815],[79.8534,28.8008],[79.8673,28.7964],[79.8801,28.7968],[79.8948,28.8015],[79.8889,28.7858],[79.8993,28.7739],[79.912,28.765],[79.9181,28.7522],[79.9223,28.7383],[79.9295,28.7265],[79.9409,28.7215],[79.9529,28.7175],[79.9678,28.7156],[79.9883,28.717],[79.9996,28.7256],[80.0136,28.7374],[80.023,28.7487],[80.0312,28.7606],[80.0382,28.7751],[80.0362,28.7907],[80.0257,28.7999],[80.0341,28.8098],[80.0584,28.8353],[80.0696,28.8299],[80.1088,28.8277],[80.1227,28.8266],[80.1332,28.819],[80.1567,28.7978],[80.173,28.782],[80.1834,28.7758],[80.2024,28.7645],[80.2177,28.7553],[80.2354,28.7591],[80.247,28.7559],[80.2636,28.7489],[80.2634,28.7327],[80.268,28.7213],[80.2765,28.7114],[80.2927,28.7111],[80.3056,28.7054],[80.3185,28.7001],[80.3237,28.6892],[80.3276,28.6698],[80.3389,28.6607],[80.3503,28.6532],[80.3624,28.6449],[80.3699,28.6348],[80.3846,28.6306],[80.4062,28.6348],[80.4256,28.6371],[80.4393,28.6352],[80.4507,28.6287],[80.4628,28.6207],[80.4663,28.6057],[80.4732,28.5909],[80.4854,28.582],[80.4966,28.5752],[80.5081,28.568],[80.517,28.5573],[80.532,28.5734],[80.5165,28.6158],[80.5079,28.6463],[80.5052,28.6652],[80.5416,28.6905],[80.5559,28.6907],[80.5704,28.6878],[80.592,28.6797],[80.5826,28.6626],[80.5993,28.6559],[80.6106,28.6457],[80.6349,28.6372],[80.6503,28.6362],[80.6693,28.6418],[80.6725,28.6283],[80.6797,28.6091],[80.6974,28.6033],[80.6919,28.587],[80.7056,28.5787],[80.7163,28.5679],[80.7262,28.5747],[80.7403,28.5658],[80.7515,28.5707],[80.7696,28.5655],[80.771,28.5518],[80.7844,28.5467],[80.7863,28.5292],[80.8014,28.521],[80.8136,28.5207],[80.8317,28.5117],[80.8438,28.501],[80.857,28.497],[80.8673,28.4894],[80.8633,28.5041],[80.8776,28.5097],[80.8979,28.5056],[80.9086,28.4985],[80.9031,28.4856],[80.9069,28.4681],[80.9174,28.4575],[80.9326,28.4584],[80.9442,28.4683],[80.934,28.4585],[80.9465,28.4547],[80.959,28.4484],[80.9688,28.4569],[80.9815,28.4552],[80.9679,28.4456],[80.9809,28.4343],[80.9909,28.4416],[81.0014,28.4539],[81.0178,28.4518],[81.0148,28.4386],[81.0273,28.4359],[81.0185,28.4156],[81.0341,28.3987],[81.0366,28.4133],[81.0691,28.3944],[81.0815,28.3848],[81.1504,28.3713],[81.1949,28.3638],[81.2124,28.3605],[81.2214,28.3448],[81.232,28.3303],[81.2359,28.3157],[81.2345,28.2889],[81.2822,28.2347],[81.2916,28.225],[81.3224,28.1972],[81.3202,28.1823],[81.323,28.1687],[81.3062,28.1684],[81.3125,28.1555],[81.3297,28.1482],[81.3172,28.1369],[81.3362,28.1401],[81.3731,28.1422],[81.3802,28.1554],[81.3696,28.1617],[81.3758,28.1731],[81.3917,28.1737],[81.4125,28.1746],[81.4283,28.1706],[81.4457,28.1621],[81.4523,28.1514],[81.464,28.1313],[81.4858,28.1181],[81.4802,28.0825],[81.5075,28.0698],[81.5395,28.0535],[81.5812,28.0294],[81.5989,28.0204],[81.6189,28.0103],[81.6286,28.0016],[81.6411,27.997],[81.6765,27.9909],[81.6946,27.9894],[81.7571,27.943],[81.804,27.9054],[81.8231,27.9029],[81.8354,27.8974],[81.8494,27.8871],[81.8623,27.8778],[81.8754,27.8693],[81.8868,27.8572],[81.899,27.8548],[81.928,27.8596],[81.9271,27.8753],[81.9399,27.8878],[81.9496,27.9034],[81.9611,27.9163],[81.9701,27.9288],[81.9931,27.9291],[82.0274,27.925],[82.047,27.9244],[82.0644,27.9215],[82.0824,27.909],[82.092,27.8993],[82.1028,27.886],[82.1161,27.8774],[82.1252,27.8648],[82.1413,27.8598],[82.1559,27.8661],[82.1697,27.8592],[82.1835,27.8529],[82.198,27.8475],[82.2102,27.843],[82.231,27.8219],[82.2534,27.8105],[82.305,27.773],[82.3171,27.7663],[82.3384,27.7546],[82.353,27.7488],[82.369,27.7424],[82.3841,27.7205],[82.4033,27.7029],[82.4147,27.6981],[82.4257,27.6905],[82.439,27.6849],[82.4507,27.6786],[82.4673,27.6768],[82.4838,27.6827],[82.5022,27.6848],[82.5181,27.6902],[82.5325,27.6865],[82.5514,27.6886],[82.5639,27.6916],[82.5869,27.6985],[82.6021,27.704],[82.6208,27.7021],[82.6298,27.7114],[82.6572,27.7131],[82.6662,27.7219],[82.6827,27.7136],[82.7009,27.7216],[82.7075,27.711],[82.7119,27.6952],[82.7186,27.6843],[82.718,27.6723],[82.721,27.6588],[82.7322,27.6528],[82.7396,27.6405],[82.7356,27.6284],[82.7371,27.6161],[82.7442,27.6045],[82.7517,27.5937],[82.7529,27.5768],[82.7499,27.5626],[82.742,27.5514],[82.7436,27.5386],[82.7489,27.5277],[82.7397,27.5182],[82.737,27.5045],[82.7605,27.5011],[82.7773,27.5005],[82.8036,27.4964],[82.837,27.5015],[82.8502,27.4994],[82.8723,27.4984],[82.8945,27.5006],[82.9231,27.5011],[82.9407,27.492],[82.9469,27.4768],[82.9562,27.4678],[83,27.4584],[83.0181,27.4541],[83.0361,27.4487],[83.0714,27.4514],[83.0957,27.4536],[83.1131,27.4545],[83.1347,27.4556],[83.1479,27.4564],[83.1662,27.4575],[83.1902,27.454],[83.2055,27.4347],[83.2125,27.4242],[83.2278,27.4118],[83.2399,27.4073],[83.2592,27.394],[83.2742,27.3834],[83.2689,27.3685],[83.2746,27.3526],[83.2947,27.336],[83.3068,27.3312],[83.3196,27.33],[83.3309,27.3342],[83.3452,27.3348],[83.3576,27.3444],[83.3666,27.3556],[83.3744,27.3648],[83.3902,27.3757],[83.3868,27.3901],[83.398,27.3956],[83.4076,27.4053],[83.4076,27.4186],[83.3949,27.425],[83.3868,27.4351],[83.3936,27.4465],[83.404,27.4575],[83.3976,27.4695],[83.3909,27.4795],[83.4086,27.4789],[83.4821,27.4754],[83.5096,27.4741],[83.5532,27.4723],[83.6096,27.4697],[83.641,27.4585],[83.6681,27.447],[83.6869,27.4378],[83.7093,27.4268],[83.7474,27.409],[83.7619,27.4024],[83.7971,27.3862],[83.8141,27.3783],[83.8332,27.3695],[83.8547,27.3537],[83.855,27.3403],[83.8293,27.3275],[83.8425,27.3213],[83.8505,27.3121],[83.8724,27.3162],[83.8879,27.3265],[83.908,27.3304],[83.9236,27.3164],[83.9257,27.3042],[83.9188,27.2927],[83.9041,27.2812],[83.8955,27.2682],[83.9019,27.2521],[83.9253,27.2425],[83.9481,27.2383],[83.9615,27.228],[83.9617,27.2138],[83.9766,27.2034],[83.9851,27.1818],[83.9683,27.1656],[83.9586,27.1487],[83.9508,27.1391],[83.9508,27.1263],[83.9396,27.1167],[83.9403,27.1023],[83.9408,27.0896],[83.9549,27.0861],[83.9712,27.0919],[83.9902,27.0988],[84.0025,27.1003],[84.0207,27.0955],[84.0169,27.0838],[84.0056,27.0719],[83.9911,27.0713],[84.0122,27.0538],[84.0243,27.0447],[84.0408,27.0447],[84.036,27.029],[84.0304,27.0118],[84.0427,27.0031],[84.0495,26.9908],[84.0364,26.984],[84.0413,26.968],[84.0391,26.9543],[84.0264,26.949],[84.0363,26.9411],[84.0452,26.9304],[84.0492,26.9146],[84.0508,26.9016],[84.0591,26.8908],[84.0716,26.8819],[84.0855,26.8852],[84.0999,26.888],[84.1006,26.9008],[84.1116,26.8919],[84.1302,26.8853],[84.1393,26.874],[84.1317,26.8557],[84.1505,26.8395],[84.1689,26.8345],[84.1753,26.8459],[84.1808,26.8574],[84.1966,26.8612],[84.2092,26.871],[84.222,26.8702],[84.2354,26.8643],[84.2521,26.8449],[84.251,26.8307],[84.2428,26.8218],[84.2523,26.8087],[84.2485,26.7927],[84.2411,26.7754],[84.2246,26.7571],[84.2332,26.7451],[84.2423,26.7308],[84.2545,26.7343],[84.2668,26.7421],[84.2786,26.7512],[84.298,26.7533],[84.3066,26.7396],[84.3185,26.7162],[84.3233,26.6885],[84.3371,26.6814],[84.3501,26.6814],[84.3668,26.6788],[84.4022,26.6712],[84.4048,26.6428],[84.4144,26.6272],[84.4006,26.6241],[84.3834,26.6215],[84.3706,26.6154],[84.3509,26.6204],[84.3301,26.6183],[84.3108,26.6146],[84.297,26.6157],[84.2868,26.6039],[84.2735,26.6014],[84.2589,26.6073],[84.2401,26.61],[84.2231,26.6131],[84.2068,26.621],[84.1847,26.6259],[84.1678,26.6263],[84.1485,26.6277],[84.1395,26.639],[84.1241,26.6374],[84.1061,26.6372],[84.0941,26.6383],[84.0818,26.6429],[84.0821,26.6266],[84.0848,26.6106],[84.0791,26.5944],[84.0712,26.5845],[84.0569,26.5734],[84.0493,26.5616],[84.0478,26.5435],[84.0308,26.5356],[84.0145,26.532],[84.0007,26.525],[83.9836,26.5315],[83.9705,26.5294],[83.9654,26.5117],[83.9457,26.5102],[83.9392,26.5213],[83.9147,26.5202],[83.9022,26.5181],[83.9068,26.5068],[83.905,26.4943],[83.9032,26.4723],[83.9023,26.4503],[83.919,26.4455],[83.9361,26.4417],[83.9613,26.4371],[83.982,26.4346],[83.9904,26.4476],[84.009,26.445],[84.0164,26.4319],[84.0332,26.4138],[84.045,26.4053],[84.0618,26.3943],[84.072,26.3845],[84.0877,26.3901],[84.1152,26.3876],[84.1284,26.3842],[84.154,26.3762],[84.1714,26.374],[84.1672,26.3602],[84.1672,26.3381],[84.1768,26.3225],[84.1715,26.3037],[84.171,26.2866],[84.1682,26.2737],[84.1637,26.2614],[84.1593,26.2459],[84.1453,26.2617],[84.1259,26.2614],[84.113,26.2619],[84.1127,26.2497],[84.1014,26.2431],[84.0914,26.234],[84.0795,26.2318],[84.0737,26.221],[84.0584,26.2267],[84.0468,26.2302],[84.0336,26.2321],[84.024,26.2396],[84.0115,26.2407],[84.0082,26.2253],[84.0205,26.2236],[84.019,26.2093],[84.015,26.1974],[84.0021,26.1901],[84.0138,26.167],[84.0278,26.163],[84.0181,26.1451],[84.0336,26.1375],[84.0452,26.1204],[84.0451,26.1063],[84.0692,26.0991],[84.091,26.0965],[84.1072,26.0817],[84.1279,26.0555],[84.1367,26.047],[84.159,26.0322],[84.166,26.0027],[84.1923,25.9895],[84.2018,26.0006],[84.2141,25.9962],[84.2352,25.986],[84.2446,25.9768],[84.2646,25.9673],[84.2754,25.9613],[84.2916,25.9483],[84.3093,25.9469],[84.3437,25.9587],[84.365,25.9505],[84.3863,25.9382],[84.4083,25.9314],[84.4175,25.9114],[84.4242,25.8983],[84.4437,25.8897],[84.4611,25.8887],[84.4787,25.8884],[84.5065,25.8724],[84.5286,25.8777],[84.5406,25.8621],[84.5283,25.8647],[84.527,25.8343],[84.5443,25.83],[84.5565,25.8375],[84.5714,25.8298],[84.5872,25.8196],[84.5982,25.8097],[84.6109,25.8007],[84.6211,25.7924],[84.6208,25.7724],[84.6029,25.7724],[84.6005,25.7606],[84.6149,25.7528],[84.6263,25.7416],[84.6306,25.7283],[84.6131,25.7307],[84.5955,25.7391],[84.5556,25.7364],[84.559,25.7217],[84.5586,25.701],[84.5564,25.6886],[84.5314,25.6928],[84.5359,25.7265],[84.5279,25.7154],[84.5246,25.6844],[84.5058,25.6823],[84.4884,25.6779],[84.4893,25.6911],[84.4665,25.6855],[84.4632,25.6986],[84.4552,25.7103],[84.4386,25.7107],[84.4242,25.7117],[84.4236,25.6951],[84.4109,25.6985],[84.3971,25.7091],[84.3955,25.7244],[84.3812,25.7343],[84.3885,25.7443],[84.373,25.7423],[84.3544,25.7436],[84.3375,25.7451],[84.3256,25.7371],[84.3232,25.7231],[84.3236,25.704],[84.3207,25.6821],[84.3134,25.6689],[84.2988,25.6718],[84.2836,25.6771],[84.2928,25.6685],[84.2729,25.6617],[84.2476,25.6628],[84.2332,25.664],[84.2171,25.6641],[84.2029,25.6696],[84.1972,25.6922],[84.174,25.7157],[84.1555,25.7259],[84.1445,25.7206],[84.1293,25.7174],[84.1367,25.7275],[84.1231,25.7239],[84.1079,25.7236],[84.0944,25.7204],[84.0829,25.7127],[84.0696,25.6956],[84.0736,25.6836],[84.0797,25.6527],[84.0765,25.6375],[84.0568,25.6322],[84.0282,25.6227],[84.0142,25.6161],[84,25.6077],[83.9559,25.5754],[83.9443,25.5673],[83.9253,25.5632],[83.9136,25.5543],[83.8994,25.5318],[83.8881,25.5232],[83.873,25.5204],[83.8713,25.5032],[83.8644,25.4906],[83.8511,25.4737],[83.8338,25.463],[83.8147,25.4683],[83.8067,25.4585],[83.8186,25.4529],[83.8334,25.4501],[83.8394,25.4388],[83.8241,25.4332],[83.8029,25.4329],[83.8033,25.4181],[83.7823,25.3987],[83.7652,25.3997],[83.7619,25.3879],[83.7497,25.3921],[83.7589,25.4005],[83.742,25.4006],[83.7325,25.4106],[83.7272,25.3985],[83.7095,25.3953],[83.7014,25.3859],[83.6946,25.3961],[83.6763,25.3817],[83.6878,25.3741],[83.6722,25.3646],[83.6602,25.371],[83.6506,25.3616],[83.6466,25.3472],[83.6318,25.3421],[83.6224,25.3295],[83.6107,25.3326],[83.5881,25.3264],[83.5788,25.3173],[83.5642,25.3081],[83.5512,25.3139],[83.5395,25.3176],[83.5312,25.3045],[83.5181,25.3025],[83.5112,25.2878],[83.4982,25.283],[83.4862,25.2795],[83.471,25.2721],[83.4633,25.2564],[83.4429,25.2593],[83.4312,25.2501],[83.4193,25.2533],[83.4069,25.2472],[83.4015,25.23],[83.3951,25.2169],[83.3882,25.207],[83.3746,25.2025],[83.3603,25.1964],[83.3474,25.193],[83.3359,25.1836],[83.3481,25.1786],[83.3451,25.1667],[83.3508,25.1534],[83.354,25.1402],[83.3576,25.1279],[83.3538,25.1104],[83.3401,25.1124],[83.3403,25.0986],[83.3367,25.0863],[83.3312,25.0734],[83.3278,25.061],[83.3235,25.0481],[83.3161,25.0273],[83.3197,25.0155],[83.3391,25.0119],[83.3462,24.996],[83.3404,24.9792],[83.3385,24.9636],[83.357,24.9554],[83.3585,24.9374],[83.3574,24.9192],[83.352,24.9078],[83.36,24.8918],[83.3639,24.8804],[83.354,24.8706],[83.3683,24.8632],[83.3786,24.8461],[83.3892,24.8361],[83.3913,24.8232],[83.3956,24.811],[83.3925,24.7971],[83.3863,24.7866],[83.4034,24.7767],[83.4194,24.7699],[83.4342,24.7568],[83.4415,24.744],[83.4531,24.7333],[83.467,24.7345],[83.4798,24.7378],[83.4833,24.7228],[83.48,24.7099],[83.4921,24.7052],[83.4999,24.6945],[83.5092,24.6847],[83.5022,24.6716],[83.497,24.6592],[83.5072,24.6494],[83.5217,24.6445],[83.5207,24.63],[83.5389,24.6277],[83.5345,24.6156],[83.5174,24.6032],[83.52,24.591],[83.524,24.575],[83.5179,24.5549],[83.505,24.5444],[83.4932,24.5361],[83.4867,24.5244],[83.4619,24.5179],[83.4356,24.5136],[83.4,24.5061],[83.3916,24.4928],[83.3926,24.4803],[83.3882,24.4681],[83.3814,24.4557],[83.3898,24.4376],[83.399,24.4121],[83.412,24.4103],[83.4262,24.406],[83.4329,24.394],[83.4398,24.3801],[83.4476,24.3684],[83.4343,24.3475],[83.4235,24.3387],[83.4112,24.3396],[83.3914,24.3268],[83.3786,24.3155],[83.3806,24.3005],[83.3962,24.2934],[83.4029,24.2761],[83.3934,24.2527],[83.3809,24.24],[83.3793,24.2202],[83.3782,24.2053],[83.3705,24.1868],[83.3656,24.172],[83.3574,24.1568],[83.3525,24.1403],[83.349,24.1264],[83.3428,24.1143],[83.3236,24.1013],[83.3111,24.0928],[83.2924,24.0772],[83.2842,24.0646],[83.2775,24.05],[83.28,24.0348],[83.2761,24.0233],[83.2657,24.0173],[83.2531,24.0121],[83.237,24.01],[83.2335,23.9983],[83.2225,23.9921],[83.2156,23.9808],[83.2106,23.9654],[83.2059,23.9538],[83.2018,23.9405],[83.1914,23.9326],[83.1831,23.9195],[83.1679,23.9179],[83.1556,23.9113],[83.1388,23.9044],[83.1274,23.89],[83.0866,23.8782],[83.061,23.8752],[83.0435,23.8794],[83.0255,23.8816],[82.9923,23.8785],[82.9536,23.8728],[82.9388,23.8759],[82.9252,23.8907],[82.9061,23.8979],[82.8903,23.9046],[82.8753,23.9164],[82.863,23.9255],[82.8552,23.9388],[82.8413,23.9501],[82.8207,23.965],[82.8078,23.9631],[82.7987,23.9766],[82.8007,23.9966],[82.7899,24.0068],[82.7663,24.0061],[82.7524,24.0084],[82.742,24.0214],[82.7431,24.0349],[82.7558,24.0436],[82.7622,24.0599],[82.7663,24.0779],[82.7549,24.0732],[82.7415,24.0751],[82.7263,24.0826],[82.7084,24.0808],[82.7014,24.0971],[82.6635,24.1239],[82.6574,24.1348],[82.6652,24.1511],[82.6794,24.1567],[82.6884,24.1442],[82.7204,24.139],[82.7231,24.1568],[82.7361,24.1684],[82.7348,24.183],[82.7319,24.2011],[82.727,24.2233],[82.7371,24.2303],[82.7499,24.2361],[82.7494,24.2566],[82.7546,24.2716],[82.7641,24.2924],[82.766,24.3122],[82.7605,24.3231],[82.7633,24.3424],[82.7598,24.3584],[82.7606,24.373],[82.7468,24.3725],[82.7348,24.3712],[82.7185,24.3712],[82.7072,24.3852],[82.715,24.4162],[82.7202,24.4297],[82.7327,24.4327],[82.725,24.4447],[82.726,24.4608],[82.7238,24.4763],[82.7338,24.4872],[82.7365,24.4998],[82.7156,24.5133],[82.7141,24.5362],[82.7125,24.5562],[82.7335,24.5516],[82.746,24.5415],[82.7809,24.5461],[82.8008,24.5527],[82.7964,24.5875],[82.7964,24.5998],[82.7683,24.5975],[82.7679,24.6106],[82.7672,24.6294],[82.7658,24.6416],[82.7431,24.6441],[82.7275,24.6465],[82.7146,24.6421],[82.7021,24.6421],[82.6917,24.6486],[82.6935,24.6616],[82.696,24.6757],[82.6854,24.6865],[82.6656,24.6999],[82.6457,24.6945],[82.63,24.6867],[82.603,24.6795],[82.5876,24.6737],[82.574,24.663],[82.5443,24.6549],[82.5293,24.652],[82.5184,24.6783],[82.5013,24.6784],[82.4868,24.6755],[82.4767,24.6836],[82.464,24.6801],[82.4489,24.6779],[82.4484,24.6906],[82.4323,24.7063],[82.4202,24.7053],[82.4074,24.6951],[82.4016,24.6838],[82.4055,24.6668],[82.409,24.6496],[82.4035,24.6362],[82.4079,24.6228],[82.4146,24.6064],[82.4008,24.5987],[82.3856,24.5974],[82.3608,24.602],[82.3505,24.6082],[82.3351,24.6229],[82.3192,24.6203],[82.3094,24.6129],[82.2939,24.6137],[82.2984,24.628],[82.2961,24.6433],[82.2981,24.6565],[82.2964,24.67],[82.2817,24.6717],[82.2695,24.6819],[82.2531,24.6661],[82.2355,24.6764],[82.2287,24.6908],[82.243,24.7018],[82.2439,24.7164],[82.2414,24.7385],[82.2496,24.7564],[82.2437,24.7758],[82.2384,24.7544],[82.2277,24.7656],[82.2228,24.7517],[82.2092,24.7595],[82.1995,24.7521],[82.2134,24.7442],[82.2138,24.7287],[82.2026,24.7408],[82.1887,24.7438],[82.1729,24.7396],[82.1915,24.7532],[82.1906,24.7696],[82.1894,24.7823],[82.2018,24.7807],[82.2087,24.7978],[82.1949,24.7969],[82.1813,24.8008],[82.1913,24.8177],[82.1737,24.8142],[82.1628,24.805],[82.1594,24.7923],[82.1466,24.7973],[82.1322,24.8045],[82.1264,24.7939],[82.1122,24.7923],[82.1048,24.8056],[82.0897,24.8159],[82.0708,24.8249],[82.0565,24.8281],[82.0423,24.8342],[82.0243,24.8446],[82.0049,24.8507],[81.9915,24.8465],[81.9754,24.8425],[81.9616,24.8317],[81.9477,24.8426],[81.9372,24.8501],[81.9267,24.8608],[81.9284,24.8731],[81.9151,24.8778],[81.9027,24.8841],[81.8988,24.8993],[81.9024,24.9115],[81.912,24.9309],[81.9041,24.9423],[81.901,24.9731],[81.8945,24.9874],[81.8992,24.9992],[81.8914,25.0135],[81.8931,24.9998],[81.8735,25.0021],[81.8494,25.006],[81.84,25.015],[81.7917,25.01],[81.7801,25.0152],[81.7498,25.0316],[81.7382,25.0391],[81.7164,25.053],[81.7134,25.0401],[81.6855,25.0422],[81.6831,25.0568],[81.6714,25.0662],[81.6604,25.0715],[81.6468,25.075],[81.6356,25.0618],[81.6219,25.0569],[81.6085,25.0589],[81.6028,25.0718],[81.5938,25.0798],[81.6095,25.0852],[81.6209,25.0951],[81.6317,25.1015],[81.6227,25.1112],[81.6168,25.1226],[81.6101,25.1117],[81.6043,25.0997],[81.6028,25.1124],[81.591,25.123],[81.5921,25.1364],[81.6043,25.1428],[81.6176,25.1462],[81.619,25.1597],[81.6135,25.1705],[81.6011,25.1674],[81.5818,25.1683],[81.588,25.1838],[81.5772,25.1913],[81.5584,25.1892],[81.5399,25.1877],[81.5232,25.1858],[81.5096,25.187],[81.5107,25.1737],[81.5273,25.1666],[81.52,25.1537],[81.505,25.1512],[81.492,25.1488],[81.4905,25.135],[81.4774,25.1384],[81.4777,25.1211],[81.4931,25.1107],[81.5076,25.1068],[81.4943,25.1017],[81.4946,25.0821],[81.4837,25.0749],[81.4731,25.0809],[81.4583,25.0868],[81.4364,25.0962],[81.4248,25.0994],[81.4131,25.104],[81.4008,25.1078],[81.4272,25.1106],[81.4344,25.1219],[81.4302,25.1336],[81.4178,25.1352],[81.4002,25.1338],[81.4062,25.1234],[81.3912,25.1231],[81.3844,25.1351],[81.3669,25.1374],[81.3572,25.1523],[81.3509,25.1639],[81.336,25.1663],[81.3196,25.1681],[81.3107,25.1526],[81.3168,25.1407],[81.3168,25.1281],[81.317,25.116],[81.3084,25.1258],[81.308,25.1389],[81.307,25.1597],[81.2925,25.168],[81.2752,25.169],[81.2748,25.1534],[81.2656,25.1449],[81.2621,25.1311],[81.258,25.1168],[81.2457,25.1055],[81.2544,25.0927],[81.253,25.079],[81.2616,25.0685],[81.256,25.0557],[81.2476,25.0415],[81.2392,25.0314],[81.2307,25.0181],[81.2202,25.0072],[81.2085,25.0031],[81.2113,24.9868],[81.2013,24.9703],[81.206,24.9581],[81.206,24.9392],[81.1995,24.9269],[81.1844,24.9292],[81.1983,24.934],[81.1884,24.9451],[81.1766,24.955],[81.1642,24.9598],[81.1569,24.9457],[81.1555,24.932],[81.1525,24.9196],[81.1401,24.9164],[81.1333,24.9056],[81.1324,24.8921],[81.1168,24.9018],[81.1075,24.9121],[81.0965,24.9225],[81.0849,24.9344],[81.0825,24.9477],[81.0574,24.9531],[81.0431,24.9526],[81.0267,24.955],[81.0192,24.945],[81.0095,24.9543],[81.0153,24.9401],[81,24.9402],[80.9845,24.9326],[80.9723,24.9396],[80.9584,24.9322],[80.9522,24.9429],[80.9467,24.9569],[80.9425,24.9711],[80.9285,24.9677],[80.916,24.9648],[80.8973,24.9567],[80.9012,24.9433],[80.8887,24.9474],[80.8768,24.9451],[80.8566,24.936],[80.8409,24.9356],[80.829,24.9384],[80.8154,24.9379],[80.8022,24.9445],[80.8029,24.9569],[80.7916,24.9639],[80.7988,24.9749],[80.8126,24.9737],[80.8211,24.9825],[80.8364,24.9861],[80.8482,24.9981],[80.8419,25.0125],[80.8291,25.03],[80.8411,25.0513],[80.8558,25.0624],[80.8707,25.0711],[80.8648,25.0843],[80.8712,25.0982],[80.8665,25.1194],[80.8728,25.1339],[80.8853,25.14],[80.9016,25.158],[80.896,25.1713],[80.878,25.1956],[80.8642,25.1879],[80.8486,25.19],[80.8363,25.1927],[80.8411,25.1753],[80.8374,25.1603],[80.8338,25.1456],[80.8348,25.1325],[80.8334,25.1133],[80.8215,25.12],[80.8096,25.1307],[80.8032,25.1435],[80.7907,25.1427],[80.7767,25.1448],[80.7596,25.1406],[80.7404,25.1374],[80.7287,25.1429],[80.7153,25.1467],[80.7009,25.1381],[80.7075,25.1274],[80.7224,25.126],[80.719,25.104],[80.7293,25.0973],[80.7458,25.0994],[80.767,25.0856],[80.7796,25.0779],[80.7783,25.0639],[80.766,25.0611],[80.7514,25.064],[80.7336,25.0624],[80.7144,25.0678],[80.698,25.0616],[80.6783,25.0546],[80.6718,25.0673],[80.6793,25.0818],[80.6683,25.0868],[80.6563,25.0744],[80.6505,25.0875],[80.6365,25.094],[80.6235,25.0952],[80.6085,25.0986],[80.6151,25.1112],[80.6223,25.122],[80.625,25.1377],[80.6083,25.1329],[80.6058,25.1493],[80.5946,25.1552],[80.5911,25.1413],[80.5976,25.1281],[80.5878,25.1091],[80.5919,25.096],[80.6068,25.0762],[80.5932,25.0815],[80.5801,25.087],[80.568,25.0853],[80.56,25.075],[80.5486,25.0693],[80.532,25.0759],[80.519,25.0819],[80.5143,25.0958],[80.5019,25.1041],[80.4839,25.1028],[80.4943,25.0921],[80.4945,25.0796],[80.5021,25.0674],[80.4972,25.056],[80.4858,25.0473],[80.4733,25.0436],[80.4614,25.058],[80.4559,25.0738],[80.446,25.0658],[80.4451,25.0802],[80.4329,25.0784],[80.4227,25.0713],[80.4099,25.0767],[80.4068,25.0634],[80.3941,25.072],[80.3841,25.0653],[80.3672,25.0589],[80.3675,25.0461],[80.3802,25.0416],[80.3718,25.0328],[80.383,25.0187],[80.3728,25.0083],[80.3689,25.0238],[80.3551,25.0245],[80.338,25.0209],[80.329,25.0054],[80.3172,25.0031],[80.299,25.016],[80.2785,25.0216],[80.2669,25.0302],[80.2772,25.0429],[80.2812,25.0567],[80.2876,25.0669],[80.3048,25.0755],[80.3132,25.0893],[80.3228,25.1066],[80.3384,25.1213],[80.3475,25.13],[80.3513,25.1449],[80.3625,25.1497],[80.3734,25.1552],[80.3868,25.1629],[80.4036,25.1651],[80.4226,25.1722],[80.4181,25.1919],[80.4095,25.2059],[80.4017,25.221],[80.3991,25.243],[80.3829,25.242],[80.3629,25.2468],[80.3536,25.2564],[80.3493,25.2696],[80.341,25.2786],[80.3198,25.2805],[80.304,25.2889],[80.3091,25.3059],[80.3117,25.3342],[80.3036,25.3525],[80.3086,25.3637],[80.3112,25.3811],[80.2953,25.4078],[80.2843,25.4159],[80.2737,25.425],[80.2612,25.4262],[80.2473,25.4115],[80.2296,25.4109],[80.214,25.4042],[80.1979,25.4106],[80.1892,25.3892],[80.172,25.3807],[80.1592,25.3776],[80.1532,25.3628],[80.1371,25.3557],[80.1271,25.3406],[80.107,25.3442],[80.0961,25.3516],[80.0833,25.3558],[80.0723,25.3451],[80.0549,25.3413],[80.0372,25.341],[80.0242,25.3446],[80.0145,25.3311],[80.0126,25.3017],[79.9987,25.2938],[79.9913,25.2832],[79.9973,25.2701],[79.9773,25.2649],[79.963,25.2682],[79.9492,25.2653],[79.9344,25.2649],[79.9326,25.2503],[79.9135,25.2334],[79.9063,25.2542],[79.8962,25.2475],[79.875,25.253],[79.861,25.243],[79.8471,25.2402],[79.8529,25.225],[79.8541,25.2104],[79.8588,25.1902],[79.8626,25.177],[79.8597,25.1621],[79.8721,25.1503],[79.8574,25.1428],[79.8477,25.1334],[79.8427,25.1163],[79.8531,25.1028],[79.8409,25.0964],[79.8272,25.1001],[79.8187,25.1102],[79.8052,25.111],[79.7933,25.1184],[79.7692,25.1253],[79.7577,25.1345],[79.7478,25.1426],[79.726,25.1357],[79.7073,25.1333],[79.687,25.1369],[79.6742,25.1358],[79.6605,25.128],[79.643,25.1324],[79.62,25.1427],[79.6061,25.1325],[79.5985,25.1453],[79.5857,25.1529],[79.574,25.1595],[79.5689,25.1755],[79.5503,25.1694],[79.538,25.1526],[79.5286,25.145],[79.518,25.1312],[79.5182,25.1077],[79.5053,25.1013],[79.4938,25.092],[79.4824,25.0851],[79.4605,25.0963],[79.4702,25.1307],[79.4566,25.125],[79.4448,25.1131],[79.4311,25.1075],[79.4334,25.12],[79.4311,25.1354],[79.4176,25.1385],[79.415,25.123],[79.402,25.1134],[79.3908,25.1179],[79.3887,25.1316],[79.3821,25.1459],[79.3839,25.1703],[79.3915,25.1796],[79.4039,25.1896],[79.4081,25.2075],[79.4213,25.2032],[79.4358,25.2047],[79.4424,25.221],[79.427,25.225],[79.433,25.236],[79.4386,25.2483],[79.4529,25.2565],[79.4592,25.2695],[79.4745,25.2666],[79.4897,25.2656],[79.4777,25.2724],[79.4574,25.2839],[79.4312,25.2596],[79.4153,25.2592],[79.4012,25.2624],[79.4019,25.2793],[79.3886,25.2862],[79.3756,25.2911],[79.3672,25.2756],[79.3617,25.2643],[79.3511,25.27],[79.3497,25.2884],[79.3325,25.2923],[79.3419,25.3046],[79.3345,25.3174],[79.3459,25.333],[79.3337,25.3326],[79.3093,25.3386],[79.2947,25.3402],[79.2834,25.3301],[79.2676,25.3188],[79.258,25.2984],[79.2568,25.285],[79.2595,25.2714],[79.2711,25.2665],[79.2865,25.2811],[79.2983,25.2758],[79.31,25.2619],[79.3234,25.2668],[79.3319,25.2763],[79.3445,25.2643],[79.3403,25.2431],[79.3411,25.2305],[79.3291,25.2299],[79.347,25.2142],[79.3326,25.2008],[79.3258,25.2108],[79.323,25.2227],[79.3108,25.2195],[79.3005,25.2274],[79.2933,25.2402],[79.2786,25.2478],[79.2815,25.2271],[79.278,25.2106],[79.2788,25.1974],[79.2887,25.1863],[79.3019,25.1753],[79.3087,25.1651],[79.3145,25.1519],[79.3057,25.1399],[79.2911,25.1313],[79.2765,25.1203],[79.2601,25.1221],[79.2621,25.1412],[79.2592,25.1533],[79.2458,25.162],[79.2252,25.1582],[79.2139,25.1484],[79.2241,25.1408],[79.2375,25.1428],[79.2381,25.1267],[79.226,25.1224],[79.2137,25.1165],[79.1979,25.1282],[79.1967,25.1429],[79.1877,25.1509],[79.1684,25.1453],[79.1688,25.1316],[79.1793,25.1177],[79.1566,25.1119],[79.1448,25.1166],[79.1334,25.1111],[79.1208,25.1134],[79.1251,25.1292],[79.1078,25.1437],[79.1186,25.1584],[79.1071,25.1681],[79.0906,25.1762],[79.0872,25.1878],[79.0703,25.1778],[79.0629,25.1627],[79.0581,25.1508],[79.0431,25.1382],[79.0282,25.1399],[79.0252,25.1558],[79.0358,25.1739],[79.0257,25.1826],[79.0428,25.2101],[79.0551,25.2172],[79.0451,25.2306],[79.0265,25.2347],[79.031,25.2463],[79.0147,25.2478],[79.016,25.2652],[79.005,25.277],[78.9927,25.2777],[78.9772,25.2617],[78.9712,25.2449],[78.9874,25.2359],[78.9945,25.2255],[78.9975,25.2076],[78.9928,25.1965],[78.9777,25.2042],[78.9692,25.2166],[78.9528,25.2207],[78.9242,25.2106],[78.908,25.1935],[78.9016,25.1833],[78.8934,25.1732],[78.8771,25.1622],[78.8692,25.1781],[78.8674,25.19],[78.8757,25.2001],[78.8824,25.2111],[78.8733,25.2261],[78.8673,25.2377],[78.8722,25.2508],[78.8846,25.2472],[78.8964,25.2499],[78.9086,25.2744],[78.9228,25.2715],[78.9335,25.2635],[78.9462,25.2638],[78.9438,25.2801],[78.9647,25.2839],[78.9528,25.3119],[78.9558,25.3478],[78.9428,25.3451],[78.9312,25.3324],[78.9189,25.346],[78.9079,25.3394],[78.8955,25.3435],[78.879,25.3469],[78.8756,25.334],[78.8625,25.3246],[78.8669,25.311],[78.8719,25.2918],[78.8623,25.2831],[78.8579,25.2662],[78.8503,25.2534],[78.8459,25.2338],[78.8237,25.2511],[78.8113,25.266],[78.8064,25.2795],[78.8122,25.2941],[78.7933,25.2931],[78.7833,25.3032],[78.7919,25.3148],[78.8102,25.3109],[78.8217,25.3187],[78.8333,25.3313],[78.8457,25.3352],[78.8359,25.347],[78.8454,25.3609],[78.8614,25.377],[78.8747,25.3877],[78.8906,25.3888],[78.9083,25.3924],[78.9227,25.4005],[78.9434,25.4031],[78.9389,25.3891],[78.9311,25.3771],[78.9091,25.3806],[78.8954,25.3808],[78.8932,25.369],[78.9064,25.3634],[78.9286,25.3518],[78.9484,25.37],[78.9745,25.3726],[78.9758,25.3887],[78.9655,25.4115],[78.9689,25.4251],[78.9625,25.4364],[78.947,25.4425],[78.9342,25.4319],[78.9126,25.4387],[78.9032,25.4469],[78.9197,25.4622],[78.93,25.4686],[78.9356,25.48],[78.9352,25.4943],[78.9262,25.5076],[78.9167,25.5168],[78.9322,25.5244],[78.9438,25.5409],[78.9357,25.5571],[78.9226,25.5568],[78.9186,25.5433],[78.9104,25.5593],[78.8968,25.5594],[78.8828,25.5604],[78.869,25.5512],[78.8776,25.5332],[78.8513,25.5189],[78.8367,25.5168],[78.827,25.5037],[78.846,25.4914],[78.8516,25.4778],[78.8572,25.4671],[78.8537,25.4523],[78.8366,25.4342],[78.8197,25.4378],[78.8304,25.4475],[78.8457,25.4544],[78.8334,25.4617],[78.8153,25.4724],[78.7895,25.4835],[78.7768,25.4834],[78.7643,25.4766],[78.7495,25.4822],[78.7393,25.4999],[78.7263,25.4901],[78.7246,25.4633],[78.7437,25.4521],[78.7518,25.4384],[78.7654,25.43],[78.7763,25.437],[78.7895,25.442],[78.8035,25.4382],[78.8129,25.4304],[78.7946,25.4266],[78.776,25.4212],[78.7562,25.4193],[78.7431,25.4127],[78.7416,25.3986],[78.7546,25.4062],[78.7589,25.3935],[78.7622,25.3744],[78.7653,25.3604],[78.7498,25.3521],[78.7357,25.3492],[78.7211,25.3538],[78.7038,25.3586],[78.7098,25.3763],[78.6971,25.3833],[78.6839,25.3805],[78.6716,25.3846],[78.6579,25.388],[78.6567,25.4005],[78.652,25.4131],[78.6649,25.4045],[78.6845,25.416],[78.7002,25.4261],[78.6933,25.4392],[78.6817,25.4474],[78.6704,25.4389],[78.658,25.4438],[78.6454,25.4379],[78.6325,25.433],[78.6375,25.4198],[78.6286,25.4065],[78.6169,25.4101],[78.6035,25.4171],[78.5916,25.3965],[78.5789,25.3901],[78.5634,25.3979],[78.5569,25.3841],[78.5703,25.3848],[78.5795,25.3606],[78.562,25.348],[78.5447,25.3587],[78.5281,25.3659],[78.5304,25.3521],[78.5307,25.3392],[78.5415,25.3266],[78.531,25.3171],[78.5251,25.3065],[78.5051,25.3021],[78.4958,25.3102],[78.4922,25.3238],[78.4832,25.3142],[78.4718,25.3058],[78.4671,25.293],[78.4568,25.2993],[78.4406,25.3042],[78.4298,25.297],[78.4287,25.2808],[78.4445,25.27],[78.4893,25.2921],[78.5008,25.2882],[78.5209,25.288],[78.5285,25.2745],[78.5423,25.272],[78.557,25.2693],[78.5686,25.2586],[78.5625,25.2387],[78.5626,25.226],[78.5698,25.202],[78.5937,25.1574],[78.5982,25.1271],[78.5983,25.1081],[78.6056,25.0942],[78.6176,25.0927],[78.6295,25.0824],[78.6356,25.071],[78.6442,25.0352],[78.6362,25.0214],[78.6351,25.0043],[78.632,24.9837],[78.6229,24.9678],[78.6424,24.9527],[78.6405,24.9404],[78.6537,24.9442],[78.6571,24.9251],[78.663,24.9093],[78.6754,24.8985],[78.6917,24.8959],[78.7006,24.8865],[78.7128,24.8838],[78.7316,24.8723],[78.7467,24.8708],[78.7614,24.863],[78.7674,24.8489],[78.7726,24.8305],[78.7805,24.815],[78.7672,24.7985],[78.7632,24.7668],[78.7686,24.7548],[78.7691,24.7235],[78.7731,24.7117],[78.7676,24.6969],[78.7588,24.6822],[78.7449,24.6693],[78.7406,24.6561],[78.7464,24.6432],[78.7486,24.6247],[78.748,24.6115],[78.7666,24.5976],[78.7938,24.5982],[78.8018,24.6078],[78.8141,24.6056],[78.8288,24.6078],[78.8335,24.6208],[78.8444,24.629],[78.8558,24.623],[78.8628,24.6411],[78.8817,24.6397],[78.8914,24.6221],[78.9044,24.6043],[78.9085,24.5888],[78.9304,24.5644],[78.943,24.5579],[78.9404,24.5431],[78.9439,24.5266],[78.9442,24.5095],[78.9634,24.502],[78.9546,24.4886],[78.9431,24.4849],[78.9307,24.4845],[78.9261,24.4964],[78.9138,24.5008],[78.9009,24.4884],[78.9086,24.4668],[78.9272,24.4621],[78.9407,24.446],[78.9555,24.4451],[78.9718,24.4447],[78.9844,24.4414],[78.9878,24.428],[78.9809,24.4178],[78.9762,24.4029],[78.971,24.3847],[78.9669,24.3703],[78.9681,24.357],[78.961,24.3472],[78.9509,24.3404],[78.9325,24.3189],[78.9078,24.3012],[78.9128,24.2894],[78.9117,24.2765],[78.8856,24.2593],[78.8783,24.2487],[78.8811,24.2289],[78.8737,24.2189],[78.8582,24.2135],[78.8465,24.2169],[78.8328,24.2093],[78.8201,24.2012],[78.8105,24.2085],[78.808,24.1933],[78.8022,24.1819],[78.7885,24.1814],[78.7783,24.201],[78.7698,24.2153],[78.7605,24.2339],[78.7664,24.2506],[78.7567,24.2597],[78.7543,24.2472],[78.7437,24.2395],[78.7353,24.2518],[78.7211,24.2412],[78.7071,24.2388],[78.6926,24.237],[78.6811,24.2441],[78.6691,24.245],[78.6578,24.2681],[78.6436,24.2815],[78.6342,24.2894],[78.6217,24.2863],[78.6179,24.2993],[78.6196,24.3118],[78.6048,24.3157],[78.5936,24.3394],[78.5807,24.3498],[78.5665,24.3573],[78.5526,24.3606],[78.5276,24.3745],[78.5192,24.3874],[78.5054,24.3939],[78.4898,24.3861],[78.4753,24.3674],[78.4708,24.3434],[78.4589,24.3357],[78.4403,24.3255],[78.4335,24.3134],[78.4348,24.2977],[78.4232,24.2892],[78.4113,24.2876],[78.4033,24.2755],[78.3857,24.2731],[78.373,24.2864],[78.3617,24.2961],[78.3445,24.3033],[78.3394,24.3174],[78.3285,24.3255],[78.3266,24.3385],[78.3409,24.3524],[78.3626,24.3782],[78.3504,24.3895],[78.3367,24.4039],[78.3183,24.4104],[78.2999,24.4265],[78.2812,24.4372],[78.2669,24.4474],[78.2603,24.46],[78.2697,24.4731],[78.2546,24.4858],[78.2396,24.4895],[78.2415,24.5048],[78.2282,24.5165],[78.2165,24.5316],[78.2242,24.5413],[78.2365,24.5463],[78.2553,24.5523],[78.2604,24.5692],[78.2681,24.597],[78.2699,24.6154],[78.2634,24.6281],[78.2567,24.6486],[78.2679,24.6635],[78.257,24.6859],[78.2528,24.7009],[78.2365,24.7246],[78.2263,24.7362],[78.2204,24.7474],[78.2243,24.764],[78.2258,24.7766],[78.2184,24.7919],[78.209,24.8131],[78.1959,24.8286],[78.1869,24.8428],[78.1736,24.8462],[78.1638,24.8571],[78.1633,24.871],[78.1704,24.8853],[78.1892,24.8928],[78.204,24.9005],[78.2107,24.9123],[78.2288,24.9241],[78.2494,24.9385],[78.2599,24.9492],[78.2823,24.9632],[78.3026,24.984],[78.3275,24.9996],[78.3346,25.0107],[78.3381,25.0273],[78.3308,25.0454],[78.3272,25.0679],[78.3252,25.0841],[78.3478,25.1],[78.367,25.1045],[78.3787,25.1127],[78.3897,25.127],[78.4023,25.131],[78.4177,25.127],[78.431,25.1245],[78.4429,25.1288],[78.4324,25.1375],[78.4229,25.1454],[78.4209,25.1576],[78.442,25.1574],[78.4465,25.169],[78.4282,25.1696],[78.409,25.182],[78.3913,25.1912],[78.3836,25.202],[78.3945,25.2146],[78.3811,25.2238],[78.3708,25.2334],[78.3645,25.2439],[78.3603,25.2586],[78.3553,25.2757],[78.3451,25.283],[78.3452,25.2979],[78.3301,25.3004],[78.3165,25.3046],[78.3106,25.3162],[78.3271,25.3272],[78.3276,25.3465],[78.3163,25.3596],[78.3016,25.3644],[78.2955,25.3748],[78.3034,25.3848],[78.3169,25.3909],[78.3303,25.401],[78.3341,25.4182],[78.3352,25.4311],[78.3438,25.4462],[78.3527,25.4553],[78.361,25.4466],[78.3774,25.4484],[78.3919,25.4688],[78.4067,25.4792],[78.4207,25.4776],[78.4195,25.4905],[78.4094,25.5043],[78.4096,25.5186],[78.4087,25.5329],[78.4261,25.5615],[78.4397,25.559],[78.4552,25.552],[78.46,25.5646],[78.4689,25.573],[78.4811,25.5804],[78.5114,25.573],[78.5275,25.5729],[78.5418,25.5651],[78.5597,25.5678],[78.5761,25.5653],[78.5871,25.5729],[78.6002,25.5784],[78.6086,25.5891],[78.6213,25.5822],[78.6288,25.569],[78.6443,25.5654],[78.6654,25.5848],[78.677,25.5941],[78.6957,25.5998],[78.7112,25.6066],[78.7243,25.6084],[78.741,25.6039],[78.7554,25.6096],[78.7849,25.6155],[78.7982,25.6192],[78.8064,25.633],[78.8112,25.6455],[78.8106,25.6651],[78.8094,25.6781],[78.7958,25.6961],[78.7912,25.7105],[78.7775,25.7137],[78.7607,25.7208],[78.748,25.7327],[78.7468,25.7491],[78.7624,25.7523],[78.7758,25.7615],[78.78,25.7751],[78.7906,25.7882],[78.7996,25.7994],[78.8117,25.7991],[78.8241,25.8076],[78.8162,25.8176],[78.804,25.8102],[78.802,25.8222],[78.8112,25.8301],[78.8351,25.8241],[78.8407,25.8121],[78.8497,25.7959],[78.8619,25.7992],[78.864,25.8163],[78.8665,25.8296],[78.8529,25.8436],[78.8466,25.8605],[78.8578,25.872],[78.8727,25.873],[78.8813,25.8884],[78.8872,25.899],[78.8803,25.9096],[78.8943,25.9259],[78.9013,25.9375],[78.9098,25.9461],[78.9238,25.9528],[78.9255,25.9654],[78.9311,25.9763],[78.9395,25.9864],[78.9433,25.9982],[78.9453,26.0139],[78.9505,26.0258],[78.9443,26.037],[78.9614,26.0508],[78.9758,26.0599],[78.9825,26.0738],[78.9971,26.0739],[79.0022,26.0866],[78.9919,26.0953],[78.9718,26.1087],[78.9692,26.1234],[78.9581,26.1299],[78.9444,26.1375],[78.9603,26.1543],[78.9862,26.1505],[79.0007,26.155],[79.0034,26.173],[78.9918,26.1773],[78.9757,26.1928],[78.9918,26.204],[79.0023,26.1968],[79.0149,26.1975],[79.0206,26.2086],[79.0173,26.2237],[79.0247,26.2343],[79.0406,26.2293],[79.0553,26.2324],[79.0611,26.2437],[79.0519,26.2532],[79.0379,26.2629],[79.0533,26.2796],[79.0673,26.2876],[79.0787,26.2803],[79.0831,26.2939],[79.0918,26.304],[79.098,26.3146],[79.1088,26.3086],[79.1191,26.3149],[79.1157,26.3285],[79.1273,26.3335],[79.1337,26.345],[79.1195,26.351],[79.1053,26.356],[79.093,26.3601],[79.0768,26.3627],[79.0891,26.3771],[79.087,26.3911],[79.0807,26.4055],[79.0868,26.4178],[79.1007,26.4117],[79.1149,26.4156],[79.1191,26.4329],[79.1268,26.4448],[79.1103,26.453],[79.0949,26.4571],[79.0833,26.453],[79.0691,26.4465],[79.058,26.4513],[79.0468,26.4579],[79.0635,26.4848],[79.0609,26.5033],[79.0437,26.5105],[79.041,26.5228],[79.0337,26.5334],[79.0196,26.5414],[79.008,26.5478],[78.9958,26.5541],[78.9991,26.5667],[78.9935,26.5788],[78.9796,26.5741],[78.978,26.5924],[78.9913,26.6046],[79.0037,26.6064],[79.0031,26.6192],[78.9953,26.636],[78.9869,26.6474],[78.9957,26.6636],[79.0004,26.6767],[78.9873,26.686],[78.9739,26.6825],[78.9479,26.6626],[78.9361,26.6649],[78.9499,26.6919],[78.9308,26.7043],[78.9128,26.7104],[78.8829,26.7044],[78.8649,26.7047],[78.8543,26.7123],[78.8407,26.7261],[78.8114,26.7655],[78.7987,26.7691],[78.7741,26.7661],[78.7621,26.7668],[78.749,26.7844],[78.736,26.789],[78.7259,26.7796],[78.7203,26.7927],[78.6901,26.796],[78.6774,26.7924],[78.6675,26.7742],[78.6504,26.7697],[78.6286,26.7754],[78.6157,26.7719],[78.6094,26.761],[78.5752,26.756],[78.5601,26.7622],[78.535,26.7717],[78.5156,26.7851],[78.492,26.788],[78.4763,26.7923],[78.4581,26.7952],[78.4456,26.8034],[78.4343,26.8241],[78.4134,26.8304],[78.4003,26.826],[78.3856,26.8279],[78.3748,26.8468],[78.3669,26.8626],[78.3514,26.8744],[78.3238,26.8686],[78.302,26.8691],[78.2821,26.8641],[78.2708,26.8556],[78.2665,26.841],[78.2653,26.8247],[78.2475,26.8239],[78.2368,26.8317],[78.223,26.8372],[78.2098,26.8361],[78.214,26.8485],[78.2008,26.8624],[78.1902,26.8835],[78.2049,26.8774],[78.2266,26.8826],[78.2325,26.8955],[78.2482,26.9006],[78.2595,26.9162],[78.2618,26.9302],[78.2473,26.9307],[78.2327,26.9337],[78.2234,26.9451],[78.2122,26.9496],[78.2052,26.9389],[78.1905,26.9468],[78.1737,26.9487],[78.1527,26.9521],[78.1395,26.9571],[78.1271,26.9555],[78.1149,26.9549],[78.1131,26.9419],[78.1127,26.9275],[78.0987,26.9306],[78.1028,26.9099],[78.0883,26.9099],[78.0728,26.9076],[78.0629,26.9149],[78.0486,26.9138],[78.0443,26.8845],[78.0354,26.8746],[78.0272,26.8622],[78.0279,26.8762],[78.0221,26.8902],[78.0163,26.905],[77.9984,26.9099],[77.985,26.9014],[77.9706,26.8997],[77.9658,26.911],[77.942,26.8998],[77.9321,26.91],[77.9096,26.9143],[77.8999,26.9245],[77.9009,26.9117],[77.9008,26.8951],[77.8901,26.8895],[77.8768,26.8992],[77.8494,26.9124],[77.8364,26.9196],[77.8213,26.9262],[77.8086,26.9257],[77.7959,26.9234],[77.7815,26.9277],[77.7651,26.938],[77.7487,26.9269],[77.729,26.9258],[77.7189,26.9164],[77.7108,26.903],[77.7205,26.893],[77.7158,26.8813],[77.6977,26.88],[77.6824,26.8792],[77.667,26.8624],[77.6249,26.8467],[77.6119,26.8396],[77.6008,26.8342],[77.5881,26.8334],[77.5721,26.832],[77.5564,26.822],[77.5357,26.8254],[77.5207,26.822],[77.5123,26.8383],[77.502,26.8465],[77.4893,26.8086],[77.4823,26.7941],[77.4893,26.7772],[77.4864,26.761],[77.4483,26.7467],[77.4573,26.7621],[77.456,26.7804],[77.4389,26.7758],[77.4286,26.7858],[77.4382,26.8089],[77.4342,26.8254],[77.4258,26.8357],[77.4215,26.8488],[77.4225,26.867],[77.4365,26.8679],[77.4505,26.875],[77.4552,26.8896],[77.4738,26.8998],[77.4958,26.9058],[77.5186,26.9155],[77.5453,26.922],[77.5574,26.926],[77.5798,26.9309],[77.5848,26.9423],[77.5981,26.9403],[77.6423,26.9673],[77.6526,26.9749],[77.6653,26.9669],[77.6919,26.979],[77.7099,26.9877],[77.7233,26.9882],[77.7363,26.9882],[77.7477,26.9985],[77.7462,27.0109],[77.755,27.0228],[77.7409,27.0255],[77.7265,27.0315],[77.7202,27.014],[77.7223,27.0003],[77.7086,27.0011],[77.6966,27.007],[77.6937,27.0195],[77.682,27.0329],[77.6843,27.0449],[77.6733,27.0516],[77.6633,27.0303],[77.652,27.0226],[77.6343,27.027],[77.6274,27.0155],[77.6195,27.0249],[77.6034,27.0291],[77.5906,27.0317],[77.5751,27.0416],[77.5607,27.0357],[77.5589,27.0488],[77.5668,27.0603],[77.5684,27.0725],[77.5542,27.0772],[77.5414,27.0774],[77.5292,27.0671],[77.5143,27.0704],[77.5182,27.0881],[77.4994,27.094],[77.5082,27.1029],[77.5208,27.1058],[77.5395,27.1113],[77.5561,27.1158],[77.5747,27.1221],[77.5908,27.1231],[77.5959,27.1372],[77.6065,27.1541],[77.6051,27.1685],[77.6225,27.175],[77.6359,27.1701],[77.6546,27.1756],[77.6654,27.1861],[77.673,27.2004],[77.6566,27.213],[77.642,27.2148],[77.6432,27.2318],[77.6391,27.2471],[77.6296,27.2555],[77.6128,27.2603],[77.6066,27.2727],[77.6091,27.288],[77.5983,27.2964],[77.6033,27.3099],[77.6155,27.3254],[77.6163,27.3383],[77.593,27.338],[77.5823,27.3316],[77.5678,27.3332],[77.5427,27.3424],[77.5354,27.3529],[77.522,27.3576],[77.5094,27.3678],[77.5022,27.3774],[77.487,27.3856],[77.4666,27.3843],[77.4433,27.3933],[77.4319,27.3992],[77.4268,27.4166],[77.4152,27.4254],[77.417,27.4382],[77.423,27.4494],[77.4296,27.462],[77.4155,27.4661],[77.4074,27.4764],[77.3936,27.4819],[77.392,27.502],[77.3833,27.5115],[77.3612,27.5185],[77.3403,27.5248],[77.3325,27.5385],[77.3384,27.5496],[77.3307,27.5638],[77.3331,27.576],[77.3435,27.5855],[77.3352,27.6015],[77.3112,27.6117],[77.3323,27.6378],[77.3423,27.653],[77.3372,27.6697],[77.3368,27.6855],[77.3344,27.6995],[77.3305,27.7111],[77.3173,27.7112],[77.3024,27.7132],[77.2963,27.7298],[77.3107,27.7369],[77.3053,27.7492],[77.3028,27.7612],[77.3037,27.776],[77.3041,27.788],[77.2954,27.7998],[77.2793,27.8028],[77.2835,27.8159],[77.2889,27.8291],[77.3048,27.8312],[77.3172,27.8332],[77.3292,27.852],[77.3393,27.8596],[77.3526,27.8564],[77.3648,27.8606],[77.3821,27.8631],[77.4038,27.8582],[77.4051,27.8717],[77.4041,27.8866],[77.4123,27.8962],[77.4303,27.8888],[77.4422,27.8785],[77.4585,27.8853],[77.4698,27.8947],[77.4746,27.9121],[77.4706,27.9279],[77.4777,27.9402],[77.4906,27.9339],[77.5059,27.9361],[77.5192,27.9319],[77.5314,27.9418],[77.5373,27.9578],[77.515,27.9655],[77.5134,27.9774],[77.5267,27.984],[77.5352,27.9933],[77.5201,28.0065],[77.5094,28.0177],[77.5018,28.0274],[77.4897,28.0393],[77.4776,28.0491],[77.4829,28.0607],[77.4768,28.0733],[77.47,28.0837],[77.4731,28.1037],[77.486,28.0974],[77.4932,28.1082],[77.4994,28.1226],[77.4985,28.1357],[77.4873,28.1414],[77.4964,28.1599],[77.5116,28.1649],[77.5318,28.1703],[77.5424,28.1817],[77.5302,28.1929],[77.5057,28.1955],[77.4921,28.1851],[77.4891,28.212],[77.5106,28.2063],[77.5233,28.2072],[77.517,28.2214],[77.5356,28.2405],[77.5388,28.2544],[77.525,28.2534],[77.5123,28.2543],[77.4871,28.2618],[77.4673,28.2697],[77.4723,28.2812],[77.4881,28.2791],[77.4948,28.2926],[77.4958,28.307],[77.4819,28.3236],[77.4659,28.3339],[77.4852,28.3502],[77.4942,28.3583],[77.4859,28.3797],[77.4695,28.3943],[77.4746,28.4135],[77.4561,28.421],[77.444,28.429],[77.4283,28.4441],[77.4181,28.4558],[77.3978,28.4586],[77.3979,28.4712],[77.376,28.4762],[77.3641,28.4857],[77.3605,28.4979],[77.3432,28.5036],[77.3368,28.5157],[77.3215,28.5359],[77.3107,28.5437],[77.2952,28.5612],[77.2936,28.5797],[77.3071,28.5969],[77.3278,28.6049],[77.3375,28.6175],[77.3305,28.6314],[77.3136,28.6432],[77.3154,28.6633],[77.3179,28.6793],[77.3276,28.6918],[77.3198,28.7036],[77.3235,28.7159],[77.3062,28.7177],[77.2929,28.7098],[77.2837,28.719],[77.2769,28.7344],[77.2599,28.7381],[77.2532,28.7528],[77.238,28.7592],[77.229,28.7724],[77.2171,28.7817],[77.2027,28.7894],[77.1944,28.8023],[77.1946,28.8154],[77.2136,28.8135],[77.2173,28.8353],[77.2106,28.8453],[77.2078,28.8602],[77.1935,28.8654],[77.1832,28.8718],[77.178,28.8856],[77.1991,28.8927],[77.2169,28.9003],[77.202,28.9156],[77.2054,28.9365],[77.1908,28.9469],[77.191,28.9617],[77.2038,28.9823],[77.2142,29.006],[77.2038,29.0167],[77.1916,29.0213],[77.1765,29.0365],[77.1626,29.0486],[77.1623,29.0654],[77.1572,29.0775],[77.1416,29.0868],[77.1318,29.0946],[77.122,29.1058],[77.1362,29.1278],[77.1266,29.154],[77.1324,29.1718],[77.14,29.1821],[77.1381,29.2011],[77.1326,29.2131],[77.1252,29.2249],[77.1428,29.2378],[77.1425,29.2516],[77.135,29.2665],[77.1376,29.2875],[77.1423,29.3015],[77.1542,29.3169],[77.15,29.3317],[77.1464,29.3451],[77.1276,29.3443],[77.1175,29.3572],[77.1167,29.3726],[77.1311,29.3807],[77.1468,29.3898],[77.1335,29.3984],[77.1259,29.4106],[77.1358,29.4322],[77.1377,29.4466],[77.1241,29.4529],[77.1143,29.4619],[77.1154,29.4754],[77.1233,29.4861],[77.1145,29.5032],[77.1034,29.5095],[77.0865,29.5283],[77.0894,29.5447],[77.1044,29.5489],[77.1068,29.5664],[77.0938,29.5872],[77.0856,29.6008],[77.0939,29.613],[77.1016,29.6249],[77.1078,29.64],[77.1218,29.6535],[77.1313,29.663],[77.12,29.6803],[77.1255,29.6969],[77.1399,29.7002],[77.1402,29.7173],[77.1226,29.736],[77.113,29.7486],[77.1179,29.7604],[77.1183,29.7756],[77.132,29.779],[77.1422,29.7876],[77.154,29.7977],[77.154,29.8138],[77.1653,29.8245],[77.167,29.8437],[77.1781,29.8622],[77.1823,29.8816],[77.1849,29.8949],[77.1802,29.9062],[77.1869,29.9175],[77.1956,29.9273],[77.2111,29.9407],[77.2237,29.9548],[77.2319,29.9663],[77.2355,29.9812],[77.2505,29.9885],[77.2632,30.0021],[77.2654,30.018],[77.2731,30.034],[77.2704,30.0483],[77.2861,30.0575],[77.3029,30.0606],[77.3248,30.0618],[77.3372,30.0682],[77.3484,30.0767],[77.3685,30.0916],[77.3925,30.0944],[77.4086,30.1026],[77.4006,30.1133],[77.4087,30.1232],[77.4155,30.1335],[77.4108,30.1459],[77.4235,30.1685],[77.4403,30.1692],[77.4515,30.1736],[77.4602,30.1838],[77.4733,30.1886],[77.48,30.2022],[77.4885,30.2187],[77.496,30.2336],[77.5055,30.2422],[77.5198,30.2601],[77.5247,30.278],[77.5404,30.291],[77.5558,30.3026],[77.5704,30.3112],[77.575,30.3261],[77.5699,30.3371],[77.5828,30.3584],[77.592,30.3709],[77.5844,30.3814],[77.5729,30.3931],[77.5631,30.4045],[77.575,30.4117],[77.5847,30.4088]]]}},{"type":"Feature","properties":{"name":"Uttarakhand","id":"uttarakhand"},"geometry":{"type":"Polygon","coordinates":[[[79.1948,31.3536],[79.2074,31.3463],[79.2216,31.3373],[79.2206,31.3245],[79.2385,31.3042],[79.2481,31.2966],[79.2464,31.2837],[79.2371,31.2757],[79.2329,31.2619],[79.2373,31.2507],[79.2515,31.2465],[79.2645,31.2439],[79.2711,31.2318],[79.2788,31.2175],[79.2863,31.1999],[79.2849,31.1857],[79.2849,31.1701],[79.2937,31.1591],[79.3076,31.1421],[79.3213,31.1375],[79.3306,31.1287],[79.3448,31.1275],[79.3556,31.1213],[79.3699,31.1204],[79.3819,31.1184],[79.3871,31.1075],[79.3912,31.0824],[79.4062,31.077],[79.4089,31.0565],[79.4131,31.0376],[79.4332,31.0377],[79.4573,31.0395],[79.472,31.0403],[79.4874,31.0411],[79.5013,31.0391],[79.504,31.0258],[79.5146,31.0172],[79.5225,31.0081],[79.5195,30.9952],[79.5313,30.9918],[79.5313,30.9779],[79.5406,30.9672],[79.5505,30.9604],[79.5757,30.9544],[79.5848,30.944],[79.5965,30.9492],[79.6068,30.9566],[79.6242,30.9653],[79.6426,30.9676],[79.6498,30.9799],[79.6626,30.9869],[79.6932,30.9817],[79.7141,30.9857],[79.7261,30.992],[79.7342,31.0029],[79.7506,31.0012],[79.7603,30.9931],[79.7786,30.9883],[79.7924,30.9842],[79.805,30.9778],[79.8181,30.9802],[79.8303,30.984],[79.8468,30.9814],[79.8576,30.9758],[79.8645,30.9644],[79.8688,30.9528],[79.8736,30.941],[79.8766,30.9293],[79.8925,30.9235],[79.902,30.9157],[79.9081,30.9033],[79.915,30.8922],[79.9344,30.893],[79.9464,30.8903],[79.9598,30.8856],[79.9807,30.8739],[79.9947,30.8674],[80.0084,30.8562],[80.0178,30.8479],[80.0291,30.8436],[80.0427,30.8439],[80.0503,30.8328],[80.0642,30.8245],[80.0704,30.8123],[80.0741,30.7997],[80.0849,30.7933],[80.1011,30.7815],[80.1131,30.7808],[80.1224,30.791],[80.1375,30.796],[80.1386,30.81],[80.1567,30.8125],[80.1675,30.8072],[80.1762,30.7954],[80.1849,30.7866],[80.186,30.7704],[80.1954,30.7611],[80.2072,30.7575],[80.2173,30.767],[80.227,30.7584],[80.2343,30.7456],[80.2326,30.7296],[80.2254,30.7176],[80.2213,30.7045],[80.2099,30.6914],[80.1972,30.6895],[80.1855,30.6823],[80.1805,30.6699],[80.1973,30.6568],[80.2064,30.6489],[80.2078,30.6367],[80.1992,30.6275],[80.2059,30.6164],[80.2064,30.6024],[80.2092,30.5875],[80.2212,30.5763],[80.2321,30.571],[80.2441,30.5668],[80.2532,30.5752],[80.2676,30.5738],[80.2806,30.5739],[80.2924,30.57],[80.3056,30.5675],[80.3127,30.5574],[80.3283,30.5468],[80.3406,30.5413],[80.3652,30.5287],[80.3813,30.5235],[80.4006,30.5312],[80.4095,30.5187],[80.4235,30.5057],[80.4481,30.4964],[80.4651,30.493],[80.4853,30.4905],[80.4955,30.4835],[80.5043,30.4704],[80.5136,30.4613],[80.5265,30.4543],[80.5351,30.4636],[80.5517,30.4647],[80.5601,30.474],[80.5664,30.4886],[80.5794,30.4888],[80.5936,30.4822],[80.6231,30.4634],[80.6337,30.4555],[80.6435,30.4475],[80.6607,30.4458],[80.6751,30.4363],[80.6998,30.4183],[80.7196,30.4079],[80.7313,30.4022],[80.7453,30.3916],[80.7558,30.38],[80.764,30.3655],[80.7724,30.3481],[80.7822,30.3384],[80.7937,30.3303],[80.8113,30.32],[80.8269,30.3135],[80.8458,30.3072],[80.865,30.3041],[80.8835,30.2996],[80.8965,30.2939],[80.9167,30.288],[80.9299,30.2857],[80.9423,30.284],[80.9673,30.2758],[80.9941,30.2705],[81.0079,30.2642],[81.0191,30.2532],[81.0189,30.2368],[81.0072,30.2406],[80.9905,30.2468],[80.9789,30.239],[80.9613,30.2376],[80.9374,30.2348],[80.923,30.2317],[80.9119,30.2232],[80.9012,30.2131],[80.8857,30.1944],[80.8818,30.1813],[80.8699,30.1757],[80.8731,30.1609],[80.8752,30.1443],[80.8805,30.1325],[80.8697,30.1254],[80.8567,30.1203],[80.8436,30.1105],[80.8392,30.0977],[80.825,30.0999],[80.8118,30.0914],[80.8012,30.0809],[80.7909,30.0693],[80.7823,30.058],[80.7673,30.0519],[80.7574,30.0394],[80.7599,30.0276],[80.7532,30.0126],[80.7398,29.9995],[80.7213,30.0004],[80.7141,29.9902],[80.7023,29.98],[80.6918,29.9741],[80.6839,29.9625],[80.6582,29.9551],[80.6414,29.9612],[80.6299,29.965],[80.616,29.9606],[80.5922,29.9484],[80.581,29.9325],[80.5728,29.9151],[80.5731,29.9011],[80.5677,29.8792],[80.5586,29.8706],[80.5531,29.8564],[80.5454,29.8463],[80.5329,29.8382],[80.5242,29.8277],[80.509,29.823],[80.4992,29.811],[80.4972,29.7975],[80.4845,29.7964],[80.4657,29.8023],[80.4496,29.7991],[80.4377,29.8057],[80.4195,29.796],[80.4085,29.7898],[80.4016,29.7738],[80.3993,29.7593],[80.3869,29.7585],[80.3741,29.7491],[80.3659,29.7402],[80.3677,29.7249],[80.3762,29.7128],[80.3816,29.701],[80.3822,29.6886],[80.386,29.675],[80.3922,29.6645],[80.4082,29.6596],[80.4182,29.6512],[80.4219,29.6391],[80.4199,29.6264],[80.4098,29.6151],[80.4095,29.5949],[80.3932,29.5816],[80.3808,29.5715],[80.3654,29.5641],[80.3506,29.5554],[80.3434,29.5416],[80.359,29.5337],[80.3501,29.5235],[80.3442,29.511],[80.3325,29.5081],[80.315,29.4978],[80.3152,29.4848],[80.3028,29.4893],[80.2948,29.4789],[80.2953,29.4643],[80.3045,29.4544],[80.2901,29.4501],[80.2771,29.4584],[80.2686,29.4485],[80.2523,29.4473],[80.249,29.4324],[80.2477,29.416],[80.2556,29.404],[80.2658,29.3972],[80.2769,29.3922],[80.2806,29.3789],[80.2729,29.3637],[80.281,29.3505],[80.2922,29.3366],[80.2986,29.3237],[80.3113,29.3221],[80.3176,29.3082],[80.313,29.2915],[80.3057,29.2729],[80.3011,29.2617],[80.3002,29.2496],[80.2924,29.2319],[80.2968,29.2176],[80.299,29.205],[80.2913,29.1952],[80.2766,29.207],[80.2625,29.2066],[80.2544,29.2214],[80.2462,29.2124],[80.2436,29.2004],[80.2596,29.1874],[80.2623,29.1747],[80.2673,29.1534],[80.2734,29.142],[80.261,29.1399],[80.2505,29.129],[80.2397,29.1212],[80.2114,29.1218],[80.1972,29.1314],[80.186,29.1373],[80.1766,29.1267],[80.1655,29.1169],[80.146,29.103],[80.1314,29.0645],[80.1281,29.0317],[80.1278,29.017],[80.1379,29.0095],[80.1196,28.9817],[80.1019,28.9864],[80.0671,28.9273],[80.0601,28.9163],[80.0629,28.8832],[80.0663,28.8373],[80.0341,28.8098],[80.0257,28.7999],[80.0362,28.7907],[80.0382,28.7751],[80.0348,28.7632],[80.023,28.7487],[80.0136,28.7374],[80.0029,28.7269],[79.9883,28.717],[79.9748,28.7168],[79.9529,28.7175],[79.9409,28.7215],[79.9295,28.7265],[79.9223,28.7383],[79.9181,28.7522],[79.9101,28.7633],[79.8993,28.7739],[79.8889,28.7858],[79.8981,28.7949],[79.886,28.7988],[79.8731,28.7965],[79.8597,28.7985],[79.8465,28.805],[79.8462,28.8213],[79.8604,28.8179],[79.8756,28.8183],[79.871,28.8307],[79.8556,28.8391],[79.8441,28.8435],[79.8297,28.8467],[79.8138,28.8317],[79.8147,28.8191],[79.805,28.8087],[79.792,28.803],[79.7821,28.8132],[79.7948,28.8147],[79.8012,28.8296],[79.7937,28.8393],[79.7946,28.8529],[79.8081,28.8563],[79.8057,28.8691],[79.7916,28.8704],[79.7745,28.8918],[79.762,28.8897],[79.75,28.8934],[79.7404,28.8832],[79.7284,28.8851],[79.7156,28.8818],[79.7056,28.8724],[79.6923,28.8683],[79.6843,28.8573],[79.6671,28.8541],[79.6541,28.8487],[79.6411,28.8565],[79.624,28.8627],[79.6135,28.8687],[79.5981,28.8649],[79.582,28.8558],[79.5719,28.849],[79.5594,28.8467],[79.5477,28.8543],[79.5513,28.8661],[79.554,28.8785],[79.5433,28.8907],[79.5299,28.8869],[79.5226,28.8763],[79.5141,28.8676],[79.5025,28.8628],[79.4865,28.8646],[79.4678,28.8649],[79.4551,28.8601],[79.4398,28.861],[79.4275,28.8573],[79.4112,28.8559],[79.4049,28.8675],[79.3979,28.881],[79.4004,28.8956],[79.4001,28.911],[79.4026,28.929],[79.3894,28.9383],[79.377,28.937],[79.3722,28.9512],[79.3651,28.962],[79.3529,28.9612],[79.3439,28.9531],[79.3288,28.9554],[79.3166,28.9568],[79.3047,28.9539],[79.286,28.9605],[79.2737,28.9729],[79.2643,28.9821],[79.25,28.9922],[79.2394,28.9999],[79.2215,29.0173],[79.2112,29.0237],[79.1991,29.0253],[79.183,29.0242],[79.1686,29.0159],[79.1583,29.0229],[79.1602,29.0433],[79.1535,29.0548],[79.137,29.0693],[79.1347,29.0819],[79.1432,29.0989],[79.1422,29.1197],[79.1308,29.1294],[79.1178,29.1339],[79.1007,29.1317],[79.0729,29.152],[79.0595,29.1563],[79.0461,29.1547],[79.0382,29.1663],[79.027,29.1723],[79.0274,29.1559],[79.0134,29.1577],[79.012,29.1449],[79.019,29.1351],[79.031,29.1302],[79.0219,29.1189],[79.0066,29.1205],[78.9947,29.1254],[78.9835,29.1373],[78.979,29.1548],[78.9666,29.1656],[78.9515,29.1597],[78.9444,29.1496],[78.9236,29.1571],[78.9145,29.149],[78.9004,29.1506],[78.9048,29.1632],[78.9057,29.1775],[78.8991,29.1906],[78.8992,29.2026],[78.8877,29.2103],[78.8829,29.2253],[78.8701,29.2285],[78.871,29.2407],[78.8579,29.2522],[78.8506,29.2622],[78.8341,29.2562],[78.8161,29.2538],[78.7999,29.2579],[78.7874,29.2653],[78.7586,29.2867],[78.7468,29.3027],[78.7314,29.311],[78.7139,29.3174],[78.7273,29.3175],[78.7257,29.33],[78.7415,29.3326],[78.747,29.3433],[78.7574,29.3498],[78.7659,29.3411],[78.7791,29.3423],[78.7888,29.3293],[78.7979,29.3383],[78.7901,29.3504],[78.8068,29.3732],[78.8116,29.3847],[78.8118,29.3723],[78.8239,29.3684],[78.8363,29.3714],[78.8568,29.3856],[78.8702,29.3924],[78.8828,29.4048],[78.8906,29.4164],[78.9004,29.4467],[78.9229,29.4562],[78.9003,29.4562],[78.8827,29.4578],[78.8658,29.4596],[78.8461,29.4637],[78.8301,29.4685],[78.8167,29.4686],[78.797,29.476],[78.7747,29.4809],[78.7423,29.5012],[78.7266,29.5087],[78.7083,29.5094],[78.6934,29.5089],[78.6766,29.5214],[78.6504,29.5407],[78.6396,29.5478],[78.6215,29.5529],[78.6052,29.5618],[78.5765,29.5806],[78.5612,29.5937],[78.5305,29.6239],[78.5177,29.6392],[78.5115,29.6507],[78.5096,29.6685],[78.5074,29.6908],[78.5018,29.7117],[78.4902,29.7249],[78.4876,29.7414],[78.4736,29.7485],[78.4522,29.7521],[78.4321,29.7581],[78.4126,29.7724],[78.3984,29.7721],[78.386,29.7739],[78.3513,29.7863],[78.3385,29.7925],[78.3029,29.7576],[78.2819,29.7423],[78.2648,29.7268],[78.2314,29.7041],[78.2213,29.7176],[78.1935,29.7101],[78.1822,29.6916],[78.1659,29.6795],[78.1391,29.6761],[78.134,29.6585],[78.1148,29.6452],[78.107,29.6332],[78.0942,29.628],[78.0887,29.6133],[78.0821,29.6018],[78.0683,29.6014],[78.0507,29.5981],[78.0398,29.588],[78.0407,29.5753],[78.0383,29.5614],[78.0193,29.5541],[78.0035,29.5561],[77.988,29.5459],[77.9789,29.5541],[77.9788,29.5682],[77.984,29.5799],[77.9696,29.5852],[77.956,29.5844],[77.9488,29.5955],[77.951,29.6078],[77.9663,29.6117],[77.9749,29.6225],[77.9747,29.6381],[77.9675,29.6491],[77.9679,29.6615],[77.9728,29.6725],[77.9583,29.6768],[77.9473,29.6871],[77.9411,29.7],[77.952,29.7054],[77.9408,29.7146],[77.9272,29.7146],[77.9107,29.7055],[77.8999,29.6978],[77.8868,29.7007],[77.8739,29.702],[77.8585,29.6881],[77.8471,29.6806],[77.8343,29.6719],[77.8213,29.669],[77.8045,29.6769],[77.7925,29.6819],[77.7974,29.6978],[77.7827,29.7083],[77.7698,29.7099],[77.7577,29.7159],[77.7679,29.7306],[77.7619,29.7438],[77.7617,29.7558],[77.7635,29.7704],[77.7647,29.7855],[77.753,29.7974],[77.7421,29.8095],[77.7423,29.8246],[77.732,29.8346],[77.7301,29.8531],[77.7133,29.8565],[77.7033,29.8677],[77.7025,29.8857],[77.713,29.8916],[77.7201,29.9028],[77.7311,29.9113],[77.7288,29.9286],[77.7177,29.935],[77.729,29.9456],[77.7401,29.9589],[77.7441,29.9719],[77.731,29.9843],[77.7408,29.9941],[77.7432,30.006],[77.7533,30.0174],[77.7678,30.0229],[77.7701,30.0369],[77.7598,30.0449],[77.7644,30.0609],[77.7719,30.0725],[77.7787,30.0854],[77.7851,30.0968],[77.7977,30.0989],[77.8081,30.0902],[77.82,30.0936],[77.8253,30.1047],[77.8361,30.11],[77.8447,30.1195],[77.8523,30.1309],[77.8599,30.1416],[77.8655,30.1551],[77.8766,30.167],[77.8879,30.1787],[77.8971,30.1882],[77.8999,30.204],[77.9044,30.2152],[77.9145,30.2218],[77.9232,30.2318],[77.9303,30.243],[77.9219,30.2517],[77.9103,30.2593],[77.8964,30.266],[77.8822,30.2705],[77.8689,30.2721],[77.8559,30.2739],[77.8425,30.2803],[77.8287,30.2847],[77.8124,30.2908],[77.7993,30.2976],[77.7889,30.3037],[77.7773,30.3099],[77.765,30.3174],[77.7513,30.3246],[77.7377,30.3282],[77.7255,30.3329],[77.7131,30.3379],[77.7011,30.3475],[77.6928,30.3572],[77.6843,30.3682],[77.6775,30.3791],[77.6658,30.3834],[77.6597,30.3939],[77.6476,30.3981],[77.6394,30.4071],[77.6255,30.4071],[77.6112,30.4076],[77.599,30.4089],[77.587,30.4081],[77.575,30.4117],[77.5631,30.4045],[77.5629,30.4171],[77.5746,30.4265],[77.5904,30.4338],[77.6038,30.4374],[77.6167,30.4362],[77.6305,30.4362],[77.6378,30.4495],[77.6532,30.4495],[77.6791,30.4517],[77.6901,30.4629],[77.7047,30.4734],[77.7214,30.4778],[77.7366,30.4873],[77.7475,30.494],[77.7634,30.5002],[77.7882,30.5061],[77.7992,30.5114],[77.805,30.5248],[77.8122,30.538],[77.8068,30.5493],[77.8032,30.5638],[77.7906,30.5603],[77.7783,30.5574],[77.7665,30.5635],[77.7535,30.5702],[77.7462,30.5844],[77.7319,30.5962],[77.7348,30.6082],[77.7497,30.6014],[77.7556,30.6162],[77.7722,30.6178],[77.7723,30.6324],[77.7722,30.645],[77.7749,30.6585],[77.7629,30.6684],[77.7479,30.6781],[77.7366,30.6828],[77.7336,30.6975],[77.7411,30.7107],[77.7323,30.7207],[77.7222,30.7306],[77.7129,30.7395],[77.7007,30.745],[77.6904,30.7513],[77.6883,30.7687],[77.7045,30.779],[77.7154,30.7942],[77.7194,30.8083],[77.7309,30.8194],[77.7404,30.8277],[77.7409,30.8402],[77.7315,30.8508],[77.7396,30.8602],[77.7409,30.8743],[77.7511,30.8827],[77.7618,30.8751],[77.769,30.863],[77.7894,30.8585],[77.7835,30.8721],[77.7844,30.8884],[77.7909,30.9007],[77.8008,30.9127],[77.7956,30.9238],[77.7819,30.9262],[77.7673,30.9205],[77.7522,30.921],[77.7465,30.934],[77.7357,30.942],[77.7346,30.9596],[77.7539,30.9768],[77.7709,30.9757],[77.7876,30.9657],[77.8023,30.9551],[77.8171,30.9536],[77.8046,30.961],[77.7964,30.9698],[77.8032,30.9797],[77.8075,30.9938],[77.8247,31.0052],[77.8188,31.0158],[77.8216,31.0299],[77.8107,31.0436],[77.8049,31.0588],[77.8195,31.0649],[77.831,31.077],[77.8428,31.0813],[77.8504,31.0952],[77.8515,31.111],[77.8728,31.1232],[77.8804,31.1374],[77.8897,31.149],[77.9022,31.1588],[77.9147,31.1566],[77.9344,31.1673],[77.946,31.1762],[77.9694,31.1652],[77.9852,31.168],[78.0077,31.1571],[78.0162,31.1715],[78.0269,31.1802],[78.0387,31.1872],[78.0538,31.1929],[78.0711,31.1928],[78.0877,31.1908],[78.1008,31.1998],[78.1138,31.2062],[78.1349,31.2161],[78.1458,31.2269],[78.1604,31.2319],[78.1765,31.23],[78.1876,31.2222],[78.2003,31.2257],[78.2068,31.2372],[78.2326,31.235],[78.2426,31.2434],[78.2532,31.2529],[78.269,31.2714],[78.2885,31.2642],[78.2968,31.2845],[78.3169,31.2851],[78.3361,31.2875],[78.3563,31.2909],[78.3693,31.2879],[78.3814,31.2815],[78.3862,31.2696],[78.3913,31.253],[78.4051,31.2487],[78.4195,31.2599],[78.4317,31.2496],[78.4441,31.2442],[78.4572,31.2278],[78.4672,31.2118],[78.4866,31.2042],[78.5141,31.2039],[78.5371,31.2067],[78.5502,31.2185],[78.5619,31.2296],[78.5794,31.235],[78.5954,31.2364],[78.61,31.2311],[78.6283,31.2219],[78.638,31.2084],[78.6477,31.1947],[78.6598,31.2033],[78.6761,31.2032],[78.6956,31.1963],[78.713,31.1967],[78.7495,31.1944],[78.7646,31.1959],[78.7888,31.2045],[78.8032,31.1992],[78.7976,31.1825],[78.8117,31.1694],[78.8159,31.1539],[78.8247,31.1436],[78.8378,31.1307],[78.852,31.1262],[78.8623,31.1124],[78.88,31.1038],[78.8968,31.1056],[78.9038,31.1155],[78.9205,31.1076],[78.9326,31.107],[78.9524,31.1084],[78.9657,31.1154],[78.9849,31.1165],[78.9908,31.1309],[78.9781,31.1457],[78.9775,31.1702],[78.9719,31.1824],[78.9528,31.1898],[78.9417,31.2008],[78.9332,31.2146],[78.9196,31.2231],[78.9099,31.2339],[78.9059,31.2502],[78.9131,31.2607],[78.9167,31.275],[78.916,31.2872],[78.9235,31.3015],[78.9252,31.3144],[78.9254,31.3318],[78.937,31.3425],[78.9522,31.3482],[78.9683,31.3532],[78.9806,31.357],[78.9916,31.364],[78.9946,31.3793],[79.0068,31.4006],[79.0154,31.4102],[79.0272,31.4203],[79.034,31.4446],[79.037,31.4574],[79.0452,31.4681],[79.0568,31.4723],[79.0661,31.4638],[79.0892,31.4552],[79.1001,31.4479],[79.1226,31.4415],[79.1329,31.4347],[79.1419,31.42],[79.1579,31.4041],[79.1701,31.3865],[79.1757,31.3758],[79.1861,31.3637],[79.1948,31.3536]]]}},{"type":"Feature","properties":{"name":"West Bengal","id":"west-bengal"},"geometry":{"type":"MultiPolygon","coordinates":[[[[88.0186,21.5728],[88.0186,21.5728]]],[[[88.4977,21.5998],[88.5076,21.5926],[88.5181,21.5864],[88.5297,21.5831],[88.5303,21.5711],[88.5297,21.5578],[88.5322,21.5447],[88.5206,21.5408],[88.5075,21.5408],[88.5103,21.5547],[88.5039,21.565],[88.5073,21.5534],[88.4987,21.5448],[88.4883,21.5511],[88.481,21.5609],[88.4831,21.5728],[88.4856,21.5853],[88.4917,21.5961],[88.4977,21.5998]]],[[[88.1778,21.6011],[88.1797,21.5892],[88.1889,21.5814],[88.1858,21.5681],[88.1736,21.5686],[88.1711,21.5817],[88.1681,21.5939],[88.1778,21.6011]]],[[[88.8347,21.6072],[88.8447,21.6003],[88.8567,21.5986],[88.8681,21.5947],[88.8783,21.5881],[88.8883,21.5814],[88.8969,21.5712],[88.9033,21.5608],[88.8964,21.5508],[88.8844,21.5494],[88.8722,21.5492],[88.86,21.55],[88.8469,21.5522],[88.8369,21.5594],[88.8311,21.5706],[88.8306,21.5831],[88.8311,21.5953],[88.834,21.607],[88.8347,21.6072]]],[[[88.7289,21.6371],[88.7335,21.6259],[88.7342,21.6136],[88.7438,21.6063],[88.7551,21.6015],[88.7484,21.5913],[88.7472,21.5783],[88.7358,21.5717],[88.7239,21.5742],[88.7133,21.5803],[88.7078,21.5912],[88.71,21.6048],[88.7122,21.6167],[88.7153,21.6283],[88.7224,21.6382],[88.7289,21.6371]]],[[[88.5372,21.6386],[88.5478,21.6325],[88.5597,21.6303],[88.5703,21.6236],[88.5803,21.6144],[88.5867,21.6042],[88.5864,21.5922],[88.5818,21.581],[88.5728,21.5725],[88.5611,21.5694],[88.55,21.5636],[88.5431,21.575],[88.5372,21.5861],[88.5475,21.593],[88.5572,21.6003],[88.5468,21.594],[88.5357,21.5889],[88.5253,21.595],[88.5137,21.5983],[88.5125,21.6103],[88.5191,21.6206],[88.5211,21.6328],[88.5206,21.6449],[88.5335,21.6421],[88.5372,21.6386]]],[[[88.8924,21.6521],[88.8924,21.6521]]],[[[88.7719,21.6531],[88.7728,21.6406],[88.7711,21.6281],[88.7769,21.6172],[88.7852,21.6083],[88.7822,21.5961],[88.7937,21.5997],[88.7956,21.5875],[88.7853,21.5803],[88.7733,21.5786],[88.7581,21.5761],[88.7486,21.584],[88.7545,21.595],[88.7488,21.6061],[88.7374,21.6108],[88.7356,21.6228],[88.7305,21.6337],[88.7356,21.6446],[88.7477,21.6455],[88.7584,21.6511],[88.7699,21.6556],[88.7719,21.6531]]],[[[88.9658,21.6415],[88.978,21.6434],[88.9902,21.6444],[88.9942,21.6329],[88.9925,21.6208],[88.9831,21.6131],[88.9707,21.6133],[88.9583,21.6167],[88.9528,21.6278],[88.9458,21.6383],[88.9414,21.6497],[88.9459,21.6612],[88.9518,21.6718],[88.9615,21.6646],[88.9618,21.6525],[88.9658,21.6415]]],[[[88.6344,21.6567],[88.6314,21.6689],[88.6391,21.6782],[88.6383,21.6661],[88.6344,21.6567]]],[[[88.5769,21.6917],[88.58,21.6796],[88.585,21.6682],[88.5872,21.6564],[88.5964,21.6478],[88.5997,21.6361],[88.6053,21.6254],[88.5939,21.6189],[88.5832,21.6245],[88.573,21.6311],[88.5614,21.6346],[88.5536,21.644],[88.5608,21.6537],[88.5689,21.6628],[88.5716,21.6745],[88.5684,21.6863],[88.5769,21.6917]]],[[[88.5919,21.6942],[88.6015,21.6867],[88.6053,21.6747],[88.5986,21.6642],[88.5885,21.6573],[88.5866,21.6692],[88.5817,21.6802],[88.5906,21.6887],[88.5875,21.7003],[88.5919,21.6942]]],[[[88.9845,21.7057],[88.99,21.695],[88.9914,21.6825],[88.9925,21.6703],[88.9869,21.6578],[88.9954,21.649],[89.0077,21.6501],[89.019,21.6553],[89.0213,21.6431],[89.0246,21.6315],[89.035,21.6253],[89.0364,21.6133],[89.0276,21.6049],[89.0157,21.6026],[89.0036,21.6021],[88.9983,21.6136],[88.9972,21.6256],[88.9948,21.6377],[88.986,21.6461],[88.9741,21.6436],[88.9632,21.6491],[88.9635,21.6615],[88.9594,21.6731],[88.9544,21.6864],[88.9512,21.6984],[88.9631,21.7005],[88.9751,21.6987],[88.9845,21.7057]]],[[[88.8067,21.7067],[88.81,21.695],[88.8092,21.6828],[88.8069,21.6697],[88.8022,21.6581],[88.79,21.6569],[88.7789,21.6628],[88.7664,21.6647],[88.7492,21.6733],[88.7389,21.68],[88.7506,21.6833],[88.7625,21.6861],[88.7722,21.6936],[88.7836,21.6989],[88.7947,21.7042],[88.8067,21.7067]]],[[[88.3111,21.7064],[88.3231,21.7058],[88.335,21.7006],[88.3433,21.6919],[88.3498,21.6811],[88.3492,21.6689],[88.3486,21.6564],[88.3581,21.6475],[88.3486,21.64],[88.3422,21.6297],[88.3334,21.6207],[88.3225,21.615],[88.3122,21.6083],[88.3064,21.6191],[88.3061,21.6313],[88.3101,21.643],[88.3142,21.6544],[88.3167,21.6668],[88.3154,21.6791],[88.3106,21.6903],[88.303,21.6999],[88.3111,21.7064]]],[[[88.454,21.7093],[88.46,21.6984],[88.4657,21.6873],[88.4696,21.6758],[88.4647,21.6645],[88.4619,21.6525],[88.4583,21.6408],[88.4536,21.6292],[88.4468,21.619],[88.4397,21.629],[88.4327,21.6392],[88.4241,21.6478],[88.4206,21.6593],[88.4206,21.6735],[88.4194,21.6861],[88.4277,21.695],[88.4352,21.7048],[88.447,21.7092],[88.454,21.7093]]],[[[88.6971,21.7129],[88.6989,21.7006],[88.7023,21.6888],[88.7098,21.6791],[88.7197,21.6716],[88.7295,21.664],[88.7388,21.656],[88.7498,21.6508],[88.7386,21.6457],[88.7279,21.6402],[88.7173,21.6465],[88.7105,21.6565],[88.7022,21.6653],[88.6944,21.6756],[88.6891,21.6865],[88.6932,21.6979],[88.6963,21.7095],[88.6971,21.7129]]],[[[88.2045,21.7212],[88.2119,21.7114],[88.2162,21.7],[88.2043,21.6972],[88.1947,21.6894],[88.1978,21.6775],[88.2085,21.6714],[88.2205,21.6705],[88.2269,21.6603],[88.2301,21.6484],[88.2272,21.6367],[88.2179,21.6286],[88.2106,21.6181],[88.2128,21.6061],[88.2031,21.6142],[88.1987,21.6255],[88.1939,21.637],[88.1907,21.6488],[88.1867,21.6605],[88.1835,21.6721],[88.1824,21.6842],[88.1842,21.6967],[88.1883,21.7081],[88.1992,21.7178],[88.2045,21.7212]]],[[[89.0592,21.7218],[89.0656,21.7116],[89.0706,21.6997],[89.065,21.689],[89.0781,21.6836],[89.0861,21.6742],[89.0925,21.664],[89.0947,21.6522],[89.094,21.6401],[89.0862,21.6307],[89.0757,21.6245],[89.0645,21.6201],[89.0526,21.6183],[89.0427,21.6261],[89.0342,21.6347],[89.0261,21.6437],[89.0264,21.6561],[89.023,21.6679],[89.024,21.68],[89.0251,21.6924],[89.0183,21.7023],[89.0229,21.714],[89.0339,21.7197],[89.0459,21.7217],[89.0585,21.7221],[89.0592,21.7218]]],[[[88.978,21.7269],[88.9899,21.7238],[88.9994,21.7159],[89.0115,21.7173],[89.0076,21.7059],[89.0185,21.6998],[89.0239,21.6889],[89.0211,21.6747],[89.0179,21.6631],[89.0093,21.6533],[88.9972,21.6517],[88.9895,21.6611],[88.9956,21.6719],[88.9936,21.6842],[88.9919,21.6961],[88.9847,21.7106],[88.9733,21.7183],[88.978,21.7269]]],[[[88.5457,21.7361],[88.5573,21.7322],[88.5699,21.7324],[88.5751,21.7213],[88.5839,21.7131],[88.5864,21.7012],[88.5874,21.6891],[88.5762,21.6943],[88.5703,21.705],[88.561,21.7126],[88.5546,21.7229],[88.5601,21.7119],[88.5686,21.7034],[88.5569,21.7064],[88.566,21.698],[88.5656,21.6856],[88.5686,21.6728],[88.5645,21.6614],[88.5557,21.6528],[88.5514,21.6408],[88.5393,21.6413],[88.5311,21.6503],[88.53,21.6625],[88.5306,21.6747],[88.527,21.6866],[88.5225,21.698],[88.5176,21.7092],[88.5283,21.7189],[88.5337,21.7299],[88.5443,21.7363],[88.5457,21.7361]]],[[[88.1956,21.7245],[88.2001,21.7358],[88.1956,21.7245]]],[[[88.8831,21.7453],[88.8936,21.7392],[88.9053,21.7297],[88.9144,21.7214],[88.9203,21.71],[88.9311,21.7039],[88.94,21.6958],[88.9399,21.6838],[88.9369,21.6719],[88.9328,21.6606],[88.9272,21.6497],[88.9239,21.6369],[88.9122,21.6408],[88.9037,21.65],[88.8922,21.6551],[88.8845,21.6647],[88.8842,21.6767],[88.8792,21.6881],[88.8725,21.6983],[88.8717,21.7103],[88.8736,21.7222],[88.8783,21.7336],[88.8822,21.7453],[88.8831,21.7453]]],[[[88.4123,21.7313],[88.4194,21.7214],[88.4246,21.7094],[88.4212,21.6978],[88.4128,21.6886],[88.4123,21.6764],[88.4119,21.6643],[88.4133,21.652],[88.421,21.6425],[88.4292,21.6336],[88.428,21.6211],[88.4158,21.6203],[88.4075,21.6114],[88.4072,21.5992],[88.395,21.6019],[88.3874,21.6115],[88.3897,21.6233],[88.3836,21.6339],[88.387,21.6457],[88.384,21.6576],[88.3817,21.6697],[88.3803,21.6817],[88.3888,21.6908],[88.3984,21.6981],[88.4041,21.709],[88.4014,21.721],[88.3903,21.7264],[88.3783,21.7253],[88.3867,21.7339],[88.3922,21.7448],[88.4021,21.7375],[88.4123,21.7313]]],[[[88.2209,21.7621],[88.2332,21.7605],[88.245,21.7576],[88.2572,21.7558],[88.2692,21.755],[88.2683,21.7428],[88.2616,21.7327],[88.2728,21.728],[88.2792,21.7169],[88.2852,21.7061],[88.2939,21.6972],[88.3021,21.6877],[88.3094,21.6778],[88.3086,21.6656],[88.3025,21.6552],[88.2967,21.6442],[88.2928,21.6325],[88.2889,21.6211],[88.2892,21.6086],[88.2894,21.5964],[88.3014,21.5892],[88.3044,21.5775],[88.2967,21.5681],[88.2858,21.5617],[88.2736,21.5594],[88.2608,21.56],[88.2492,21.5642],[88.2408,21.5731],[88.2453,21.5844],[88.2428,21.5967],[88.235,21.6061],[88.2242,21.6119],[88.2207,21.6235],[88.2304,21.6308],[88.2361,21.6416],[88.2333,21.6536],[88.2331,21.6656],[88.2245,21.6755],[88.2124,21.6743],[88.2015,21.6795],[88.2025,21.6917],[88.2142,21.6946],[88.2206,21.7051],[88.2147,21.7156],[88.2112,21.7271],[88.2144,21.7389],[88.2139,21.7509],[88.218,21.7622],[88.2209,21.7621]]],[[[88.9271,21.7619],[88.9395,21.76],[88.9508,21.7556],[88.9626,21.753],[88.9658,21.7414],[88.9781,21.7428],[88.9753,21.7308],[88.9694,21.72],[88.9781,21.7114],[88.9745,21.6998],[88.9619,21.7019],[88.9498,21.7025],[88.9403,21.71],[88.9297,21.7161],[88.927,21.7278],[88.9306,21.7394],[88.9278,21.7512],[88.9228,21.7624],[88.9271,21.7619]]],[[[88.3654,21.7642],[88.3648,21.7522],[88.3608,21.7403],[88.3639,21.7278],[88.3717,21.7183],[88.3838,21.7186],[88.3955,21.7158],[88.3907,21.7048],[88.38,21.6989],[88.3694,21.6931],[88.359,21.6869],[88.3496,21.6945],[88.3419,21.7044],[88.3425,21.7165],[88.3489,21.7269],[88.345,21.7386],[88.3423,21.7507],[88.3485,21.7617],[88.3605,21.7642],[88.3654,21.7642]]],[[[89.0051,21.765],[89.017,21.7628],[89.0269,21.7555],[89.035,21.7458],[89.0447,21.7367],[89.0554,21.7301],[89.0454,21.7232],[89.0325,21.7213],[89.0209,21.7173],[89.0175,21.7289],[89.0104,21.7388],[89.0028,21.7482],[89,21.7603],[89.0051,21.765]]],[[[88.8317,21.7661],[88.8439,21.7642],[88.8564,21.7619],[88.8631,21.7517],[88.8533,21.7433],[88.8468,21.7328],[88.8425,21.7211],[88.84,21.7089],[88.8408,21.6969],[88.8417,21.6847],[88.8461,21.6733],[88.8512,21.6624],[88.8568,21.6515],[88.8605,21.6397],[88.8536,21.6292],[88.8436,21.6361],[88.8397,21.6475],[88.8422,21.6355],[88.8458,21.6239],[88.8335,21.6227],[88.822,21.6275],[88.8114,21.6339],[88.8131,21.6461],[88.8194,21.6564],[88.8228,21.6697],[88.8197,21.6813],[88.818,21.6939],[88.8175,21.7064],[88.8086,21.7145],[88.7966,21.7152],[88.785,21.71],[88.775,21.7031],[88.7631,21.7002],[88.7719,21.7084],[88.7816,21.716],[88.7816,21.7281],[88.7915,21.7349],[88.7906,21.7469],[88.8027,21.747],[88.8144,21.7514],[88.8232,21.7597],[88.8317,21.7661]]],[[[88.3849,21.7644],[88.389,21.7526],[88.3867,21.7407],[88.3748,21.7375],[88.3642,21.7318],[88.3611,21.744],[88.3671,21.7547],[88.3743,21.7644],[88.3849,21.7644]]],[[[88.2005,21.7686],[88.2005,21.7686]]],[[[88.2828,21.765],[88.2828,21.765]]],[[[88.5822,21.7778],[88.585,21.7661],[88.5856,21.7539],[88.5964,21.7478],[88.6081,21.7436],[88.6192,21.7387],[88.6153,21.7271],[88.6032,21.7241],[88.592,21.7193],[88.5811,21.7244],[88.5828,21.7363],[88.5836,21.7484],[88.5774,21.7587],[88.5695,21.7681],[88.5783,21.7767],[88.5822,21.7778]]],[[[88.3025,21.7246],[88.3009,21.7126],[88.2889,21.7141],[88.2822,21.7242],[88.2772,21.7361],[88.2821,21.7472],[88.2864,21.7587],[88.2867,21.771],[88.2985,21.7677],[88.3025,21.7561],[88.3041,21.7439],[88.3056,21.7317],[88.3025,21.7246]]],[[[88.5053,21.783],[88.5053,21.783]]],[[[88.9997,21.7855],[89.011,21.7812],[89.0012,21.7735],[88.9975,21.7619],[89,21.75],[89.0064,21.7398],[89.0144,21.7307],[89.0145,21.7186],[89.0027,21.7162],[88.993,21.7237],[88.9808,21.7272],[88.9869,21.7379],[88.9765,21.744],[88.9664,21.7507],[88.9553,21.7556],[88.9626,21.7656],[88.9722,21.773],[88.9814,21.7814],[88.9915,21.7883],[88.9997,21.7855]]],[[[88.6097,21.7903],[88.6194,21.7817],[88.6239,21.7692],[88.6272,21.7575],[88.6298,21.7454],[88.6275,21.7333],[88.6219,21.7225],[88.6142,21.7119],[88.602,21.7118],[88.61,21.7208],[88.6208,21.7269],[88.6214,21.7392],[88.6102,21.7466],[88.5986,21.7503],[88.5873,21.755],[88.5881,21.7674],[88.5892,21.7794],[88.5975,21.7881],[88.6094,21.79],[88.6097,21.7903]]],[[[88.274,21.7908],[88.2858,21.7873],[88.2847,21.7753],[88.2728,21.7775],[88.2656,21.7874],[88.274,21.7908]]],[[[88.1833,21.7875],[88.1833,21.7875]]],[[[88.4586,21.7887],[88.4694,21.794],[88.4728,21.7822],[88.4703,21.7704],[88.4694,21.7581],[88.4664,21.7433],[88.4642,21.7314],[88.4567,21.7219],[88.4515,21.7107],[88.4396,21.7091],[88.4281,21.7133],[88.429,21.7254],[88.4253,21.7371],[88.4264,21.7495],[88.4244,21.7614],[88.4292,21.7725],[88.4388,21.7803],[88.4422,21.7919],[88.4544,21.7906],[88.4586,21.7887]]],[[[88.7162,21.8074],[88.7211,21.7964],[88.7275,21.7859],[88.7347,21.7759],[88.7461,21.7711],[88.7541,21.7618],[88.7528,21.7497],[88.7508,21.7378],[88.7585,21.7278],[88.7705,21.7259],[88.7661,21.7147],[88.7549,21.7103],[88.7436,21.7146],[88.7537,21.708],[88.7586,21.6968],[88.7599,21.6846],[88.7478,21.6836],[88.7368,21.6889],[88.7402,21.6772],[88.7502,21.6703],[88.748,21.6583],[88.7395,21.667],[88.7308,21.6753],[88.7205,21.6817],[88.7113,21.6899],[88.7084,21.7019],[88.7063,21.714],[88.7017,21.7251],[88.6975,21.7369],[88.6956,21.75],[88.701,21.7608],[88.7051,21.7724],[88.7106,21.7833],[88.7119,21.7956],[88.7151,21.8073],[88.7162,21.8074]]],[[[88.1711,21.8086],[88.1728,21.7961],[88.1669,21.8067],[88.1711,21.8086]]],[[[88.5446,21.8103],[88.5563,21.8059],[88.5653,21.7978],[88.5722,21.7878],[88.5645,21.7778],[88.5624,21.7657],[88.5675,21.7539],[88.5722,21.7422],[88.5645,21.7326],[88.5529,21.7366],[88.5406,21.7368],[88.5315,21.7283],[88.5244,21.7186],[88.5159,21.7271],[88.5114,21.7383],[88.5056,21.7489],[88.5077,21.7609],[88.5174,21.768],[88.5272,21.7758],[88.5336,21.7863],[88.5265,21.7765],[88.5167,21.7689],[88.5058,21.763],[88.506,21.7753],[88.5124,21.7856],[88.5205,21.7945],[88.5303,21.8036],[88.5406,21.8106],[88.5446,21.8103]]],[[[88.4218,21.8111],[88.4284,21.8008],[88.4406,21.8005],[88.4395,21.788],[88.4317,21.7784],[88.4226,21.7705],[88.4222,21.7583],[88.4214,21.7458],[88.4236,21.7336],[88.4247,21.7215],[88.4156,21.7297],[88.4059,21.7372],[88.4028,21.7489],[88.3957,21.7586],[88.3896,21.769],[88.3827,21.7791],[88.3922,21.7869],[88.4013,21.7948],[88.4107,21.8024],[88.4197,21.8108],[88.4218,21.8111]]],[[[88.9996,21.8117],[89.0116,21.8114],[89.0145,21.7988],[89.0151,21.7867],[89.0182,21.7748],[89.0217,21.7633],[89.0098,21.7663],[88.998,21.769],[89.0085,21.775],[89.0037,21.7861],[88.992,21.7894],[88.9943,21.8016],[88.9996,21.8117]]],[[[88.7506,21.7954],[88.7536,21.7837],[88.7472,21.7733],[88.7354,21.7762],[88.7289,21.7869],[88.7361,21.7969],[88.7428,21.8071],[88.7504,21.7973],[88.7506,21.7954]]],[[[88.8281,21.804],[88.822,21.7929],[88.8216,21.7808],[88.8278,21.7698],[88.821,21.7598],[88.8123,21.7515],[88.8003,21.7495],[88.7889,21.7533],[88.7839,21.7645],[88.7903,21.7747],[88.7975,21.7846],[88.8013,21.7962],[88.8111,21.8061],[88.8173,21.8167],[88.8287,21.8129],[88.8281,21.804]]],[[[88.7875,21.745],[88.7814,21.7344],[88.769,21.7325],[88.7567,21.7334],[88.7549,21.7454],[88.7625,21.7553],[88.7579,21.7667],[88.7588,21.7789],[88.7669,21.7879],[88.7706,21.7995],[88.7767,21.8099],[88.7797,21.8217],[88.7899,21.8151],[88.7942,21.8022],[88.7928,21.7901],[88.7897,21.7781],[88.7829,21.7682],[88.7839,21.7561],[88.7875,21.745]]],[[[88.9158,21.8258],[88.9278,21.8222],[88.9322,21.8108],[88.9275,21.7997],[88.9181,21.7922],[88.9203,21.7803],[88.9169,21.7678],[88.9122,21.7567],[88.9008,21.7517],[88.8961,21.7644],[88.9003,21.7758],[88.9003,21.7883],[88.8892,21.7939],[88.8831,21.8044],[88.8926,21.8118],[88.9019,21.82],[88.9136,21.8258],[88.9158,21.8258]]],[[[88.1819,21.8258],[88.1819,21.8258]]],[[[88.5594,21.8297],[88.5594,21.8297]]],[[[88.4849,21.8347],[88.4942,21.8269],[88.4997,21.8156],[88.4928,21.8056],[88.4823,21.7995],[88.4702,21.8],[88.4582,21.8013],[88.4503,21.8105],[88.4589,21.8194],[88.47,21.8247],[88.4771,21.8344],[88.4849,21.8347]]],[[[88.9414,21.8472],[88.9481,21.8369],[88.9536,21.8258],[88.9658,21.8228],[88.9747,21.8144],[88.97,21.8028],[88.9583,21.8072],[88.9472,21.8025],[88.9403,21.7922],[88.9436,21.7806],[88.9553,21.7767],[88.9508,21.7653],[88.9353,21.7658],[88.9233,21.7664],[88.9164,21.7561],[88.9194,21.7683],[88.9217,21.7803],[88.9203,21.7925],[88.9292,21.8011],[88.9336,21.8125],[88.9283,21.8236],[88.9247,21.8353],[88.9347,21.8431],[88.9414,21.8472]]],[[[88.5922,21.85],[88.6033,21.8442],[88.6083,21.8331],[88.6094,21.8211],[88.6122,21.8094],[88.6075,21.7981],[88.5953,21.7964],[88.5847,21.8025],[88.578,21.8129],[88.5779,21.8253],[88.5808,21.8372],[88.5869,21.848],[88.5922,21.85]]],[[[88.52,21.8546],[88.5269,21.8444],[88.5158,21.8394],[88.5175,21.8514],[88.52,21.8546]]],[[[88.538,21.8536],[88.538,21.8536]]],[[[88.3311,21.8607],[88.3428,21.8566],[88.3514,21.848],[88.3514,21.836],[88.3511,21.8237],[88.3573,21.8131],[88.3599,21.799],[88.3721,21.7925],[88.378,21.7793],[88.3763,21.7673],[88.3641,21.7669],[88.3521,21.7655],[88.3423,21.7583],[88.3403,21.7463],[88.3422,21.7344],[88.3453,21.7225],[88.3358,21.7147],[88.3249,21.7094],[88.3128,21.7103],[88.3064,21.7207],[88.3097,21.7324],[88.3067,21.7443],[88.3046,21.7565],[88.3003,21.7681],[88.2987,21.7801],[88.3106,21.7824],[88.3112,21.7944],[88.3002,21.7999],[88.3103,21.793],[88.3013,21.7844],[88.2891,21.7836],[88.2799,21.7918],[88.2675,21.7933],[88.2598,21.8027],[88.2659,21.8137],[88.2765,21.8194],[88.288,21.8233],[88.3002,21.826],[88.3099,21.8333],[88.3152,21.8442],[88.3133,21.8561],[88.325,21.8606],[88.3311,21.8607]]],[[[88.8561,21.8653],[88.8617,21.8544],[88.8742,21.8531],[88.8769,21.8383],[88.8794,21.8264],[88.8831,21.8144],[88.8811,21.8019],[88.8878,21.79],[88.8969,21.7817],[88.8936,21.77],[88.8908,21.7583],[88.8969,21.7478],[88.9089,21.7469],[88.9214,21.7436],[88.9161,21.7325],[88.9036,21.7333],[88.8936,21.7406],[88.8828,21.7464],[88.8789,21.7578],[88.8748,21.7691],[88.8646,21.7761],[88.8525,21.7797],[88.8397,21.78],[88.8389,21.7933],[88.8408,21.8053],[88.8406,21.8178],[88.8389,21.8311],[88.8372,21.8431],[88.8442,21.8547],[88.8522,21.8639],[88.8561,21.8653]]],[[[88.5827,21.8655],[88.5827,21.8655]]],[[[88.1369,21.875],[88.142,21.8641],[88.1474,21.8532],[88.1512,21.8413],[88.1572,21.8303],[88.1664,21.8206],[88.1678,21.8086],[88.1637,21.797],[88.1668,21.7854],[88.1703,21.7738],[88.1701,21.7617],[88.1707,21.7496],[88.1695,21.7373],[88.1647,21.7259],[88.1606,21.7145],[88.1564,21.7022],[88.1544,21.6903],[88.1482,21.68],[88.1561,21.6708],[88.1542,21.6589],[88.1522,21.6469],[88.1425,21.6372],[88.1325,21.6297],[88.1206,21.6275],[88.1075,21.6261],[88.0958,21.6289],[88.0839,21.6322],[88.0718,21.6343],[88.0596,21.64],[88.0486,21.6464],[88.0406,21.6556],[88.0378,21.6678],[88.0381,21.6801],[88.0397,21.6921],[88.0425,21.7039],[88.0442,21.7159],[88.0512,21.7258],[88.0614,21.7344],[88.0658,21.7458],[88.0675,21.7578],[88.0708,21.7696],[88.0736,21.7817],[88.0806,21.7916],[88.0864,21.8027],[88.0925,21.8132],[88.0987,21.8237],[88.1036,21.8351],[88.1106,21.845],[88.1169,21.8556],[88.1225,21.8663],[88.1315,21.8749],[88.1369,21.875]]],[[[88.7892,21.8786],[88.7861,21.8669],[88.7967,21.8733],[88.8069,21.8667],[88.8183,21.8708],[88.8281,21.8636],[88.8261,21.8517],[88.8211,21.8397],[88.822,21.8517],[88.8189,21.84],[88.8211,21.8281],[88.8156,21.8172],[88.8094,21.8069],[88.8003,21.7972],[88.7953,21.8094],[88.7894,21.8208],[88.7767,21.8267],[88.7669,21.835],[88.7706,21.8467],[88.7783,21.8561],[88.7781,21.8683],[88.7877,21.8777],[88.7892,21.8786]]],[[[88.9791,21.8935],[88.9906,21.8889],[89.0015,21.8832],[89.0127,21.8774],[89.0229,21.8707],[89.0308,21.8613],[89.0268,21.8497],[89.0145,21.8506],[89.0053,21.8587],[88.9984,21.8693],[89.0041,21.858],[89.0128,21.8494],[89.0249,21.8477],[89.0298,21.8367],[89.0256,21.8249],[89.0174,21.8159],[89.0053,21.8128],[88.9931,21.8131],[88.9919,21.8008],[88.9865,21.7899],[88.9772,21.7808],[88.9652,21.7792],[88.9538,21.7838],[88.9467,21.7938],[88.9545,21.8034],[88.966,21.7999],[88.9767,21.8055],[88.9796,21.8173],[88.9721,21.8272],[88.96,21.8263],[88.9516,21.835],[88.9547,21.8466],[88.9626,21.8558],[88.9731,21.863],[88.9768,21.8745],[88.9717,21.8855],[88.9791,21.8935]]],[[[88.6217,21.8978],[88.6272,21.8867],[88.6347,21.8773],[88.6455,21.8713],[88.6508,21.8603],[88.6503,21.8483],[88.6475,21.8361],[88.6463,21.8238],[88.6431,21.812],[88.643,21.7997],[88.6414,21.7877],[88.6292,21.7881],[88.6205,21.7967],[88.6172,21.8086],[88.6167,21.8208],[88.6189,21.8336],[88.6081,21.8394],[88.6014,21.8495],[88.5969,21.8608],[88.6019,21.8718],[88.6075,21.8825],[88.6144,21.8925],[88.6217,21.8978]]],[[[88.1373,21.8951],[88.1373,21.8951]]],[[[88.8169,21.9011],[88.8289,21.8983],[88.8394,21.8897],[88.8394,21.8775],[88.8317,21.8667],[88.8194,21.8725],[88.8081,21.8683],[88.8047,21.88],[88.81,21.8927],[88.8169,21.9011]]],[[[88.5623,21.8975],[88.5743,21.8944],[88.5754,21.8823],[88.5727,21.8677],[88.5719,21.8553],[88.5672,21.8441],[88.5637,21.8323],[88.5517,21.8307],[88.5534,21.8187],[88.5433,21.8281],[88.5333,21.835],[88.5306,21.8471],[88.5406,21.8539],[88.542,21.8661],[88.5483,21.8766],[88.5491,21.8886],[88.5417,21.8988],[88.5538,21.9004],[88.5623,21.8975]]],[[[88.4255,21.9041],[88.4255,21.9041]]],[[[88.4465,21.9049],[88.4559,21.8969],[88.4673,21.892],[88.4792,21.8892],[88.4844,21.8783],[88.488,21.8646],[88.4903,21.8518],[88.4892,21.8392],[88.4771,21.8374],[88.4681,21.8283],[88.4572,21.8228],[88.4479,21.8148],[88.4512,21.8031],[88.4612,21.7964],[88.4491,21.7997],[88.4367,21.8011],[88.4275,21.809],[88.4155,21.809],[88.4063,21.8006],[88.4006,21.8115],[88.3963,21.8229],[88.3929,21.8345],[88.3979,21.8488],[88.4002,21.8608],[88.4003,21.8728],[88.4089,21.8815],[88.4186,21.8889],[88.4185,21.9012],[88.4305,21.9012],[88.4425,21.9058],[88.4465,21.9049]]],[[[88.7181,21.9072],[88.7275,21.8992],[88.7422,21.8989],[88.7489,21.8889],[88.7575,21.8789],[88.7694,21.8772],[88.7747,21.8661],[88.7692,21.8533],[88.7656,21.8417],[88.7639,21.8286],[88.775,21.8239],[88.7753,21.8117],[88.7681,21.8017],[88.7647,21.7897],[88.7525,21.7894],[88.7508,21.8053],[88.7383,21.8042],[88.7289,21.7967],[88.72,21.8058],[88.7086,21.8106],[88.7036,21.822],[88.715,21.8258],[88.7236,21.8347],[88.7133,21.8269],[88.7014,21.825],[88.6975,21.8367],[88.7006,21.8483],[88.7117,21.8534],[88.6997,21.8531],[88.7014,21.865],[88.7067,21.8758],[88.7125,21.8869],[88.7153,21.8986],[88.7181,21.9072]]],[[[88.1069,21.8936],[88.109,21.9055],[88.1069,21.8936]]],[[[88.5047,21.9128],[88.5019,21.9008],[88.4928,21.8917],[88.4808,21.8947],[88.4819,21.9067],[88.4944,21.9111],[88.5047,21.9128]]],[[[88.4525,21.9063],[88.4525,21.9063]]],[[[88.64,21.9217],[88.6512,21.9166],[88.6634,21.9139],[88.6617,21.9011],[88.6573,21.8895],[88.6531,21.8778],[88.6414,21.8736],[88.6324,21.8817],[88.6286,21.8933],[88.6275,21.9056],[88.6342,21.9156],[88.64,21.9217]]],[[[88.1348,21.9267],[88.1424,21.9174],[88.1381,21.906],[88.1275,21.9003],[88.1199,21.9099],[88.1208,21.9233],[88.1325,21.9272],[88.1348,21.9267]]],[[[88.8366,21.9179],[88.8491,21.9118],[88.8663,21.9137],[88.8781,21.9174],[88.8901,21.9147],[88.9024,21.9189],[88.9122,21.9266],[88.9242,21.9239],[88.9336,21.9161],[88.9444,21.9106],[88.9556,21.9061],[88.9669,21.9014],[88.9667,21.8894],[88.9714,21.8783],[88.9767,21.8675],[88.9653,21.8633],[88.9569,21.8539],[88.9539,21.8656],[88.9519,21.8775],[88.9511,21.8647],[88.9528,21.8514],[88.9472,21.8406],[88.9408,21.8517],[88.9283,21.8525],[88.9178,21.8606],[88.9156,21.8747],[88.9158,21.8625],[88.9236,21.8522],[88.9356,21.8519],[88.9328,21.84],[88.9228,21.8331],[88.9125,21.8264],[88.9017,21.8211],[88.8919,21.8133],[88.8806,21.8203],[88.8811,21.8325],[88.8781,21.8444],[88.8697,21.8542],[88.8572,21.8586],[88.8542,21.8731],[88.8539,21.8856],[88.8464,21.8989],[88.8372,21.9081],[88.8261,21.9133],[88.8203,21.9244],[88.8337,21.9199],[88.8366,21.9179]]],[[[88.7236,21.9319],[88.7306,21.9217],[88.7428,21.9186],[88.7528,21.9258],[88.7683,21.9258],[88.7797,21.9208],[88.7925,21.9172],[88.805,21.9133],[88.8136,21.9033],[88.8086,21.8922],[88.8039,21.8811],[88.795,21.8725],[88.7831,21.8745],[88.7711,21.8781],[88.7592,21.8797],[88.7508,21.8886],[88.745,21.8992],[88.7292,21.8997],[88.7197,21.9086],[88.7175,21.9219],[88.7236,21.9319]]],[[[88.1633,21.9372],[88.1714,21.9283],[88.1666,21.9171],[88.1603,21.9275],[88.1633,21.9372]]],[[[88.7454,21.9797],[88.7541,21.971],[88.7497,21.9594],[88.7595,21.9516],[88.7693,21.9444],[88.7811,21.9467],[88.791,21.9397],[88.8031,21.9392],[88.8,21.9269],[88.7897,21.9203],[88.7791,21.9261],[88.7677,21.93],[88.7553,21.9303],[88.7444,21.9245],[88.7322,21.9262],[88.7247,21.9375],[88.7239,21.9497],[88.7231,21.9617],[88.7237,21.9738],[88.7344,21.9794],[88.7454,21.9797]]],[[[88.7592,21.9986],[88.7528,21.9883],[88.7528,22.0003],[88.7592,21.9986]]],[[[88.66,22.0192],[88.6724,22.0189],[88.6835,22.0142],[88.6947,22.0086],[88.7054,22.0025],[88.707,21.9906],[88.6999,21.9807],[88.6936,21.9704],[88.692,21.9824],[88.6856,21.9721],[88.6944,21.9639],[88.6863,21.9545],[88.6743,21.9527],[88.6864,21.9529],[88.6787,21.9433],[88.668,21.9492],[88.6565,21.9542],[88.644,21.9539],[88.6319,21.9533],[88.6283,21.965],[88.6305,21.9768],[88.6328,21.989],[88.6392,21.9992],[88.6467,22.0086],[88.6529,22.0191],[88.66,22.0192]]],[[[88.1414,22.0264],[88.1372,22.0139],[88.13,22.0042],[88.1244,21.9933],[88.1181,21.9828],[88.1114,21.9722],[88.1039,21.9625],[88.0972,21.9522],[88.0906,21.9419],[88.0856,21.9308],[88.0744,21.9261],[88.0642,21.9181],[88.0533,21.9122],[88.0472,21.9231],[88.0494,21.9356],[88.052,21.9476],[88.0564,21.9605],[88.0616,21.9725],[88.0668,21.9836],[88.0725,21.9942],[88.0828,22.0022],[88.0922,22.0103],[88.1036,22.0142],[88.1155,22.0167],[88.1275,22.02],[88.1392,22.025],[88.1414,22.0264]]],[[[88.8128,22.0194],[88.8261,22.0217],[88.8433,22.0178],[88.8553,22.0186],[88.8664,22.0244],[88.8733,22.0142],[88.8861,22.0111],[88.8983,22.0128],[88.9039,22],[88.9024,21.9871],[88.9076,21.9694],[88.9058,21.9521],[88.9058,21.9371],[88.9007,21.9248],[88.8883,21.9207],[88.8729,21.9223],[88.8566,21.9191],[88.8411,21.9247],[88.8329,21.9348],[88.8208,21.9405],[88.8086,21.9389],[88.795,21.9419],[88.7892,21.9531],[88.7789,21.9467],[88.7664,21.9489],[88.7558,21.9553],[88.7555,21.9678],[88.7522,21.9803],[88.7644,21.9844],[88.7756,21.9889],[88.78,21.9776],[88.7899,21.9706],[88.7849,21.9818],[88.7767,21.9908],[88.765,21.9869],[88.7606,21.9986],[88.7665,22.0091],[88.7803,22.0161],[88.79,22.0236],[88.8011,22.0294],[88.8103,22.0211],[88.8128,22.0194]]],[[[88.7314,22.0452],[88.7314,22.0452]]],[[[88.7638,22.0517],[88.7757,22.0497],[88.7786,22.038],[88.7899,22.0333],[88.7823,22.0233],[88.7689,22.02],[88.7606,22.0289],[88.7561,22.0402],[88.7517,22.0514],[88.7638,22.0517]]],[[[88.9028,22.0453],[88.9014,22.0328],[88.9017,22.0189],[88.8903,22.0147],[88.878,22.0147],[88.8727,22.0255],[88.8616,22.0312],[88.8525,22.0397],[88.8639,22.0436],[88.8759,22.0434],[88.8882,22.045],[88.8856,22.0569],[88.8973,22.0533],[88.9028,22.0453]]],[[[88.0314,22.0606],[88.0314,22.0606]]],[[[89.0162,22.0509],[89.0287,22.0513],[89.0408,22.0489],[89.0461,22.0381],[89.0642,22.0181],[89.0716,22.0083],[89.0756,21.9969],[89.0778,21.9849],[89.0741,21.973],[89.0701,21.9847],[89.0701,21.9724],[89.0709,21.9602],[89.0689,21.9483],[89.0643,21.9368],[89.0532,21.9311],[89.0422,21.9365],[89.0417,21.9492],[89.0412,21.9364],[89.034,21.9267],[89.0232,21.9332],[89.0136,21.9406],[89.0024,21.9459],[89.0022,21.958],[89.0111,21.9665],[89.018,21.9765],[89.0095,21.9853],[89.0177,21.9944],[89.0298,21.9965],[89.0178,21.9961],[89.0073,21.9894],[88.999,21.9805],[88.9884,21.9867],[88.9767,21.9908],[88.9872,21.9974],[88.9961,22.0058],[88.9865,21.9981],[88.975,21.9925],[88.9792,22.0047],[88.97,22.0125],[88.9726,22.0243],[88.9778,22.0353],[88.9851,22.0451],[88.9925,22.0547],[89.0045,22.0545],[89.0138,22.0622],[89.0162,22.0509]]],[[[88.6358,22.0508],[88.6278,22.0611],[88.6356,22.0519],[88.6358,22.0508]]],[[[88.8119,22.0608],[88.8242,22.0558],[88.8302,22.0453],[88.8322,22.0332],[88.8215,22.0269],[88.8099,22.0308],[88.7978,22.0325],[88.7864,22.0365],[88.7853,22.0488],[88.796,22.0547],[88.804,22.0638],[88.8119,22.0608]]],[[[88.8706,22.0789],[88.8686,22.0666],[88.8782,22.0594],[88.8886,22.0525],[88.8784,22.0455],[88.8661,22.0455],[88.854,22.0446],[88.8556,22.0324],[88.8491,22.0222],[88.8372,22.0247],[88.8328,22.0362],[88.8331,22.0486],[88.8444,22.0531],[88.8321,22.0518],[88.8224,22.059],[88.8275,22.0699],[88.8394,22.0716],[88.8502,22.0776],[88.8623,22.0793],[88.8706,22.0789]]],[[[88.6901,22.08],[88.6901,22.08]]],[[[88.9041,22.0842],[88.8948,22.0763],[88.8911,22.0647],[88.8797,22.0608],[88.8703,22.0685],[88.8719,22.0805],[88.8836,22.0847],[88.8953,22.0891],[88.9041,22.0842]]],[[[88.7223,22.0991],[88.7123,22.0922],[88.7015,22.0858],[88.7098,22.095],[88.7212,22.1003],[88.7223,22.0991]]],[[[88.8035,22.0853],[88.8146,22.0806],[88.8255,22.0858],[88.8335,22.0767],[88.8236,22.0697],[88.8138,22.0622],[88.8017,22.0624],[88.7897,22.0608],[88.7832,22.0506],[88.7719,22.0547],[88.7599,22.0544],[88.7483,22.0578],[88.7527,22.0691],[88.7582,22.0799],[88.7691,22.0853],[88.7765,22.0952],[88.7825,22.1057],[88.7941,22.1088],[88.7989,22.0976],[88.8029,22.0861],[88.8035,22.0853]]],[[[88.8179,22.123],[88.8299,22.1247],[88.842,22.1218],[88.848,22.1108],[88.8532,22.0998],[88.8627,22.092],[88.851,22.0879],[88.844,22.0978],[88.85,22.0872],[88.862,22.0842],[88.8507,22.0792],[88.8403,22.073],[88.8328,22.0828],[88.8244,22.0914],[88.8209,22.1032],[88.8224,22.0912],[88.8142,22.082],[88.8036,22.088],[88.8,22.0996],[88.7991,22.1119],[88.8045,22.1228],[88.8167,22.1233],[88.8179,22.123]]],[[[88.7293,22.1136],[88.7316,22.1256],[88.7293,22.1136]]],[[[88.8651,22.167],[88.8776,22.1681],[88.8883,22.1617],[88.8958,22.1521],[88.901,22.1411],[88.9061,22.1298],[88.9146,22.1209],[88.9218,22.1109],[88.9217,22.0986],[88.9137,22.0896],[88.9015,22.0901],[88.893,22.0986],[88.8921,22.1106],[88.8909,22.0986],[88.8864,22.0872],[88.8741,22.0873],[88.8634,22.0931],[88.8541,22.1011],[88.8497,22.1127],[88.8439,22.1233],[88.832,22.1262],[88.8422,22.1332],[88.853,22.1389],[88.86,22.1487],[88.8533,22.1592],[88.8618,22.1678],[88.8651,22.167]]],[[[88.95,22.1892],[88.9619,22.1867],[88.965,22.1749],[88.9704,22.1638],[88.9788,22.1548],[88.985,22.1442],[88.9805,22.1329],[88.9712,22.1412],[88.9708,22.1537],[88.96,22.1593],[88.9676,22.1496],[88.9725,22.1386],[88.9849,22.1381],[88.9847,22.126],[88.9818,22.1142],[88.9764,22.1034],[88.9721,22.0921],[88.9601,22.0949],[88.9518,22.1037],[88.9592,22.0939],[88.9657,22.0835],[88.9585,22.0739],[88.9465,22.0739],[88.9344,22.0714],[88.9246,22.064],[88.9217,22.0517],[88.9233,22.0392],[88.9242,22.0269],[88.9264,22.0149],[88.93,22.0031],[88.9439,22],[88.9407,22.0117],[88.9361,22.0228],[88.9347,22.0353],[88.9344,22.0473],[88.9372,22.0592],[88.9492,22.0612],[88.9609,22.0583],[88.9644,22.0467],[88.9747,22.0399],[88.9713,22.0282],[88.9635,22.0188],[88.9703,22.0085],[88.9726,21.9966],[88.9777,21.9856],[88.987,21.978],[88.9977,21.9725],[89.0067,21.9808],[89.0051,21.9689],[88.9953,21.9608],[88.991,21.9484],[88.9989,21.9393],[89.0103,21.9348],[89.0192,21.9254],[89.0187,21.9131],[89.0131,21.9022],[89,21.9044],[88.9888,21.9092],[88.9782,21.9159],[88.9712,21.9257],[88.9731,21.9376],[88.9689,21.926],[88.9569,21.9252],[88.9455,21.9292],[88.9359,21.9365],[88.9302,21.9475],[88.9262,21.9599],[88.9197,21.9726],[88.9158,21.9842],[88.913,21.997],[88.9159,22.0087],[88.9143,22.0208],[88.9092,22.0319],[88.9111,22.0438],[88.9083,22.0556],[88.9017,22.0657],[88.9075,22.0764],[88.9174,22.0835],[88.9267,22.0921],[88.9312,22.1033],[88.9277,22.1151],[88.9345,22.125],[88.9306,22.137],[88.9389,22.128],[88.9276,22.1236],[88.9164,22.128],[88.9086,22.1375],[88.9065,22.1495],[88.8987,22.1592],[88.8941,22.1703],[88.906,22.1666],[88.9169,22.1608],[88.9261,22.1686],[88.9352,22.1769],[88.9457,22.1829],[88.95,22.1892]]],[[[89.0019,22.1992],[89.0134,22.1955],[89.0134,22.1835],[89.0138,22.1715],[89.0159,22.1595],[89.0222,22.1489],[89.0324,22.1425],[89.0431,22.1366],[89.0475,22.1253],[89.0397,22.116],[89.0286,22.1112],[89.0165,22.1136],[89.0274,22.1189],[89.0157,22.1154],[89.0277,22.1103],[89.0334,22.0995],[89.0317,22.0871],[89.0342,22.0753],[89.0369,22.0635],[89.0311,22.0528],[89.0292,22.0648],[89.0288,22.0771],[89.0277,22.0648],[89.026,22.0529],[89.0177,22.0619],[89.0088,22.0534],[88.9971,22.0574],[88.9848,22.0568],[88.9833,22.0447],[88.9711,22.0434],[88.962,22.0518],[88.9664,22.0634],[88.9756,22.0714],[88.9811,22.0824],[88.9838,22.0942],[88.9881,22.1058],[88.9925,22.1175],[88.9964,22.1292],[88.9963,22.1413],[88.9917,22.1527],[88.9841,22.162],[88.9758,22.171],[88.9733,22.1829],[88.9786,22.1939],[88.9903,22.1979],[89.0019,22.1992]]],[[[88.6952,22.2086],[88.7072,22.2053],[88.7178,22.1986],[88.7296,22.1948],[88.7418,22.1969],[88.7537,22.1947],[88.7655,22.192],[88.7686,22.1804],[88.7802,22.1764],[88.7869,22.1664],[88.7775,22.1589],[88.7686,22.1502],[88.7574,22.1457],[88.7467,22.1401],[88.7366,22.1331],[88.7282,22.1243],[88.7233,22.1133],[88.7135,22.1061],[88.7034,22.0992],[88.6925,22.0931],[88.6847,22.0836],[88.6833,22.0713],[88.6884,22.0598],[88.6977,22.0522],[88.7085,22.0467],[88.7198,22.042],[88.7309,22.0372],[88.7375,22.0271],[88.7361,22.0149],[88.7264,22.0075],[88.7144,22.0108],[88.7028,22.0071],[88.6931,22.0147],[88.6814,22.02],[88.6696,22.0233],[88.6623,22.0329],[88.6614,22.045],[88.66,22.0572],[88.6559,22.0689],[88.6525,22.0807],[88.6452,22.0903],[88.6372,22.0996],[88.6347,22.1118],[88.6384,22.1235],[88.6451,22.134],[88.6496,22.1455],[88.6523,22.1574],[88.6592,22.1675],[88.6686,22.175],[88.6778,22.1836],[88.6839,22.1944],[88.6836,22.2065],[88.6952,22.2086]]],[[[88.8447,22.1892],[88.8511,22.1994],[88.8631,22.1993],[88.8642,22.1872],[88.8678,22.1757],[88.8559,22.1727],[88.8441,22.1692],[88.8494,22.1581],[88.849,22.1461],[88.8403,22.1373],[88.8284,22.1339],[88.8182,22.1275],[88.8064,22.1309],[88.7974,22.1227],[88.7886,22.1143],[88.7767,22.1103],[88.7705,22.0998],[88.7632,22.0898],[88.7522,22.084],[88.7447,22.0739],[88.7403,22.0623],[88.7297,22.0564],[88.7175,22.0579],[88.7064,22.0633],[88.7022,22.0749],[88.7094,22.0847],[88.7199,22.0912],[88.7292,22.0992],[88.7372,22.1085],[88.7422,22.1195],[88.7458,22.131],[88.7564,22.1372],[88.7686,22.1415],[88.7786,22.149],[88.7872,22.1579],[88.7969,22.1656],[88.804,22.1756],[88.8161,22.1759],[88.8255,22.1679],[88.8376,22.1664],[88.8394,22.1784],[88.8336,22.1892],[88.8267,22.1991],[88.8383,22.195],[88.8447,22.1892]]],[[[87.9897,22.2175],[87.9897,22.2175]]],[[[88.9324,22.225],[88.9443,22.2228],[88.955,22.217],[88.9587,22.2054],[88.9606,22.1934],[88.9485,22.1918],[88.94,22.1828],[88.9286,22.1787],[88.9182,22.1849],[88.9095,22.1937],[88.9144,22.2049],[88.9167,22.217],[88.9183,22.2289],[88.9301,22.2255],[88.9324,22.225]]],[[[88.8126,22.2834],[88.8151,22.2713],[88.8255,22.2653],[88.8273,22.2532],[88.8254,22.2409],[88.8171,22.2317],[88.8051,22.2284],[88.8042,22.2162],[88.8117,22.2066],[88.8179,22.1959],[88.8291,22.1914],[88.8349,22.1808],[88.8367,22.1689],[88.8254,22.173],[88.8159,22.1806],[88.8037,22.1814],[88.7956,22.1722],[88.7859,22.1799],[88.774,22.1829],[88.7683,22.1936],[88.7561,22.1961],[88.7482,22.2056],[88.7511,22.2175],[88.7522,22.2298],[88.7601,22.2392],[88.7707,22.2452],[88.7797,22.2537],[88.7911,22.2581],[88.7944,22.27],[88.8031,22.2783],[88.8126,22.2834]]],[[[88.8499,22.3629],[88.8611,22.3583],[88.8739,22.355],[88.8844,22.3488],[88.8932,22.3399],[88.9008,22.3303],[88.905,22.3189],[88.9111,22.3083],[88.9228,22.3056],[88.9345,22.3024],[88.9369,22.2906],[88.9334,22.2788],[88.9309,22.267],[88.9324,22.2549],[88.9419,22.2472],[88.9517,22.2399],[88.9539,22.2281],[88.9423,22.2248],[88.9304,22.2273],[88.9196,22.233],[88.9153,22.2216],[88.9032,22.2233],[88.8927,22.2302],[88.8868,22.2409],[88.8945,22.2505],[88.8895,22.2616],[88.8803,22.2694],[88.8683,22.2714],[88.8582,22.2786],[88.8506,22.2882],[88.8574,22.278],[88.8664,22.2698],[88.8784,22.2711],[88.8879,22.2633],[88.8933,22.2519],[88.8861,22.242],[88.8902,22.2306],[88.9003,22.2229],[88.9116,22.2181],[88.9111,22.2061],[88.905,22.1957],[88.912,22.1859],[88.9202,22.1769],[88.9155,22.1658],[88.906,22.1737],[88.8946,22.1775],[88.8866,22.1683],[88.8742,22.1701],[88.8694,22.1811],[88.8662,22.1929],[88.8775,22.1976],[88.8861,22.2062],[88.8764,22.2138],[88.8644,22.2112],[88.8517,22.2113],[88.8408,22.2165],[88.8484,22.2262],[88.856,22.2357],[88.8626,22.2458],[88.8737,22.2511],[88.8625,22.2465],[88.8553,22.2369],[88.8475,22.2273],[88.8398,22.2178],[88.849,22.2098],[88.8615,22.2094],[88.8736,22.2117],[88.8845,22.2064],[88.8749,22.1991],[88.8631,22.2013],[88.8514,22.2042],[88.8487,22.1924],[88.8386,22.1989],[88.8329,22.2096],[88.8254,22.2001],[88.8151,22.2067],[88.8053,22.2138],[88.8008,22.2254],[88.8126,22.228],[88.8219,22.2357],[88.8281,22.2467],[88.8292,22.2588],[88.8208,22.2675],[88.8165,22.279],[88.8065,22.2857],[88.8059,22.2979],[88.8097,22.3096],[88.8097,22.3222],[88.8078,22.3347],[88.8125,22.3461],[88.8175,22.3575],[88.8297,22.3589],[88.8419,22.3608],[88.8499,22.3629]]],[[[88.9848,22.3824],[88.9838,22.3702],[88.9858,22.3582],[88.9866,22.3458],[88.9836,22.3338],[88.9869,22.3222],[89,22.3233],[89.009,22.315],[89.0162,22.3052],[89.0059,22.2988],[88.9945,22.2942],[88.997,22.2822],[89.007,22.2747],[89.0177,22.2683],[89.0114,22.2578],[89.0225,22.2531],[89.0339,22.2492],[89.0344,22.2371],[89.0379,22.2255],[89.047,22.2169],[89.0562,22.2087],[89.0652,22.2005],[89.0688,22.1889],[89.0628,22.178],[89.0611,22.1657],[89.0656,22.1542],[89.0735,22.1447],[89.0847,22.1494],[89.0932,22.1579],[89.0908,22.146],[89.0803,22.1397],[89.0698,22.1333],[89.0587,22.1387],[89.0497,22.1469],[89.0381,22.1511],[89.0289,22.1594],[89.0241,22.1708],[89.0269,22.1829],[89.0259,22.1951],[89.0197,22.2056],[89.0085,22.2104],[88.9962,22.2099],[88.9845,22.2056],[88.973,22.2094],[88.9666,22.2203],[88.9645,22.2327],[88.9603,22.2444],[88.9508,22.2522],[88.95,22.2643],[88.953,22.2764],[88.9533,22.2885],[88.9509,22.3008],[88.9518,22.313],[88.9514,22.3251],[88.9542,22.3368],[88.9567,22.3486],[88.9542,22.3605],[88.9643,22.367],[88.9669,22.3792],[88.9701,22.3908],[88.9689,22.4029],[88.9803,22.3984],[88.9892,22.3901],[88.9848,22.3824]]],[[[87.9381,22.3967],[87.9328,22.4089],[87.9383,22.3981],[87.9381,22.3967]]],[[[88.8619,22.3989],[88.8653,22.3867],[88.8744,22.3947],[88.8769,22.3829],[88.8835,22.3724],[88.8945,22.3676],[88.895,22.3556],[88.9031,22.3461],[88.8907,22.3474],[88.8806,22.3545],[88.8731,22.3641],[88.8622,22.3692],[88.8594,22.3811],[88.8556,22.3928],[88.86,22.4041],[88.8619,22.3989]]],[[[88.8678,22.4108],[88.8678,22.4108]]],[[[88.9189,22.4265],[88.9189,22.4265]]],[[[87.9257,22.4248],[87.9257,22.4248]]],[[[87.9119,22.4322],[87.9119,22.4322]]],[[[88.8592,22.4694],[88.8592,22.4694]]],[[[88.7814,22.5006],[88.7934,22.4977],[88.7992,22.4869],[88.8098,22.4812],[88.8127,22.4695],[88.8123,22.4545],[88.8238,22.4499],[88.8217,22.4379],[88.8335,22.4344],[88.8217,22.4321],[88.811,22.4383],[88.803,22.4474],[88.8012,22.4595],[88.7955,22.4703],[88.7919,22.4818],[88.7834,22.4904],[88.7814,22.5006]]],[[[88.8977,22.5489],[88.9025,22.5373],[88.9032,22.5251],[88.9039,22.5131],[88.8955,22.5044],[88.9041,22.496],[88.8942,22.4881],[88.8963,22.476],[88.8928,22.4645],[88.8986,22.4535],[88.903,22.442],[88.9078,22.431],[88.9028,22.4197],[88.9091,22.4092],[88.9211,22.4031],[88.9135,22.3935],[88.9023,22.389],[88.8942,22.3797],[88.8986,22.3683],[88.8895,22.3762],[88.8794,22.3832],[88.8801,22.3954],[88.8769,22.4071],[88.8658,22.4119],[88.8572,22.4205],[88.8553,22.4328],[88.8606,22.4441],[88.8568,22.4555],[88.8603,22.4671],[88.8583,22.4793],[88.8677,22.4869],[88.8614,22.4974],[88.8496,22.5016],[88.858,22.512],[88.8663,22.5212],[88.8673,22.5345],[88.8775,22.5411],[88.8855,22.5503],[88.8977,22.5489]]],[[[88.9342,22.564],[88.9342,22.564]]],[[[88.9202,22.5653],[88.9303,22.5586],[88.9416,22.5545],[88.9533,22.5517],[88.9622,22.5432],[88.9657,22.5314],[88.9681,22.5194],[88.9697,22.5069],[88.9733,22.4953],[88.9778,22.4839],[88.9866,22.4756],[88.9953,22.4669],[88.9931,22.4544],[88.9883,22.4431],[88.9956,22.4328],[88.9858,22.4217],[88.9753,22.4156],[88.9647,22.4097],[88.9686,22.3981],[88.9656,22.3864],[88.9644,22.3739],[88.9536,22.3681],[88.9464,22.3778],[88.9392,22.3875],[88.9417,22.3997],[88.9406,22.4164],[88.9402,22.4044],[88.937,22.3927],[88.9436,22.3822],[88.945,22.3701],[88.9492,22.3588],[88.9503,22.3468],[88.9471,22.3352],[88.9456,22.323],[88.9435,22.311],[88.9314,22.3119],[88.9225,22.3204],[88.9145,22.3295],[88.9063,22.3388],[88.9048,22.351],[88.9019,22.363],[88.8982,22.3749],[88.9028,22.3864],[88.9139,22.3913],[88.9242,22.3845],[88.9273,22.3963],[88.9238,22.4081],[88.913,22.4134],[88.9195,22.4236],[88.915,22.435],[88.9058,22.4436],[88.903,22.4557],[88.8947,22.4661],[88.8986,22.4778],[88.9011,22.4897],[88.9073,22.5004],[88.9144,22.5103],[88.9075,22.5203],[88.9032,22.5317],[88.9021,22.5439],[88.897,22.5548],[88.9061,22.563],[88.9184,22.5653],[88.9202,22.5653]]],[[[88.9361,22.6216],[88.9361,22.6216]]],[[[88.676,24.3155],[88.6748,24.3146],[88.6751,24.3154],[88.676,24.3155]]],[[[88.1269,27.1231],[88.1438,27.1171],[88.1554,27.1121],[88.1726,27.1303],[88.1837,27.1352],[88.2099,27.1334],[88.2215,27.1253],[88.2325,27.1198],[88.2515,27.1254],[88.2635,27.1274],[88.2774,27.1312],[88.2949,27.1248],[88.3113,27.1254],[88.3205,27.1166],[88.3238,27.1049],[88.3408,27.1107],[88.3523,27.1011],[88.3707,27.0994],[88.3875,27.0984],[88.411,27.0907],[88.4291,27.0836],[88.4463,27.0854],[88.4602,27.0958],[88.4667,27.1139],[88.4813,27.1229],[88.4956,27.1254],[88.5075,27.136],[88.5187,27.1478],[88.532,27.1543],[88.5205,27.175],[88.5408,27.1837],[88.559,27.1888],[88.5851,27.1928],[88.5975,27.1927],[88.619,27.1879],[88.6333,27.1745],[88.6565,27.1624],[88.6681,27.172],[88.6804,27.1795],[88.702,27.1741],[88.7118,27.1651],[88.715,27.1502],[88.7245,27.1385],[88.7372,27.1395],[88.7517,27.1482],[88.7663,27.1387],[88.7831,27.1359],[88.7962,27.1375],[88.8066,27.1301],[88.8194,27.1215],[88.8357,27.1156],[88.8489,27.1112],[88.8648,27.1094],[88.8712,27.0978],[88.8715,27.0777],[88.8748,27.0613],[88.8774,27.0456],[88.8755,27.0314],[88.8721,27.0165],[88.8713,26.9768],[88.8722,26.9646],[88.875,26.9515],[88.8863,26.9582],[88.8919,26.972],[88.9019,26.9815],[88.9113,26.9944],[88.923,26.9912],[88.937,26.9806],[88.9486,26.9761],[88.9556,26.9611],[88.9474,26.9497],[88.9414,26.9386],[88.9624,26.9241],[88.9807,26.9206],[88.9942,26.924],[89.0055,26.9298],[89.0194,26.9373],[89.0312,26.9299],[89.0459,26.9202],[89.0463,26.9048],[89.0607,26.9041],[89.0724,26.901],[89.0858,26.8973],[89.0951,26.8874],[89.0888,26.8765],[89.0983,26.8676],[89.1038,26.8567],[89.102,26.8363],[89.1109,26.826],[89.1232,26.8209],[89.129,26.8092],[89.1421,26.8092],[89.1608,26.8183],[89.1729,26.8217],[89.183,26.8142],[89.1946,26.8104],[89.2135,26.8178],[89.2336,26.8205],[89.2489,26.8175],[89.2647,26.82],[89.2781,26.8291],[89.2896,26.8343],[89.3042,26.8433],[89.3152,26.8521],[89.3249,26.8443],[89.338,26.8487],[89.3521,26.8586],[89.365,26.8653],[89.3772,26.8663],[89.3865,26.8584],[89.3895,26.8419],[89.4029,26.8405],[89.4201,26.8389],[89.4326,26.8361],[89.448,26.8348],[89.4549,26.8248],[89.4535,26.8108],[89.4651,26.8047],[89.4805,26.8026],[89.4963,26.803],[89.506,26.8138],[89.5223,26.8179],[89.5377,26.8133],[89.5555,26.8151],[89.5668,26.8017],[89.5797,26.7981],[89.5941,26.7931],[89.6112,26.7894],[89.6219,26.7806],[89.6345,26.7822],[89.6455,26.7773],[89.6545,26.7635],[89.6471,26.7527],[89.6371,26.7459],[89.6253,26.7404],[89.6159,26.7326],[89.6322,26.7192],[89.6501,26.719],[89.6624,26.7221],[89.6695,26.7392],[89.6884,26.7358],[89.7033,26.7371],[89.7161,26.731],[89.7256,26.7226],[89.7398,26.727],[89.7515,26.7356],[89.7551,26.7206],[89.7672,26.7082],[89.7759,26.6991],[89.7873,26.7038],[89.7981,26.7132],[89.8208,26.7143],[89.855,26.7028],[89.8714,26.6835],[89.8693,26.6709],[89.8681,26.6566],[89.8758,26.6463],[89.8613,26.6356],[89.857,26.6234],[89.8716,26.615],[89.8752,26.6012],[89.8742,26.5892],[89.862,26.5779],[89.8655,26.5658],[89.8646,26.5483],[89.8618,26.5305],[89.8535,26.5172],[89.8556,26.5051],[89.8527,26.4878],[89.861,26.4748],[89.8702,26.464],[89.8695,26.4484],[89.8577,26.4381],[89.853,26.4246],[89.8448,26.4102],[89.8295,26.4033],[89.8306,26.3902],[89.8445,26.3944],[89.8573,26.3845],[89.8409,26.3778],[89.8279,26.3811],[89.8271,26.3666],[89.8212,26.3511],[89.8115,26.3607],[89.8204,26.3706],[89.804,26.3623],[89.7903,26.3581],[89.7791,26.3474],[89.7809,26.3309],[89.7685,26.3238],[89.7536,26.3218],[89.7509,26.3062],[89.7591,26.2926],[89.7461,26.2908],[89.7318,26.2929],[89.7198,26.2986],[89.7292,26.2829],[89.7375,26.2711],[89.7252,26.2584],[89.7114,26.2633],[89.7165,26.2523],[89.7288,26.2382],[89.7182,26.2316],[89.7102,26.2191],[89.6972,26.2172],[89.7155,26.2148],[89.7313,26.2149],[89.7232,26.2053],[89.7161,26.1913],[89.7018,26.1882],[89.7043,26.1745],[89.7171,26.1772],[89.7302,26.177],[89.7188,26.166],[89.7131,26.1544],[89.7013,26.1572],[89.6871,26.159],[89.6962,26.1678],[89.6904,26.1807],[89.6852,26.1933],[89.6761,26.2036],[89.6887,26.2059],[89.6815,26.2161],[89.6921,26.2218],[89.6827,26.2318],[89.6744,26.2217],[89.6609,26.2177],[89.6479,26.224],[89.6374,26.2167],[89.6419,26.2043],[89.6497,26.1924],[89.6365,26.1947],[89.6308,26.1841],[89.6424,26.1802],[89.6551,26.1802],[89.6519,26.1686],[89.6399,26.1696],[89.6281,26.1731],[89.6154,26.1729],[89.6127,26.161],[89.5996,26.1605],[89.6001,26.1481],[89.6004,26.1357],[89.6075,26.1257],[89.6193,26.1209],[89.6312,26.1262],[89.6268,26.1121],[89.616,26.1066],[89.6033,26.1126],[89.5967,26.1009],[89.6082,26.0931],[89.6201,26.0948],[89.6265,26.1057],[89.6394,26.0996],[89.6417,26.0876],[89.6401,26.0748],[89.652,26.0657],[89.641,26.0607],[89.6273,26.0561],[89.6155,26.0596],[89.6098,26.0486],[89.5979,26.0441],[89.5876,26.0334],[89.5811,26.0221],[89.5836,26.0095],[89.589,25.9983],[89.5893,25.9854],[89.578,25.9794],[89.5769,25.9669],[89.5693,25.9782],[89.5626,25.968],[89.5501,25.9663],[89.545,25.9793],[89.5431,25.9919],[89.5537,25.9999],[89.5424,26.0054],[89.5299,26.0048],[89.5171,26.0067],[89.5043,26.0016],[89.4922,26.0044],[89.4783,25.9967],[89.4642,25.9995],[89.4529,26.0062],[89.4385,26.0086],[89.4359,26.0239],[89.4389,26.0359],[89.4295,26.0456],[89.4165,26.0401],[89.4083,26.0277],[89.3971,26.0201],[89.3984,26.0069],[89.3865,26.0097],[89.3734,26.0091],[89.3608,26.0089],[89.3509,26.0163],[89.3398,26.027],[89.33,26.0356],[89.3177,26.0408],[89.3065,26.0486],[89.2936,26.0485],[89.2873,26.0596],[89.2751,26.0614],[89.2616,26.0639],[89.2628,26.0791],[89.2721,26.09],[89.2589,26.0919],[89.2521,26.1036],[89.2413,26.1119],[89.2325,26.1204],[89.2202,26.1236],[89.2084,26.1269],[89.196,26.1231],[89.1834,26.1285],[89.1707,26.1307],[89.16,26.1423],[89.1549,26.1551],[89.1569,26.1681],[89.1451,26.1756],[89.1429,26.1889],[89.1484,26.2004],[89.149,26.2141],[89.1469,26.2266],[89.1428,26.2379],[89.1368,26.2483],[89.1299,26.2598],[89.1215,26.2722],[89.114,26.2823],[89.1123,26.2951],[89.1088,26.3069],[89.1222,26.3028],[89.1263,26.2897],[89.137,26.2981],[89.1432,26.31],[89.1354,26.3197],[89.1223,26.3193],[89.1119,26.3255],[89.0988,26.323],[89.106,26.3352],[89.1066,26.3487],[89.1039,26.3604],[89.0911,26.3647],[89.0968,26.376],[89.0975,26.3885],[89.0913,26.3995],[89.0789,26.3988],[89.0663,26.3987],[89.0527,26.4023],[89.0413,26.398],[89.0354,26.4094],[89.025,26.4174],[89.013,26.417],[89.0032,26.4262],[88.9904,26.4286],[88.9859,26.4401],[88.9868,26.4535],[88.974,26.458],[88.962,26.4564],[88.9568,26.4451],[88.9516,26.4305],[88.9393,26.4361],[88.9317,26.4257],[88.9353,26.4137],[88.9229,26.412],[88.9258,26.3965],[88.9191,26.3865],[88.9184,26.3732],[88.9258,26.3637],[88.9405,26.3617],[88.9528,26.3594],[88.9625,26.3666],[88.9562,26.3563],[88.9646,26.3469],[88.9592,26.3361],[88.9689,26.3438],[88.9779,26.3529],[88.9914,26.3522],[88.9912,26.3386],[89.0037,26.3347],[88.9994,26.3231],[88.9905,26.3124],[88.9988,26.3022],[89.0105,26.2988],[89.0213,26.2929],[89.0239,26.3048],[89.0287,26.2934],[89.0389,26.2864],[89.0521,26.2876],[89.0627,26.2935],[89.0695,26.2812],[89.0679,26.2669],[89.059,26.2559],[89.0557,26.2437],[89.0426,26.2447],[89.0305,26.2474],[89.0156,26.2467],[89,26.2486],[88.9863,26.2475],[88.9736,26.2416],[88.962,26.2448],[88.9529,26.2558],[88.9451,26.2682],[88.939,26.2788],[88.9325,26.2889],[88.9194,26.2917],[88.9032,26.292],[88.8884,26.2916],[88.876,26.2863],[88.8688,26.2757],[88.8678,26.2609],[88.877,26.2488],[88.8851,26.2388],[88.8731,26.2359],[88.8528,26.2363],[88.8416,26.2417],[88.8335,26.2529],[88.8209,26.2583],[88.8203,26.2709],[88.8162,26.2827],[88.8217,26.2969],[88.8111,26.3075],[88.7989,26.3132],[88.7867,26.3084],[88.7697,26.3037],[88.7583,26.3077],[88.7567,26.3197],[88.7609,26.3317],[88.754,26.3431],[88.7467,26.3537],[88.7342,26.3537],[88.7204,26.3443],[88.7105,26.3339],[88.6996,26.3425],[88.6984,26.3564],[88.6895,26.3681],[88.6833,26.3784],[88.6967,26.3842],[88.6861,26.391],[88.6748,26.3957],[88.6858,26.4018],[88.674,26.4079],[88.6625,26.4149],[88.6499,26.4168],[88.6458,26.4282],[88.633,26.4308],[88.6271,26.4413],[88.6255,26.4551],[88.6233,26.4683],[88.6079,26.4709],[88.5952,26.4718],[88.5956,26.4589],[88.5856,26.4517],[88.5744,26.4567],[88.5622,26.4564],[88.5622,26.4701],[88.5522,26.4776],[88.5607,26.487],[88.5448,26.4827],[88.5305,26.4809],[88.5253,26.4939],[88.5248,26.5061],[88.5126,26.5102],[88.501,26.5133],[88.4913,26.5206],[88.4844,26.5315],[88.4804,26.5436],[88.4681,26.5442],[88.4564,26.5404],[88.4442,26.5422],[88.4336,26.5489],[88.4279,26.5605],[88.4238,26.5752],[88.4226,26.5878],[88.4212,26.6008],[88.4185,26.6146],[88.4166,26.6268],[88.4046,26.6293],[88.3975,26.6177],[88.3885,26.609],[88.3994,26.6027],[88.3874,26.6012],[88.3775,26.5935],[88.3742,26.5799],[88.3728,26.5674],[88.3679,26.5547],[88.3591,26.5423],[88.3585,26.5291],[88.352,26.5181],[88.3461,26.5063],[88.3376,26.4977],[88.3333,26.4834],[88.342,26.4737],[88.3496,26.4641],[88.3531,26.4522],[88.3626,26.4606],[88.3649,26.4732],[88.3646,26.486],[88.3766,26.4846],[88.3884,26.4804],[88.401,26.4827],[88.4123,26.4742],[88.4221,26.4652],[88.4332,26.4707],[88.447,26.4658],[88.4599,26.4653],[88.4725,26.4628],[88.4841,26.4588],[88.4876,26.4454],[88.4968,26.4368],[88.4983,26.4247],[88.5011,26.4126],[88.5118,26.4039],[88.5128,26.3903],[88.5156,26.3782],[88.5232,26.3682],[88.522,26.3556],[88.5107,26.3499],[88.5014,26.3578],[88.491,26.3504],[88.4792,26.3547],[88.4669,26.3577],[88.4612,26.3689],[88.4496,26.3645],[88.4433,26.353],[88.4383,26.3386],[88.4259,26.3351],[88.4131,26.3358],[88.4098,26.3232],[88.3993,26.3151],[88.3864,26.312],[88.3758,26.3056],[88.3658,26.2989],[88.3605,26.2874],[88.3518,26.2787],[88.3538,26.2665],[88.3504,26.2543],[88.3568,26.244],[88.3562,26.2304],[88.3515,26.2193],[88.3392,26.2155],[88.3285,26.209],[88.3166,26.2027],[88.3056,26.1979],[88.2937,26.2009],[88.2859,26.1911],[88.2737,26.1866],[88.2615,26.1862],[88.2498,26.1893],[88.2388,26.1816],[88.2321,26.1709],[88.2198,26.1647],[88.208,26.1581],[88.1958,26.157],[88.1847,26.15],[88.1799,26.138],[88.1762,26.126],[88.1763,26.1132],[88.1668,26.1052],[88.1612,26.0925],[88.1619,26.0796],[88.1741,26.0783],[88.1853,26.0705],[88.1837,26.0573],[88.1774,26.0467],[88.1745,26.0341],[88.1861,26.0283],[88.1768,26.0186],[88.1619,26.0197],[88.15,26.0158],[88.1466,26.0028],[88.1392,25.9929],[88.1301,25.9842],[88.1256,25.9728],[88.1215,25.9615],[88.1203,25.9489],[88.114,25.9373],[88.1003,25.934],[88.0903,25.9228],[88.088,25.9106],[88.095,25.9003],[88.1016,25.8899],[88.1072,25.8781],[88.11,25.8647],[88.1153,25.8524],[88.1066,25.8438],[88.1102,25.8312],[88.1112,25.8185],[88.1202,25.8102],[88.1171,25.7967],[88.1325,25.7955],[88.1446,25.7912],[88.1441,25.7788],[88.1579,25.7759],[88.1647,25.7866],[88.1774,25.7897],[88.1863,25.7988],[88.1991,25.7939],[88.2085,25.7854],[88.2167,25.796],[88.229,25.7954],[88.2377,25.8051],[88.2499,25.8054],[88.2617,25.8104],[88.2736,25.8037],[88.276,25.7903],[88.2775,25.7763],[88.2897,25.7733],[88.2988,25.7638],[88.3122,25.7536],[88.3211,25.7427],[88.3323,25.7363],[88.3454,25.7295],[88.3573,25.7252],[88.367,25.7176],[88.3786,25.7126],[88.3741,25.7004],[88.3847,25.6938],[88.3938,25.6856],[88.4065,25.6825],[88.4071,25.6693],[88.4206,25.6669],[88.4348,25.6648],[88.4493,25.6638],[88.4581,25.6507],[88.4576,25.6371],[88.4546,25.6236],[88.4483,25.6131],[88.4491,25.6003],[88.4606,25.5947],[88.4701,25.5865],[88.4821,25.5812],[88.4944,25.5814],[88.499,25.5684],[88.499,25.5559],[88.5076,25.5454],[88.5199,25.5437],[88.5262,25.533],[88.5409,25.5309],[88.5396,25.5189],[88.5429,25.5066],[88.5514,25.5161],[88.5628,25.5106],[88.5781,25.5055],[88.5916,25.5056],[88.6029,25.5116],[88.6139,25.5057],[88.6231,25.497],[88.6353,25.496],[88.648,25.495],[88.6464,25.4807],[88.6597,25.4797],[88.6683,25.4711],[88.6814,25.4714],[88.6948,25.47],[88.707,25.4752],[88.7091,25.4878],[88.7192,25.4965],[88.7302,25.5014],[88.743,25.4981],[88.743,25.486],[88.7538,25.4923],[88.767,25.4913],[88.7662,25.5052],[88.7621,25.5192],[88.7761,25.5154],[88.7882,25.5146],[88.798,25.5217],[88.8104,25.5198],[88.8111,25.5071],[88.813,25.4927],[88.8249,25.4877],[88.8346,25.4783],[88.8394,25.4669],[88.8421,25.4534],[88.8312,25.4453],[88.8344,25.4334],[88.8325,25.4214],[88.8256,25.411],[88.8268,25.399],[88.8388,25.3982],[88.8405,25.3852],[88.8422,25.3731],[88.8476,25.3599],[88.8591,25.3554],[88.8703,25.3491],[88.8753,25.3359],[88.884,25.3259],[88.8935,25.3342],[88.9065,25.3356],[88.9112,25.3217],[88.9174,25.3114],[88.9288,25.3033],[88.9392,25.3097],[88.9483,25.3016],[88.9595,25.308],[88.9718,25.3052],[88.9844,25.3056],[88.9981,25.296],[89.011,25.2956],[89.0074,25.2822],[88.997,25.276],[88.9838,25.2784],[88.976,25.2685],[88.9642,25.2641],[88.9549,25.2563],[88.9514,25.2437],[88.9563,25.2305],[88.9575,25.2181],[88.9432,25.2163],[88.9349,25.206],[88.9459,25.2008],[88.9477,25.1887],[88.9333,25.1873],[88.9259,25.1771],[88.9165,25.1689],[88.9116,25.18],[88.8999,25.1834],[88.887,25.1806],[88.8757,25.186],[88.866,25.1933],[88.8551,25.2011],[88.8449,25.2112],[88.8316,25.2062],[88.8285,25.1944],[88.8174,25.1872],[88.812,25.1745],[88.7978,25.1736],[88.7842,25.1784],[88.775,25.1864],[88.7625,25.1874],[88.7543,25.1782],[88.7428,25.1867],[88.7346,25.1967],[88.7235,25.2027],[88.7127,25.2086],[88.699,25.2091],[88.6849,25.2106],[88.6704,25.2007],[88.6565,25.204],[88.6445,25.2067],[88.628,25.2056],[88.6139,25.2054],[88.6024,25.1957],[88.5912,25.1901],[88.5824,25.1819],[88.5693,25.1781],[88.5595,25.1853],[88.5535,25.196],[88.5408,25.1921],[88.5267,25.202],[88.5128,25.2052],[88.5005,25.2065],[88.4874,25.2116],[88.475,25.2102],[88.4715,25.1979],[88.4544,25.1971],[88.4444,25.1895],[88.4448,25.1768],[88.454,25.1665],[88.4604,25.1555],[88.4626,25.142],[88.4514,25.1305],[88.4436,25.1207],[88.4472,25.108],[88.4475,25.093],[88.4503,25.0808],[88.4454,25.0676],[88.4382,25.0563],[88.4391,25.0437],[88.4513,25.0414],[88.4465,25.0302],[88.4408,25.0189],[88.4365,25.0065],[88.4244,25.0069],[88.4154,24.9966],[88.4156,24.9841],[88.4073,24.9752],[88.3966,24.9673],[88.3997,24.9541],[88.3973,24.9421],[88.3845,24.9378],[88.3719,24.9424],[88.3634,24.9514],[88.3535,24.9421],[88.3417,24.939],[88.339,24.9267],[88.3306,24.9166],[88.3297,24.9039],[88.3421,24.8987],[88.3454,24.8867],[88.3369,24.8756],[88.3251,24.8659],[88.3236,24.8792],[88.3106,24.8764],[88.3004,24.8851],[88.288,24.8861],[88.2779,24.8934],[88.2695,24.8818],[88.2673,24.902],[88.2636,24.9183],[88.2549,24.9304],[88.2419,24.9409],[88.2338,24.9513],[88.2231,24.9604],[88.2072,24.9589],[88.1933,24.9535],[88.18,24.9539],[88.1679,24.9472],[88.1588,24.9371],[88.1456,24.9361],[88.1401,24.9237],[88.1517,24.9083],[88.1592,24.8981],[88.1706,24.8902],[88.1571,24.8892],[88.1628,24.8774],[88.1645,24.8653],[88.1644,24.8505],[88.1515,24.8502],[88.1435,24.8411],[88.135,24.8318],[88.1351,24.8161],[88.1332,24.8039],[88.1272,24.8145],[88.1123,24.8128],[88.1058,24.7999],[88.1068,24.785],[88.0955,24.7806],[88.0836,24.7734],[88.0708,24.7696],[88.074,24.7573],[88.0714,24.7453],[88.0693,24.7326],[88.0647,24.7214],[88.0551,24.7111],[88.0423,24.7005],[88.0321,24.6913],[88.0218,24.68],[88.0128,24.6711],[88.0175,24.6594],[88.0285,24.6499],[88.0429,24.6407],[88.0502,24.6294],[88.0584,24.6174],[88.0696,24.6049],[88.0788,24.5893],[88.0865,24.5775],[88.092,24.565],[88.1012,24.5523],[88.1105,24.5425],[88.1221,24.5326],[88.1316,24.5222],[88.1414,24.5122],[88.1517,24.5033],[88.1644,24.4982],[88.1758,24.4903],[88.1869,24.4793],[88.1937,24.4662],[88.2055,24.4579],[88.2202,24.4537],[88.2365,24.4518],[88.2505,24.4481],[88.2647,24.445],[88.2752,24.4387],[88.2839,24.428],[88.2957,24.4143],[88.3119,24.4018],[88.3233,24.3909],[88.333,24.3832],[88.3482,24.3765],[88.3609,24.3738],[88.3729,24.3735],[88.3889,24.3728],[88.414,24.3773],[88.4269,24.382],[88.4419,24.379],[88.4539,24.3742],[88.4713,24.3634],[88.4831,24.3577],[88.4983,24.3531],[88.5072,24.3447],[88.5267,24.3444],[88.5386,24.3272],[88.545,24.3148],[88.5514,24.3027],[88.5681,24.3266],[88.5843,24.3255],[88.604,24.3109],[88.6186,24.3158],[88.6285,24.3066],[88.6408,24.3082],[88.6548,24.3091],[88.6701,24.3147],[88.6888,24.3134],[88.7025,24.3107],[88.721,24.2983],[88.7275,24.2874],[88.7337,24.2757],[88.7378,24.2603],[88.7354,24.246],[88.7332,24.2328],[88.7331,24.2188],[88.7323,24.2057],[88.7199,24.1977],[88.711,24.1767],[88.6995,24.166],[88.7054,24.1473],[88.7082,24.1259],[88.6976,24.1182],[88.6979,24.0971],[88.7103,24.0981],[88.7256,24.0959],[88.7245,24.0834],[88.7224,24.0658],[88.7347,24.0632],[88.7262,24.0532],[88.738,24.0382],[88.7375,24.0233],[88.7351,24.0108],[88.7281,24.0001],[88.7421,24.0008],[88.7587,24.0082],[88.7651,23.9955],[88.771,23.9848],[88.7551,23.986],[88.7416,23.9847],[88.7351,23.9679],[88.739,23.9545],[88.7423,23.9386],[88.733,23.9297],[88.7333,23.9143],[88.7212,23.9154],[88.7061,23.9141],[88.7056,23.9016],[88.6923,23.8997],[88.6854,23.889],[88.6734,23.8853],[88.6646,23.8762],[88.6552,23.8683],[88.6414,23.8666],[88.6294,23.8618],[88.6224,23.8736],[88.6105,23.872],[88.6001,23.8648],[88.5873,23.8698],[88.5771,23.8607],[88.5861,23.8514],[88.5875,23.8382],[88.5914,23.8263],[88.6017,23.8169],[88.5896,23.8134],[88.5922,23.8007],[88.5813,23.7917],[88.5636,23.7866],[88.5687,23.7753],[88.5779,23.766],[88.5758,23.7529],[88.5747,23.7363],[88.5713,23.7246],[88.5642,23.7148],[88.5695,23.6913],[88.5739,23.67],[88.5682,23.659],[88.5617,23.6457],[88.576,23.6365],[88.5898,23.6377],[88.5918,23.6215],[88.5847,23.611],[88.5953,23.603],[88.6145,23.6021],[88.6265,23.6048],[88.6437,23.6085],[88.6393,23.5972],[88.648,23.5847],[88.6511,23.5727],[88.6555,23.5576],[88.6646,23.5486],[88.6772,23.5437],[88.6862,23.5353],[88.6954,23.5175],[88.7087,23.5139],[88.7252,23.5092],[88.7309,23.4968],[88.7429,23.4808],[88.755,23.4781],[88.7666,23.4823],[88.7748,23.495],[88.7868,23.4957],[88.7993,23.4916],[88.7996,23.4772],[88.7887,23.4662],[88.7894,23.4488],[88.7822,23.4388],[88.7701,23.4433],[88.7604,23.4236],[88.7594,23.4102],[88.7544,23.3991],[88.7573,23.3821],[88.7621,23.3691],[88.7557,23.3585],[88.7469,23.3501],[88.7336,23.3463],[88.738,23.3315],[88.7448,23.3211],[88.7437,23.3066],[88.7324,23.3156],[88.7266,23.3045],[88.7152,23.3004],[88.7038,23.3048],[88.6968,23.2929],[88.7082,23.2879],[88.714,23.2769],[88.7237,23.2696],[88.7189,23.2563],[88.7312,23.2477],[88.7471,23.2374],[88.7621,23.2367],[88.7768,23.2327],[88.7837,23.2189],[88.7967,23.2156],[88.8126,23.2156],[88.8104,23.2276],[88.808,23.2434],[88.8179,23.251],[88.8283,23.245],[88.8226,23.2327],[88.8344,23.2374],[88.8513,23.226],[88.8667,23.2296],[88.8809,23.2263],[88.8953,23.2269],[88.9135,23.23],[88.9177,23.2149],[88.9304,23.212],[88.948,23.2034],[88.9626,23.2094],[88.9722,23.2168],[88.9844,23.2199],[88.9947,23.2124],[88.9868,23.2024],[88.9824,23.1904],[88.9687,23.1921],[88.9597,23.1837],[88.9489,23.1751],[88.9379,23.1692],[88.9321,23.156],[88.9315,23.1404],[88.9215,23.1325],[88.9113,23.1236],[88.9036,23.1138],[88.8913,23.1029],[88.8798,23.0978],[88.8693,23.0915],[88.8665,23.0788],[88.8687,23.0646],[88.8747,23.0458],[88.8785,23.0291],[88.872,23.0184],[88.8734,23.0043],[88.8579,23.0053],[88.868,22.9896],[88.8687,22.9688],[88.8615,22.9552],[88.8737,22.9511],[88.8881,22.9522],[88.8977,22.9417],[88.897,22.9267],[88.9087,22.922],[88.9088,22.908],[88.9033,22.8966],[88.9093,22.8774],[88.9216,22.8718],[88.9377,22.8691],[88.9507,22.8671],[88.9585,22.8551],[88.9667,22.8439],[88.9664,22.8289],[88.962,22.8169],[88.9588,22.8034],[88.9507,22.7921],[88.9392,22.7867],[88.9301,22.7749],[88.9218,22.766],[88.9192,22.7528],[88.9202,22.7395],[88.9265,22.729],[88.9346,22.7155],[88.9427,22.7055],[88.9592,22.6912],[88.9533,22.6802],[88.9475,22.6612],[88.9388,22.6506],[88.9271,22.6542],[88.9216,22.665],[88.9136,22.6741],[88.9025,22.6792],[88.8914,22.6736],[88.8805,22.6681],[88.8689,22.665],[88.8636,22.676],[88.8629,22.688],[88.8522,22.6937],[88.8492,22.7056],[88.8375,22.7084],[88.8256,22.7108],[88.8132,22.7102],[88.8107,22.7222],[88.8077,22.7341],[88.8106,22.7459],[88.8212,22.7391],[88.8325,22.7438],[88.841,22.7353],[88.8468,22.7461],[88.8372,22.7539],[88.8437,22.7437],[88.8317,22.7456],[88.8206,22.7408],[88.8156,22.7519],[88.8099,22.7407],[88.8065,22.7289],[88.8078,22.7164],[88.8172,22.7087],[88.8297,22.7078],[88.8418,22.7064],[88.8461,22.6951],[88.8579,22.6922],[88.8575,22.68],[88.861,22.6683],[88.8725,22.664],[88.8844,22.6664],[88.8953,22.6725],[88.9065,22.6772],[88.9147,22.6679],[88.9211,22.6575],[88.9267,22.6467],[88.9301,22.635],[88.9311,22.6229],[88.9414,22.6161],[88.9548,22.618],[88.9518,22.6063],[88.9421,22.5991],[88.9355,22.5887],[88.9368,22.5766],[88.9276,22.5686],[88.9158,22.5664],[88.9038,22.5646],[88.8923,22.5606],[88.8845,22.5514],[88.8731,22.5461],[88.8663,22.5356],[88.8671,22.5234],[88.8575,22.5159],[88.8473,22.5094],[88.8555,22.5004],[88.8626,22.4903],[88.8567,22.4796],[88.8544,22.4675],[88.8528,22.4553],[88.8596,22.4448],[88.853,22.4343],[88.8409,22.4364],[88.8284,22.4359],[88.829,22.4481],[88.818,22.4533],[88.8137,22.4647],[88.8126,22.4769],[88.8052,22.4866],[88.7967,22.4956],[88.7862,22.5019],[88.7769,22.51],[88.7824,22.5209],[88.7733,22.5291],[88.7652,22.5384],[88.7622,22.5501],[88.7635,22.5379],[88.7711,22.5286],[88.7828,22.5247],[88.7721,22.5183],[88.7608,22.5142],[88.7478,22.5161],[88.7363,22.5124],[88.7256,22.5189],[88.7149,22.5252],[88.7027,22.5264],[88.6909,22.5242],[88.6871,22.5359],[88.6795,22.5456],[88.6733,22.5559],[88.6754,22.5683],[88.6798,22.5797],[88.6779,22.5921],[88.6783,22.5801],[88.6737,22.5688],[88.6717,22.5567],[88.6775,22.5451],[88.6842,22.535],[88.6893,22.524],[88.7016,22.5242],[88.7136,22.5238],[88.7241,22.5179],[88.7336,22.51],[88.7453,22.5149],[88.7573,22.5139],[88.7691,22.5116],[88.7794,22.5048],[88.7797,22.4926],[88.7882,22.4838],[88.7929,22.4724],[88.7986,22.4618],[88.801,22.4499],[88.8073,22.4394],[88.8166,22.4313],[88.8286,22.4303],[88.8419,22.4325],[88.8502,22.4234],[88.8544,22.412],[88.8537,22.3998],[88.8464,22.3889],[88.8547,22.38],[88.8594,22.3686],[88.869,22.361],[88.8565,22.361],[88.8446,22.363],[88.8331,22.3592],[88.8205,22.3631],[88.815,22.3524],[88.8094,22.3417],[88.8039,22.3308],[88.8092,22.3199],[88.8064,22.308],[88.8031,22.296],[88.8047,22.2838],[88.7943,22.2776],[88.7923,22.2656],[88.7832,22.2572],[88.7726,22.2515],[88.7632,22.2435],[88.7539,22.2355],[88.7436,22.2292],[88.7482,22.218],[88.7456,22.2062],[88.7374,22.1974],[88.7254,22.1973],[88.7142,22.2019],[88.7039,22.2085],[88.6916,22.2098],[88.6796,22.2107],[88.6687,22.2165],[88.6567,22.2163],[88.6453,22.2122],[88.6346,22.2181],[88.6417,22.2289],[88.6525,22.2344],[88.6602,22.244],[88.6631,22.2558],[88.6676,22.267],[88.6747,22.277],[88.682,22.2866],[88.6848,22.2984],[88.6808,22.3101],[88.6792,22.3228],[88.6906,22.3267],[88.6786,22.3278],[88.6683,22.3344],[88.6725,22.3228],[88.677,22.3114],[88.6786,22.2992],[88.6754,22.2874],[88.6682,22.2778],[88.6616,22.2677],[88.6585,22.2549],[88.6518,22.2445],[88.6434,22.2352],[88.6336,22.2279],[88.6314,22.2161],[88.6405,22.2077],[88.6525,22.2077],[88.6645,22.2078],[88.6715,22.198],[88.6658,22.1872],[88.6572,22.1788],[88.6484,22.1702],[88.6414,22.1604],[88.6403,22.1472],[88.6337,22.137],[88.6255,22.128],[88.6213,22.1164],[88.6128,22.1078],[88.6086,22.1195],[88.6017,22.1294],[88.6033,22.1415],[88.6055,22.1539],[88.5981,22.1636],[88.5863,22.1668],[88.5829,22.1786],[88.5744,22.1876],[88.5816,22.1778],[88.5848,22.1659],[88.5965,22.1624],[88.6027,22.1517],[88.5991,22.1397],[88.599,22.1277],[88.6074,22.1191],[88.6074,22.107],[88.6194,22.1053],[88.622,22.0933],[88.6244,22.0812],[88.6267,22.0692],[88.6269,22.0569],[88.6346,22.0472],[88.6293,22.036],[88.6217,22.0266],[88.6102,22.0223],[88.602,22.0312],[88.6046,22.043],[88.6023,22.0552],[88.5975,22.0664],[88.6008,22.0548],[88.6026,22.0428],[88.6004,22.031],[88.6078,22.0211],[88.6115,22.0093],[88.606,21.9985],[88.6011,21.9872],[88.5988,21.9752],[88.5994,21.9631],[88.605,21.9522],[88.6119,21.9418],[88.6016,21.9356],[88.6103,21.9266],[88.6075,21.9147],[88.6003,21.905],[88.5903,21.8981],[88.5803,21.8911],[88.5736,21.9014],[88.5803,21.9144],[88.5842,21.9258],[88.5778,21.9142],[88.5658,21.9133],[88.5547,21.9181],[88.5511,21.9297],[88.5483,21.9422],[88.5436,21.9536],[88.5428,21.9656],[88.5522,21.9731],[88.5614,21.965],[88.5536,21.9745],[88.5424,21.9701],[88.5411,21.9577],[88.5446,21.9462],[88.5492,21.935],[88.5486,21.9227],[88.5579,21.9147],[88.5686,21.9084],[88.561,21.8991],[88.5501,21.9042],[88.5465,21.8923],[88.5473,21.8803],[88.5392,21.8714],[88.5381,21.8594],[88.5275,21.8531],[88.5175,21.8601],[88.5078,21.8679],[88.4978,21.8747],[88.4961,21.8867],[88.5039,21.8961],[88.5103,21.9063],[88.5208,21.9123],[88.5243,21.9241],[88.5244,21.9364],[88.5175,21.9464],[88.5068,21.9525],[88.4956,21.9575],[88.4952,21.9698],[88.5035,21.9789],[88.5142,21.9849],[88.5265,21.9866],[88.5363,21.9791],[88.5459,21.9864],[88.5505,21.9978],[88.552,22.0115],[88.5566,22.0232],[88.5548,22.0352],[88.5553,22.0228],[88.5505,22.0116],[88.5494,21.9994],[88.545,21.9882],[88.5354,21.9807],[88.5259,21.9885],[88.5135,21.9866],[88.503,21.9807],[88.4945,21.972],[88.4914,21.9598],[88.5012,21.9521],[88.5122,21.9473],[88.5214,21.9394],[88.5223,21.9274],[88.5207,21.9154],[88.5085,21.9142],[88.4962,21.9134],[88.4843,21.9103],[88.4759,21.9011],[88.4646,21.8964],[88.4565,21.9054],[88.4612,21.9165],[88.4592,21.9284],[88.453,21.9388],[88.4603,21.9486],[88.4703,21.9557],[88.461,21.9635],[88.4489,21.9639],[88.4487,21.9762],[88.4469,21.9881],[88.4503,22],[88.4583,22.009],[88.4492,22.0008],[88.4416,21.9911],[88.4478,21.9808],[88.4449,21.9688],[88.4553,21.9622],[88.4674,21.9605],[88.4603,21.9505],[88.4515,21.942],[88.4537,21.93],[88.4585,21.9188],[88.4479,21.9126],[88.437,21.9066],[88.4249,21.9075],[88.4164,21.8988],[88.4124,21.8874],[88.4005,21.8891],[88.3895,21.8943],[88.3889,21.9066],[88.4002,21.9116],[88.4078,21.921],[88.4002,21.9307],[88.3957,21.9422],[88.3976,21.9542],[88.3859,21.9582],[88.3752,21.9638],[88.3857,21.9699],[88.3728,21.9667],[88.3822,21.9586],[88.3934,21.9541],[88.3936,21.9418],[88.3973,21.93],[88.406,21.9217],[88.397,21.9132],[88.3866,21.9072],[88.3847,21.8952],[88.3949,21.8878],[88.3944,21.8754],[88.3938,21.8631],[88.393,21.8508],[88.3858,21.8394],[88.3875,21.8269],[88.3914,21.8154],[88.3924,21.8033],[88.385,21.7933],[88.373,21.7959],[88.3634,21.8037],[88.3591,21.8151],[88.3546,21.8268],[88.3559,21.8391],[88.3556,21.8512],[88.3602,21.8628],[88.3659,21.8734],[88.3685,21.8855],[88.3706,21.8974],[88.3668,21.909],[88.3606,21.9196],[88.3507,21.9274],[88.3597,21.9189],[88.3658,21.9084],[88.3692,21.8966],[88.3668,21.8846],[88.3638,21.8725],[88.3573,21.8621],[88.3462,21.8569],[88.3347,21.862],[88.3223,21.8615],[88.3117,21.8558],[88.3062,21.8665],[88.2954,21.8611],[88.2834,21.858],[88.2711,21.8574],[88.2593,21.8599],[88.2567,21.8719],[88.2652,21.8813],[88.256,21.8729],[88.2568,21.8608],[88.2681,21.8565],[88.2803,21.8559],[88.2924,21.8589],[88.3044,21.8562],[88.3134,21.8482],[88.3097,21.8366],[88.3011,21.8278],[88.2891,21.8251],[88.2771,21.8219],[88.2661,21.8158],[88.2586,21.8063],[88.2611,21.7945],[88.2664,21.7836],[88.2738,21.7735],[88.2819,21.7644],[88.2701,21.7671],[88.2628,21.777],[88.2549,21.7862],[88.2532,21.7984],[88.2537,21.7863],[88.2613,21.7766],[88.2687,21.7669],[88.2799,21.7608],[88.2785,21.7486],[88.2733,21.7376],[88.2732,21.7498],[88.2634,21.7571],[88.2513,21.7581],[88.2395,21.7603],[88.2274,21.7633],[88.2178,21.771],[88.2156,21.7833],[88.2112,21.7945],[88.2069,21.8058],[88.2018,21.817],[88.1958,21.8275],[88.1878,21.8383],[88.1793,21.8472],[88.1742,21.8581],[88.1689,21.8689],[88.1636,21.8797],[88.1659,21.8917],[88.1702,21.903],[88.1745,21.9147],[88.1769,21.9272],[88.1704,21.9373],[88.1611,21.9451],[88.1546,21.9558],[88.1597,21.9669],[88.1701,21.9735],[88.1786,21.982],[88.1859,21.9919],[88.1936,22.0014],[88.2003,22.0114],[88.2072,22.0219],[88.2131,22.0328],[88.2156,22.0458],[88.2186,22.0575],[88.2222,22.0692],[88.2242,22.0819],[88.2233,22.0944],[88.2203,22.1061],[88.2164,22.1186],[88.2114,22.1297],[88.2114,22.1425],[88.2086,22.1542],[88.2036,22.1653],[88.1964,22.1753],[88.1891,22.185],[88.1792,22.1922],[88.1678,22.1967],[88.1556,22.1986],[88.1439,22.2014],[88.1317,22.2025],[88.12,22.2075],[88.1067,22.2094],[88.093,22.2092],[88.0792,22.2094],[88.0747,22.2211],[88.0828,22.2314],[88.0869,22.2431],[88.0881,22.2558],[88.0911,22.2681],[88.0989,22.2806],[88.1039,22.2925],[88.105,22.3047],[88.0925,22.3023],[88.0836,22.2931],[88.0786,22.2819],[88.0761,22.2694],[88.0747,22.2569],[88.0706,22.245],[88.0636,22.235],[88.0525,22.2239],[88.0406,22.2217],[88.0278,22.2219],[88.0172,22.2278],[88.0061,22.2328],[87.9939,22.2388],[87.984,22.2465],[87.9766,22.2563],[87.9695,22.2664],[87.9627,22.2767],[87.9587,22.2883],[87.9603,22.3007],[87.9581,22.3127],[87.9575,22.3248],[87.9577,22.3368],[87.9582,22.3491],[87.9569,22.3614],[87.9539,22.3734],[87.9499,22.3851],[87.9492,22.3994],[87.9414,22.4089],[87.9314,22.4164],[87.9267,22.4275],[87.9158,22.435],[87.9037,22.4352],[87.8917,22.4359],[87.8947,22.4236],[87.9081,22.4217],[87.9194,22.4136],[87.9283,22.4047],[87.9331,22.3925],[87.9372,22.3808],[87.9411,22.3692],[87.9419,22.357],[87.9481,22.3464],[87.947,22.3344],[87.9419,22.3231],[87.9336,22.3322],[87.9353,22.32],[87.9339,22.3075],[87.9356,22.2947],[87.9355,22.2822],[87.9369,22.27],[87.9422,22.2583],[87.9518,22.2511],[87.9613,22.2433],[87.9715,22.2366],[87.9748,22.2249],[87.9825,22.2153],[87.9927,22.2087],[88.0042,22.2044],[88.0158,22.2003],[88.0278,22.2031],[88.0389,22.2078],[88.0522,22.2028],[88.0608,22.1936],[88.0714,22.1878],[88.0836,22.1872],[88.0956,22.1906],[88.1081,22.1911],[88.1203,22.1883],[88.1339,22.1856],[88.1422,22.1764],[88.1483,22.1653],[88.1578,22.1539],[88.1672,22.1436],[88.1745,22.1339],[88.1833,22.1244],[88.1917,22.115],[88.19,22.1025],[88.1833,22.0917],[88.1739,22.0808],[88.1653,22.0722],[88.1553,22.0644],[88.1444,22.0583],[88.1333,22.0531],[88.1225,22.0475],[88.1114,22.04],[88.1017,22.0328],[88.0911,22.0267],[88.0794,22.0208],[88.0675,22.015],[88.0542,22.0211],[88.0447,22.0289],[88.0344,22.0389],[88.0269,22.0486],[88.0339,22.0586],[88.0272,22.0686],[88.0175,22.0769],[88.0078,22.0842],[87.997,22.0911],[87.9919,22.1025],[87.9799,22.1045],[87.9664,22.1042],[87.975,22.0956],[87.9864,22.0917],[87.9952,22.0832],[88.0047,22.0756],[88.0128,22.0664],[88.0156,22.0547],[88.0169,22.0425],[88.0247,22.0333],[88.0336,22.0242],[88.0447,22.0186],[88.0528,22.0095],[88.0456,21.9995],[88.0403,21.9883],[88.0348,21.9775],[88.03,21.9661],[88.0244,21.9553],[88.0192,21.9433],[88.0146,21.9322],[88.0106,21.9206],[88.0061,21.9094],[88,21.8986],[87.9939,21.8878],[87.9881,21.8767],[87.9827,21.8658],[87.9775,21.8547],[87.9676,21.8461],[87.959,21.8376],[87.95,21.8294],[87.9411,21.8208],[87.9336,21.8108],[87.9283,21.8],[87.9164,21.7983],[87.9042,21.7957],[87.8925,21.7925],[87.8928,21.78],[87.8822,21.7717],[87.8744,21.7622],[87.8825,21.7744],[87.8729,21.7669],[87.8633,21.7595],[87.8522,21.7503],[87.8428,21.7428],[87.8331,21.7356],[87.8217,21.7245],[87.8169,21.7133],[87.8075,21.7046],[87.7964,21.6983],[87.7848,21.6948],[87.7728,21.6944],[87.7611,21.6972],[87.7497,21.6931],[87.7439,21.6825],[87.7336,21.6751],[87.7225,21.6703],[87.7114,21.6653],[87.7,21.6614],[87.6886,21.6575],[87.6765,21.6537],[87.6644,21.6511],[87.65,21.6486],[87.6449,21.6596],[87.6353,21.6521],[87.6248,21.6456],[87.6128,21.6439],[87.6008,21.6413],[87.589,21.6391],[87.5771,21.6362],[87.565,21.6338],[87.553,21.6361],[87.5436,21.6283],[87.5317,21.6245],[87.5201,21.6213],[87.5084,21.6183],[87.4969,21.6147],[87.4846,21.6102],[87.4821,21.6259],[87.4707,21.6431],[87.4586,21.6449],[87.4604,21.6571],[87.4635,21.6688],[87.4684,21.6838],[87.4693,21.6985],[87.4626,21.7171],[87.4542,21.7294],[87.4456,21.7379],[87.4425,21.7553],[87.4314,21.7644],[87.4121,21.7638],[87.3999,21.7626],[87.3833,21.7709],[87.3731,21.762],[87.3678,21.7746],[87.355,21.7793],[87.3445,21.786],[87.3301,21.7877],[87.3173,21.7857],[87.3061,21.7939],[87.2945,21.7984],[87.2806,21.7992],[87.2738,21.8117],[87.2635,21.825],[87.2571,21.8414],[87.2448,21.8564],[87.2473,21.8717],[87.2348,21.8956],[87.2394,21.9068],[87.2505,21.9152],[87.2354,21.9337],[87.2323,21.9465],[87.2256,21.9571],[87.2096,21.9574],[87.1951,21.9536],[87.175,21.9662],[87.1606,21.9624],[87.1598,21.9491],[87.1599,21.9339],[87.1478,21.9259],[87.1368,21.918],[87.1235,21.9202],[87.1103,21.918],[87.0996,21.911],[87.091,21.8992],[87.0961,21.8862],[87.0929,21.8742],[87.0946,21.8603],[87.0777,21.8598],[87.0621,21.8602],[87.0302,21.8653],[87.02,21.8857],[87.0048,21.8955],[86.9979,21.9075],[87.0025,21.9224],[87.0041,21.9354],[87.0149,21.9533],[87.0203,21.9684],[87.0309,21.9788],[87.032,21.9957],[87.0223,22.0121],[87.026,22.0287],[87.0176,22.0413],[87.0047,22.0428],[86.9905,22.0494],[86.9719,22.0663],[86.9671,22.0778],[86.952,22.0813],[86.932,22.0858],[86.9088,22.0864],[86.8479,22.0984],[86.832,22.0951],[86.8254,22.1086],[86.8122,22.1137],[86.8066,22.1254],[86.7993,22.1391],[86.7903,22.1539],[86.7769,22.149],[86.7567,22.1452],[86.7395,22.1451],[86.7228,22.1427],[86.7152,22.1587],[86.7153,22.1744],[86.7161,22.1938],[86.72,22.2102],[86.7338,22.2112],[86.7478,22.208],[86.767,22.2113],[86.7746,22.2234],[86.7868,22.2293],[86.776,22.2138],[86.7914,22.2175],[86.8092,22.2331],[86.7928,22.2387],[86.7907,22.2532],[86.8006,22.2619],[86.7964,22.2499],[86.809,22.2465],[86.8113,22.2595],[86.8284,22.2592],[86.8413,22.2571],[86.8542,22.2568],[86.869,22.2546],[86.8857,22.2521],[86.8856,22.2689],[86.8885,22.2814],[86.8862,22.2941],[86.8726,22.2988],[86.8472,22.3132],[86.8292,22.3246],[86.8301,22.3384],[86.8363,22.3609],[86.8382,22.3786],[86.8449,22.3923],[86.8309,22.4064],[86.8184,22.4123],[86.8053,22.4165],[86.789,22.4183],[86.7693,22.4216],[86.7579,22.4357],[86.7515,22.4507],[86.7451,22.4705],[86.7533,22.4801],[86.7695,22.4759],[86.7825,22.4774],[86.7956,22.4797],[86.791,22.4936],[86.7896,22.5076],[86.7897,22.5204],[86.7853,22.5324],[86.7779,22.5454],[86.7645,22.5506],[86.7634,22.5646],[86.756,22.5743],[86.7277,22.5746],[86.706,22.5804],[86.6834,22.5768],[86.6614,22.5744],[86.6493,22.582],[86.639,22.5938],[86.6324,22.61],[86.6351,22.6227],[86.6355,22.6472],[86.6304,22.6625],[86.6179,22.6734],[86.6029,22.6798],[86.5912,22.6886],[86.574,22.6946],[86.5551,22.7079],[86.5393,22.7206],[86.5202,22.7179],[86.5081,22.7082],[86.4965,22.7155],[86.4816,22.7247],[86.47,22.7374],[86.454,22.7596],[86.4398,22.7627],[86.4289,22.7684],[86.4162,22.7765],[86.418,22.7898],[86.4216,22.8088],[86.4339,22.8286],[86.4332,22.8406],[86.4328,22.8605],[86.4469,22.8588],[86.4493,22.8771],[86.463,22.8966],[86.4485,22.9019],[86.4324,22.9158],[86.4371,22.9273],[86.451,22.9305],[86.4621,22.9442],[86.4744,22.9488],[86.4838,22.9382],[86.4958,22.9413],[86.5076,22.9454],[86.5234,22.9487],[86.5266,22.9609],[86.5377,22.9658],[86.5403,22.9872],[86.5208,22.9728],[86.4999,22.9685],[86.4973,22.9831],[86.4794,22.9888],[86.4662,22.9886],[86.4511,22.9876],[86.4317,22.9903],[86.4163,22.9948],[86.4003,22.9831],[86.3873,22.9767],[86.3804,22.9907],[86.3632,22.9927],[86.3505,22.9892],[86.3347,22.9894],[86.3153,22.9956],[86.3021,23.0034],[86.292,23.0101],[86.2794,23.0107],[86.265,23.0004],[86.2509,22.995],[86.2386,22.9949],[86.217,22.9916],[86.2038,22.9979],[86.2002,23.0097],[86.1812,23.013],[86.1725,23.0231],[86.1623,23.0338],[86.15,23.0409],[86.146,23.0557],[86.1346,23.0629],[86.138,23.0805],[86.1274,23.0891],[86.1157,23.0936],[86.0971,23.0917],[86.0836,23.0986],[86.07,23.1014],[86.048,23.1087],[86.0465,23.1207],[86.042,23.136],[86.0323,23.1451],[86.018,23.1405],[86.0061,23.1449],[85.9901,23.1463],[85.9705,23.14],[85.9563,23.1395],[85.9467,23.1309],[85.9258,23.1307],[85.9116,23.1336],[85.9004,23.1481],[85.8864,23.1534],[85.8766,23.1613],[85.8598,23.1924],[85.8439,23.1941],[85.8316,23.1951],[85.8307,23.2106],[85.8307,23.2432],[85.8264,23.2631],[85.8337,23.2807],[85.8445,23.2896],[85.8579,23.3011],[85.8608,23.315],[85.8752,23.3207],[85.8709,23.3525],[85.8663,23.3648],[85.8853,23.3738],[85.8848,23.3873],[85.8773,23.4004],[85.8629,23.41],[85.8609,23.4282],[85.8598,23.4416],[85.8621,23.455],[85.866,23.4702],[85.8776,23.4759],[85.8913,23.476],[85.9064,23.4718],[85.9175,23.4624],[85.9379,23.4551],[85.9529,23.4596],[85.9678,23.4654],[85.9904,23.4764],[86.0056,23.4827],[86.0204,23.4879],[86.0358,23.4903],[86.0515,23.499],[86.0328,23.5048],[86.0327,23.518],[86.0251,23.5317],[86.0185,23.5424],[86.011,23.5612],[86.0251,23.5723],[86.0374,23.5835],[86.0513,23.5789],[86.0653,23.5807],[86.0728,23.5682],[86.088,23.5676],[86.1015,23.5739],[86.1194,23.5739],[86.1317,23.5662],[86.1448,23.5678],[86.1485,23.5555],[86.1497,23.5412],[86.1429,23.5273],[86.1546,23.5191],[86.1551,23.5042],[86.1452,23.494],[86.1433,23.4813],[86.1679,23.4761],[86.1788,23.4677],[86.1918,23.4644],[86.2033,23.4587],[86.221,23.456],[86.2253,23.4699],[86.2387,23.4697],[86.2352,23.456],[86.225,23.4428],[86.2311,23.4295],[86.2432,23.4196],[86.2479,23.4308],[86.2578,23.4382],[86.2735,23.4389],[86.2824,23.4275],[86.3,23.4201],[86.3133,23.4261],[86.3058,23.4362],[86.3065,23.4482],[86.3212,23.4545],[86.3314,23.4472],[86.3379,23.4611],[86.3518,23.4636],[86.3555,23.4816],[86.3685,23.484],[86.3537,23.4964],[86.3571,23.5103],[86.367,23.5189],[86.3597,23.5307],[86.358,23.5431],[86.3648,23.5571],[86.3749,23.5685],[86.3822,23.5789],[86.3894,23.5888],[86.4062,23.588],[86.4136,23.6013],[86.4273,23.6103],[86.4396,23.6091],[86.4379,23.6242],[86.4664,23.6296],[86.4813,23.635],[86.5017,23.6316],[86.5237,23.6284],[86.5374,23.6346],[86.552,23.6401],[86.5652,23.6463],[86.5831,23.6588],[86.5916,23.6712],[86.6158,23.6716],[86.6333,23.6757],[86.6488,23.6829],[86.6687,23.6861],[86.6833,23.6897],[86.711,23.6972],[86.7317,23.6938],[86.7359,23.6791],[86.7585,23.6785],[86.7727,23.6819],[86.792,23.6874],[86.7935,23.706],[86.8045,23.7399],[86.8161,23.7448],[86.8198,23.7611],[86.8167,23.7761],[86.8084,23.7883],[86.7977,23.7977],[86.801,23.8133],[86.7922,23.8273],[86.8065,23.8281],[86.8093,23.8141],[86.8259,23.8132],[86.8444,23.8219],[86.8545,23.8325],[86.8712,23.8442],[86.8733,23.8272],[86.8769,23.8134],[86.8877,23.8222],[86.8848,23.8344],[86.8823,23.8566],[86.8846,23.8734],[86.895,23.88],[86.9242,23.8659],[86.9254,23.8538],[86.9364,23.8449],[86.9512,23.8459],[86.9577,23.8591],[86.9719,23.8628],[86.9946,23.8535],[87.0135,23.8469],[87.0344,23.8368],[87.0569,23.8163],[87.0728,23.8123],[87.0845,23.8053],[87.1059,23.7995],[87.1242,23.795],[87.1392,23.8001],[87.1536,23.7985],[87.1664,23.8196],[87.154,23.8257],[87.1458,23.8366],[87.1377,23.8458],[87.1294,23.8549],[87.1309,23.867],[87.1475,23.8627],[87.1667,23.8605],[87.1766,23.8525],[87.1957,23.8543],[87.1886,23.8408],[87.1994,23.8475],[87.2128,23.8503],[87.2225,23.8576],[87.2362,23.8531],[87.228,23.8429],[87.2186,23.8308],[87.2291,23.823],[87.2427,23.8262],[87.2552,23.8393],[87.2474,23.8513],[87.249,23.8658],[87.2444,23.8781],[87.2461,23.8949],[87.2482,23.907],[87.2599,23.9021],[87.2641,23.88],[87.2783,23.8819],[87.2926,23.8901],[87.2877,23.9202],[87.2851,23.9339],[87.2905,23.9475],[87.2781,23.9576],[87.2645,23.9635],[87.2607,23.9781],[87.2621,23.9951],[87.2501,23.9958],[87.2406,24.0057],[87.2354,24.0175],[87.2335,24.0327],[87.2436,24.0421],[87.2578,24.0355],[87.2743,24.0318],[87.2862,24.0272],[87.3037,24.0294],[87.32,24.0314],[87.3324,24.031],[87.3323,24.0175],[87.3205,24.0093],[87.324,23.9971],[87.3373,23.995],[87.3502,23.997],[87.3566,24.0092],[87.374,24.0066],[87.3898,24.002],[87.4003,23.9939],[87.4145,23.9908],[87.4274,23.9879],[87.4366,23.9792],[87.449,23.9843],[87.4584,23.9935],[87.4468,24.0006],[87.4368,24.0078],[87.4485,24.0163],[87.4621,24.0131],[87.4762,24.013],[87.4885,24.0193],[87.5014,24.0223],[87.509,24.0347],[87.5043,24.0462],[87.4912,24.052],[87.4925,24.0647],[87.5012,24.0733],[87.4932,24.0846],[87.4937,24.0972],[87.4931,24.1119],[87.5072,24.1113],[87.5199,24.1059],[87.5307,24.0992],[87.5392,24.0878],[87.5526,24.0845],[87.5667,24.0864],[87.5695,24.101],[87.5778,24.1104],[87.5817,24.1234],[87.5954,24.1249],[87.6076,24.1289],[87.5979,24.138],[87.586,24.1475],[87.5714,24.1544],[87.5841,24.1615],[87.5996,24.1605],[87.6161,24.1647],[87.6316,24.1603],[87.6458,24.1538],[87.6636,24.1543],[87.6802,24.148],[87.6925,24.1545],[87.6965,24.1672],[87.694,24.182],[87.6835,24.1891],[87.6738,24.2005],[87.659,24.2074],[87.6451,24.208],[87.6415,24.2196],[87.6395,24.2347],[87.6417,24.2499],[87.6519,24.2402],[87.6654,24.2435],[87.6779,24.2465],[87.6887,24.2556],[87.7026,24.2599],[87.7054,24.2717],[87.7101,24.2866],[87.724,24.2875],[87.7364,24.2889],[87.7457,24.2998],[87.7585,24.3078],[87.7625,24.3207],[87.7612,24.3333],[87.7694,24.3454],[87.7792,24.3571],[87.7877,24.3717],[87.7975,24.3822],[87.7926,24.3964],[87.8043,24.4035],[87.8052,24.4181],[87.793,24.4106],[87.7922,24.4238],[87.791,24.4378],[87.8009,24.4474],[87.8149,24.4513],[87.8166,24.4655],[87.8091,24.4766],[87.8169,24.4861],[87.8118,24.499],[87.8067,24.5106],[87.803,24.4986],[87.7997,24.5117],[87.7976,24.5246],[87.7975,24.5387],[87.8048,24.5492],[87.7962,24.5624],[87.7857,24.5686],[87.7732,24.5719],[87.7797,24.5821],[87.7951,24.5797],[87.809,24.5762],[87.8202,24.5684],[87.827,24.5582],[87.8411,24.5544],[87.8538,24.556],[87.8659,24.5608],[87.8807,24.563],[87.8899,24.5719],[87.8974,24.5825],[87.9087,24.5912],[87.9077,24.6044],[87.8935,24.6083],[87.8812,24.607],[87.8938,24.613],[87.9018,24.6226],[87.8871,24.6245],[87.9,24.6294],[87.908,24.6421],[87.9101,24.6549],[87.9032,24.667],[87.8904,24.6703],[87.8927,24.6857],[87.899,24.6997],[87.9031,24.7119],[87.8957,24.723],[87.8842,24.7335],[87.8709,24.73],[87.8523,24.7349],[87.8397,24.7382],[87.8253,24.7522],[87.8181,24.766],[87.8284,24.7767],[87.8337,24.7879],[87.834,24.7746],[87.8425,24.7629],[87.8545,24.7643],[87.8654,24.7743],[87.8681,24.7871],[87.8775,24.798],[87.8721,24.8119],[87.8817,24.8204],[87.8962,24.8226],[87.8957,24.8396],[87.889,24.8529],[87.9112,24.8559],[87.9287,24.8659],[87.9446,24.8727],[87.9612,24.8791],[87.9722,24.8914],[87.9723,24.9034],[87.9704,24.9161],[87.9665,24.9296],[87.9563,24.9414],[87.9462,24.9489],[87.9303,24.9618],[87.9185,24.9729],[87.9065,24.9858],[87.9034,24.9984],[87.8929,25.0089],[87.8808,25.0205],[87.8643,25.0399],[87.8426,25.0522],[87.8202,25.0615],[87.7999,25.0712],[87.7799,25.0874],[87.7727,25.0991],[87.7698,25.1147],[87.7693,25.127],[87.771,25.1523],[87.779,25.1769],[87.7847,25.1996],[87.7876,25.2205],[87.8013,25.2182],[87.8212,25.2081],[87.8323,25.2008],[87.8338,25.2134],[87.8228,25.2343],[87.8323,25.2446],[87.8416,25.2536],[87.85,25.2673],[87.8565,25.2778],[87.8533,25.2894],[87.8404,25.2984],[87.8289,25.3034],[87.8204,25.3128],[87.8016,25.3234],[87.784,25.3324],[87.7849,25.3446],[87.7888,25.3722],[87.7767,25.3708],[87.7657,25.378],[87.7631,25.3956],[87.7598,25.4101],[87.7724,25.4149],[87.7701,25.4288],[87.7796,25.4366],[87.7865,25.4487],[87.7983,25.4419],[87.8086,25.4342],[87.8209,25.4398],[87.8273,25.4516],[87.8338,25.4646],[87.8496,25.465],[87.8635,25.4654],[87.8605,25.4778],[87.8635,25.4934],[87.8814,25.5056],[87.8853,25.5171],[87.895,25.5099],[87.903,25.5191],[87.9146,25.5252],[87.9241,25.5356],[87.938,25.5353],[87.9524,25.5365],[87.9641,25.5331],[87.9723,25.5232],[87.986,25.5248],[87.985,25.5081],[87.9928,25.4979],[88.0042,25.494],[88.0075,25.5104],[88.0157,25.5005],[88.0287,25.489],[88.0421,25.4854],[88.0558,25.4839],[88.0704,25.4805],[88.0681,25.4968],[88.0649,25.5085],[88.0575,25.5257],[88.0461,25.5343],[88.0379,25.5462],[88.027,25.5533],[88.0382,25.5639],[88.0253,25.5691],[88.0219,25.5829],[88.0312,25.591],[88.0361,25.6024],[88.0372,25.6156],[88.0438,25.6282],[88.0358,25.641],[88.0485,25.6439],[88.0489,25.658],[88.0431,25.6739],[88.0508,25.6858],[88.0399,25.6981],[88.0268,25.6989],[88.0162,25.6917],[88.0167,25.7047],[88.002,25.7091],[87.9926,25.7191],[87.9797,25.7185],[87.961,25.7247],[87.951,25.7386],[87.9386,25.7485],[87.9373,25.7679],[87.9187,25.774],[87.905,25.772],[87.898,25.7993],[87.8993,25.8116],[87.8939,25.8251],[87.8973,25.8396],[87.9109,25.8517],[87.8995,25.8598],[87.8848,25.8647],[87.8722,25.8597],[87.8559,25.8647],[87.8431,25.8687],[87.8228,25.8715],[87.8171,25.8833],[87.8189,25.8972],[87.8173,25.9092],[87.8038,25.9121],[87.8057,25.9284],[87.8179,25.933],[87.8299,25.9355],[87.8239,25.9465],[87.8254,25.9587],[87.8299,25.9719],[87.8262,25.9837],[87.8333,26.0011],[87.8406,26.0198],[87.8417,26.0323],[87.8421,26.0445],[87.8633,26.0561],[87.8777,26.0579],[87.8847,26.0715],[87.8957,26.0799],[87.9129,26.091],[87.9219,26.0769],[87.9311,26.069],[87.9369,26.0798],[87.9505,26.083],[87.964,26.0833],[87.9577,26.0971],[87.9694,26.1093],[87.9756,26.1216],[87.9587,26.1257],[87.971,26.1371],[87.9633,26.1489],[87.9748,26.1529],[87.9884,26.1486],[87.9991,26.1404],[88.0131,26.1409],[88.0117,26.1548],[88.0266,26.1628],[88.0323,26.1735],[88.0462,26.1779],[88.0586,26.1738],[88.0714,26.1788],[88.0816,26.1924],[88.0897,26.2032],[88.1025,26.2122],[88.116,26.223],[88.1311,26.2268],[88.1374,26.2438],[88.1588,26.2569],[88.1769,26.2617],[88.1834,26.2747],[88.2041,26.2796],[88.215,26.2849],[88.2268,26.2966],[88.2318,26.3104],[88.2447,26.3163],[88.2537,26.3278],[88.2611,26.3379],[88.2724,26.3305],[88.2817,26.3398],[88.2891,26.3511],[88.274,26.3773],[88.2616,26.38],[88.2451,26.376],[88.2317,26.3849],[88.2358,26.3962],[88.2554,26.4159],[88.2683,26.4179],[88.2596,26.4307],[88.2484,26.4388],[88.2366,26.4493],[88.2246,26.4557],[88.2153,26.4657],[88.226,26.472],[88.2132,26.4778],[88.1938,26.472],[88.183,26.4853],[88.1863,26.5001],[88.1998,26.5107],[88.2187,26.5237],[88.2334,26.5324],[88.2312,26.552],[88.2154,26.5573],[88.2208,26.5463],[88.2097,26.5407],[88.1967,26.5436],[88.1824,26.5429],[88.1787,26.5309],[88.1683,26.5374],[88.1654,26.5216],[88.1509,26.5169],[88.1377,26.5142],[88.1235,26.5201],[88.1151,26.5302],[88.1055,26.539],[88.1101,26.5502],[88.1133,26.5618],[88.1202,26.5743],[88.1327,26.5733],[88.1324,26.5859],[88.1337,26.5989],[88.1446,26.6255],[88.1572,26.6302],[88.1656,26.6457],[88.1675,26.67],[88.1705,26.6836],[88.17,26.6989],[88.1799,26.7107],[88.1849,26.7271],[88.1891,26.7401],[88.1885,26.7565],[88.1905,26.7714],[88.1802,26.8033],[88.1815,26.8162],[88.1743,26.829],[88.1711,26.8415],[88.1767,26.854],[88.1745,26.8689],[88.1643,26.8806],[88.1497,26.8882],[88.1389,26.8984],[88.1469,26.9158],[88.14,26.931],[88.123,26.9501],[88.1245,26.965],[88.1332,26.9803],[88.1208,26.9871],[88.1115,26.9948],[88.1018,27.0034],[88.0911,27.0153],[88.0856,27.0286],[88.0724,27.0313],[88.0585,27.0322],[88.0429,27.0364],[88.0302,27.0507],[88.0252,27.0628],[88.019,27.0732],[88.0237,27.0874],[88.0144,27.0971],[88.0043,27.1047],[87.9919,27.1163],[87.9938,27.1305],[88.0032,27.14],[88.0129,27.1544],[88.0169,27.1666],[88.0162,27.1791],[88.0186,27.1929],[88.0183,27.2106],[88.0329,27.221],[88.0468,27.2161],[88.0617,27.2113],[88.075,27.2008],[88.0675,27.1903],[88.0723,27.1793],[88.0787,27.1679],[88.083,27.1489],[88.0927,27.1363],[88.1233,27.1238],[88.1269,27.1231]]]]}}]}